run,time,repetition,Module,packetDropQueueOverflow:count
NO_VOIP_ISDN_rpt03_scenario_01-0-20200702-14:34:26-11980,1000,0,Exercise7.accessRouter[0].ppp[1].ppp.queue,322
NO_VOIP_ISDN_rpt03_scenario_01-0-20200702-14:34:26-11980,1000,0,Exercise7.accessRouter[0].ppp[2].ppp.queue,334
NO_VOIP_ISDN_rpt03_scenario_01-0-20200702-14:34:26-11980,1000,0,Exercise7.accessRouter[0].ppp[3].ppp.queue,366
NO_VOIP_ISDN_rpt03_scenario_01-0-20200702-14:34:26-11980,1000,0,Exercise7.accessRouter[0].ppp[4].ppp.queue,343
NO_VOIP_ISDN_rpt03_scenario_01-0-20200702-14:34:26-11980,1000,0,Exercise7.accessRouter[0].ppp[5].ppp.queue,448
NO_VOIP_ISDN_rpt03_scenario_01-0-20200702-14:34:26-11980,1000,0,Exercise7.accessRouter[0].ppp[6].ppp.queue,320
NO_VOIP_ISDN_rpt03_scenario_01-0-20200702-14:34:26-11980,1000,0,Exercise7.accessRouter[0].ppp[7].ppp.queue,389
NO_VOIP_ISDN_rpt03_scenario_01-0-20200702-14:34:26-11980,1000,0,Exercise7.accessRouter[0].ppp[8].ppp.queue,227
NO_VOIP_ISDN_rpt03_scenario_01-0-20200702-14:34:26-11980,1000,0,Exercise7.accessRouter[0].ppp[9].ppp.queue,399
NO_VOIP_ISDN_rpt03_scenario_01-0-20200702-14:34:26-11980,1000,0,Exercise7.accessRouter[0].ppp[10].ppp.queue,448
NO_VOIP_ISDN_rpt03_scenario_01-0-20200702-14:34:26-11980,1000,0,Exercise7.accessRouter[0].ppp[11].ppp.queue,232
NO_VOIP_ISDN_rpt03_scenario_01-0-20200702-14:34:26-11980,1000,0,Exercise7.accessRouter[0].ppp[12].ppp.queue,413
NO_VOIP_ISDN_rpt03_scenario_01-0-20200702-14:34:26-11980,1000,0,Exercise7.accessRouter[0].ppp[13].ppp.queue,346
NO_VOIP_ISDN_rpt03_scenario_01-0-20200702-14:34:26-11980,1000,0,Exercise7.accessRouter[0].ppp[14].ppp.queue,341
NO_VOIP_ISDN_rpt03_scenario_01-0-20200702-14:34:26-11980,1000,0,Exercise7.accessRouter[0].ppp[15].ppp.queue,435
NO_VOIP_ISDN_rpt03_scenario_01-0-20200702-14:34:26-11980,1000,0,Exercise7.accessRouter[0].ppp[16].ppp.queue,487
NO_VOIP_ISDN_rpt03_scenario_01-0-20200702-14:34:26-11980,1000,0,Exercise7.accessRouter[0].ppp[17].ppp.queue,336
NO_VOIP_ISDN_rpt03_scenario_01-0-20200702-14:34:26-11980,1000,0,Exercise7.accessRouter[0].ppp[18].ppp.queue,332
NO_VOIP_ISDN_rpt03_scenario_01-0-20200702-14:34:26-11980,1000,0,Exercise7.accessRouter[0].ppp[19].ppp.queue,237
NO_VOIP_ISDN_rpt03_scenario_01-0-20200702-14:34:26-11980,1000,0,Exercise7.accessRouter[0].ppp[20].ppp.queue,401
NO_VOIP_ISDN_rpt03_scenario_01-0-20200702-14:34:26-11980,1000,0,Exercise7.accessRouter[0].ppp[21].ppp.queue,431
NO_VOIP_ISDN_rpt03_scenario_01-0-20200702-14:34:26-11980,1000,0,Exercise7.accessRouter[0].ppp[22].ppp.queue,430
NO_VOIP_ISDN_rpt03_scenario_01-0-20200702-14:34:26-11980,1000,0,Exercise7.accessRouter[0].ppp[23].ppp.queue,204
NO_VOIP_ISDN_rpt03_scenario_01-0-20200702-14:34:26-11980,1000,0,Exercise7.accessRouter[0].ppp[24].ppp.queue,342
NO_VOIP_ISDN_rpt03_scenario_01-0-20200702-14:34:26-11980,1000,0,Exercise7.accessRouter[0].ppp[25].ppp.queue,234
NO_VOIP_ISDN_rpt03_scenario_01-0-20200702-14:34:26-11980,1000,0,Exercise7.accessRouter[1].ppp[1].ppp.queue,445
NO_VOIP_ISDN_rpt03_scenario_01-0-20200702-14:34:26-11980,1000,0,Exercise7.accessRouter[1].ppp[2].ppp.queue,320
NO_VOIP_ISDN_rpt03_scenario_01-0-20200702-14:34:26-11980,1000,0,Exercise7.accessRouter[1].ppp[3].ppp.queue,403
NO_VOIP_ISDN_rpt03_scenario_01-0-20200702-14:34:26-11980,1000,0,Exercise7.accessRouter[1].ppp[4].ppp.queue,461
NO_VOIP_ISDN_rpt03_scenario_01-0-20200702-14:34:26-11980,1000,0,Exercise7.accessRouter[1].ppp[5].ppp.queue,366
NO_VOIP_ISDN_rpt03_scenario_01-0-20200702-14:34:26-11980,1000,0,Exercise7.accessRouter[1].ppp[6].ppp.queue,343
NO_VOIP_ISDN_rpt03_scenario_01-0-20200702-14:34:26-11980,1000,0,Exercise7.accessRouter[1].ppp[7].ppp.queue,449
NO_VOIP_ISDN_rpt03_scenario_01-0-20200702-14:34:26-11980,1000,0,Exercise7.accessRouter[1].ppp[8].ppp.queue,263
NO_VOIP_ISDN_rpt03_scenario_01-0-20200702-14:34:26-11980,1000,0,Exercise7.accessRouter[1].ppp[9].ppp.queue,308
NO_VOIP_ISDN_rpt03_scenario_01-0-20200702-14:34:26-11980,1000,0,Exercise7.accessRouter[1].ppp[10].ppp.queue,421
NO_VOIP_ISDN_rpt03_scenario_01-0-20200702-14:34:26-11980,1000,0,Exercise7.accessRouter[1].ppp[11].ppp.queue,372
NO_VOIP_ISDN_rpt03_scenario_01-0-20200702-14:34:26-11980,1000,0,Exercise7.accessRouter[1].ppp[12].ppp.queue,348
NO_VOIP_ISDN_rpt03_scenario_01-0-20200702-14:34:26-11980,1000,0,Exercise7.accessRouter[1].ppp[13].ppp.queue,367
NO_VOIP_ISDN_rpt03_scenario_01-0-20200702-14:34:26-11980,1000,0,Exercise7.accessRouter[1].ppp[14].ppp.queue,311
NO_VOIP_ISDN_rpt03_scenario_01-0-20200702-14:34:26-11980,1000,0,Exercise7.accessRouter[1].ppp[15].ppp.queue,270
NO_VOIP_ISDN_rpt03_scenario_01-0-20200702-14:34:26-11980,1000,0,Exercise7.accessRouter[1].ppp[16].ppp.queue,378
NO_VOIP_ISDN_rpt03_scenario_01-0-20200702-14:34:26-11980,1000,0,Exercise7.accessRouter[1].ppp[17].ppp.queue,266
NO_VOIP_ISDN_rpt03_scenario_01-0-20200702-14:34:26-11980,1000,0,Exercise7.accessRouter[1].ppp[18].ppp.queue,430
NO_VOIP_ISDN_rpt03_scenario_01-0-20200702-14:34:26-11980,1000,0,Exercise7.accessRouter[1].ppp[19].ppp.queue,508
NO_VOIP_ISDN_rpt03_scenario_01-0-20200702-14:34:26-11980,1000,0,Exercise7.accessRouter[1].ppp[20].ppp.queue,369
NO_VOIP_ISDN_rpt03_scenario_01-0-20200702-14:34:26-11980,1000,0,Exercise7.accessRouter[1].ppp[21].ppp.queue,424
NO_VOIP_ISDN_rpt03_scenario_01-0-20200702-14:34:26-11980,1000,0,Exercise7.accessRouter[1].ppp[22].ppp.queue,378
NO_VOIP_ISDN_rpt03_scenario_01-0-20200702-14:34:26-11980,1000,0,Exercise7.accessRouter[1].ppp[23].ppp.queue,362
NO_VOIP_ISDN_rpt03_scenario_01-0-20200702-14:34:26-11980,1000,0,Exercise7.accessRouter[1].ppp[24].ppp.queue,471
NO_VOIP_ISDN_rpt03_scenario_01-0-20200702-14:34:26-11980,1000,0,Exercise7.accessRouter[1].ppp[25].ppp.queue,355
NO_VOIP_ISDN_rpt03_scenario_01-0-20200702-14:34:26-11980,1000,0,Exercise7.accessRouter[2].ppp[1].ppp.queue,280
NO_VOIP_ISDN_rpt03_scenario_01-0-20200702-14:34:26-11980,1000,0,Exercise7.accessRouter[2].ppp[2].ppp.queue,279
NO_VOIP_ISDN_rpt03_scenario_01-0-20200702-14:34:26-11980,1000,0,Exercise7.accessRouter[2].ppp[3].ppp.queue,430
NO_VOIP_ISDN_rpt03_scenario_01-0-20200702-14:34:26-11980,1000,0,Exercise7.accessRouter[2].ppp[4].ppp.queue,376
NO_VOIP_ISDN_rpt03_scenario_01-0-20200702-14:34:26-11980,1000,0,Exercise7.accessRouter[2].ppp[5].ppp.queue,371
NO_VOIP_ISDN_rpt03_scenario_01-0-20200702-14:34:26-11980,1000,0,Exercise7.accessRouter[2].ppp[6].ppp.queue,311
NO_VOIP_ISDN_rpt03_scenario_01-0-20200702-14:34:26-11980,1000,0,Exercise7.accessRouter[2].ppp[7].ppp.queue,508
NO_VOIP_ISDN_rpt03_scenario_01-0-20200702-14:34:26-11980,1000,0,Exercise7.accessRouter[2].ppp[8].ppp.queue,397
NO_VOIP_ISDN_rpt03_scenario_01-0-20200702-14:34:26-11980,1000,0,Exercise7.accessRouter[2].ppp[9].ppp.queue,287
NO_VOIP_ISDN_rpt03_scenario_01-0-20200702-14:34:26-11980,1000,0,Exercise7.accessRouter[2].ppp[10].ppp.queue,404
NO_VOIP_ISDN_rpt03_scenario_01-0-20200702-14:34:26-11980,1000,0,Exercise7.accessRouter[2].ppp[11].ppp.queue,326
NO_VOIP_ISDN_rpt03_scenario_01-0-20200702-14:34:26-11980,1000,0,Exercise7.accessRouter[2].ppp[12].ppp.queue,432
NO_VOIP_ISDN_rpt03_scenario_01-0-20200702-14:34:26-11980,1000,0,Exercise7.accessRouter[2].ppp[13].ppp.queue,306
NO_VOIP_ISDN_rpt03_scenario_01-0-20200702-14:34:26-11980,1000,0,Exercise7.accessRouter[2].ppp[14].ppp.queue,366
NO_VOIP_ISDN_rpt03_scenario_01-0-20200702-14:34:26-11980,1000,0,Exercise7.accessRouter[2].ppp[15].ppp.queue,455
NO_VOIP_ISDN_rpt03_scenario_01-0-20200702-14:34:26-11980,1000,0,Exercise7.accessRouter[2].ppp[16].ppp.queue,355
NO_VOIP_ISDN_rpt03_scenario_01-0-20200702-14:34:26-11980,1000,0,Exercise7.accessRouter[2].ppp[17].ppp.queue,302
NO_VOIP_ISDN_rpt03_scenario_01-0-20200702-14:34:26-11980,1000,0,Exercise7.accessRouter[2].ppp[18].ppp.queue,261
NO_VOIP_ISDN_rpt03_scenario_01-0-20200702-14:34:26-11980,1000,0,Exercise7.accessRouter[2].ppp[19].ppp.queue,387
NO_VOIP_ISDN_rpt03_scenario_01-0-20200702-14:34:26-11980,1000,0,Exercise7.accessRouter[2].ppp[20].ppp.queue,330
NO_VOIP_ISDN_rpt03_scenario_01-0-20200702-14:34:26-11980,1000,0,Exercise7.accessRouter[2].ppp[21].ppp.queue,261
NO_VOIP_ISDN_rpt03_scenario_01-0-20200702-14:34:26-11980,1000,0,Exercise7.accessRouter[2].ppp[22].ppp.queue,307
NO_VOIP_ISDN_rpt03_scenario_01-0-20200702-14:34:26-11980,1000,0,Exercise7.accessRouter[2].ppp[23].ppp.queue,435
NO_VOIP_ISDN_rpt03_scenario_01-0-20200702-14:34:26-11980,1000,0,Exercise7.accessRouter[2].ppp[24].ppp.queue,398
NO_VOIP_ISDN_rpt03_scenario_01-0-20200702-14:34:26-11980,1000,0,Exercise7.accessRouter[2].ppp[25].ppp.queue,457
NO_VOIP_ISDN_rpt03_scenario_01-0-20200702-14:34:26-11980,1000,0,Exercise7.accessRouter[3].ppp[1].ppp.queue,514
NO_VOIP_ISDN_rpt03_scenario_01-0-20200702-14:34:26-11980,1000,0,Exercise7.accessRouter[3].ppp[2].ppp.queue,385
NO_VOIP_ISDN_rpt03_scenario_01-0-20200702-14:34:26-11980,1000,0,Exercise7.accessRouter[3].ppp[3].ppp.queue,394
NO_VOIP_ISDN_rpt03_scenario_01-0-20200702-14:34:26-11980,1000,0,Exercise7.accessRouter[3].ppp[4].ppp.queue,370
NO_VOIP_ISDN_rpt03_scenario_01-0-20200702-14:34:26-11980,1000,0,Exercise7.accessRouter[3].ppp[5].ppp.queue,409
NO_VOIP_ISDN_rpt03_scenario_01-0-20200702-14:34:26-11980,1000,0,Exercise7.accessRouter[3].ppp[6].ppp.queue,343
NO_VOIP_ISDN_rpt03_scenario_01-0-20200702-14:34:26-11980,1000,0,Exercise7.accessRouter[3].ppp[7].ppp.queue,475
NO_VOIP_ISDN_rpt03_scenario_01-0-20200702-14:34:26-11980,1000,0,Exercise7.accessRouter[3].ppp[8].ppp.queue,411
NO_VOIP_ISDN_rpt03_scenario_01-0-20200702-14:34:26-11980,1000,0,Exercise7.accessRouter[3].ppp[9].ppp.queue,396
NO_VOIP_ISDN_rpt03_scenario_01-0-20200702-14:34:26-11980,1000,0,Exercise7.accessRouter[3].ppp[10].ppp.queue,390
NO_VOIP_ISDN_rpt03_scenario_01-0-20200702-14:34:26-11980,1000,0,Exercise7.accessRouter[3].ppp[11].ppp.queue,443
NO_VOIP_ISDN_rpt03_scenario_01-0-20200702-14:34:26-11980,1000,0,Exercise7.accessRouter[3].ppp[12].ppp.queue,419
NO_VOIP_ISDN_rpt03_scenario_01-0-20200702-14:34:26-11980,1000,0,Exercise7.accessRouter[3].ppp[13].ppp.queue,307
NO_VOIP_ISDN_rpt03_scenario_01-0-20200702-14:34:26-11980,1000,0,Exercise7.accessRouter[3].ppp[14].ppp.queue,374
NO_VOIP_ISDN_rpt03_scenario_01-0-20200702-14:34:26-11980,1000,0,Exercise7.accessRouter[3].ppp[15].ppp.queue,282
NO_VOIP_ISDN_rpt03_scenario_01-0-20200702-14:34:26-11980,1000,0,Exercise7.accessRouter[3].ppp[16].ppp.queue,299
NO_VOIP_ISDN_rpt03_scenario_01-0-20200702-14:34:26-11980,1000,0,Exercise7.accessRouter[3].ppp[17].ppp.queue,365
NO_VOIP_ISDN_rpt03_scenario_01-0-20200702-14:34:26-11980,1000,0,Exercise7.accessRouter[3].ppp[18].ppp.queue,342
NO_VOIP_ISDN_rpt03_scenario_01-0-20200702-14:34:26-11980,1000,0,Exercise7.accessRouter[3].ppp[19].ppp.queue,482
NO_VOIP_ISDN_rpt03_scenario_01-0-20200702-14:34:26-11980,1000,0,Exercise7.accessRouter[3].ppp[20].ppp.queue,386
NO_VOIP_ISDN_rpt03_scenario_01-0-20200702-14:34:26-11980,1000,0,Exercise7.accessRouter[3].ppp[21].ppp.queue,444
NO_VOIP_ISDN_rpt03_scenario_01-0-20200702-14:34:26-11980,1000,0,Exercise7.accessRouter[3].ppp[22].ppp.queue,441
NO_VOIP_ISDN_rpt03_scenario_01-0-20200702-14:34:26-11980,1000,0,Exercise7.accessRouter[3].ppp[23].ppp.queue,427
NO_VOIP_ISDN_rpt03_scenario_01-0-20200702-14:34:26-11980,1000,0,Exercise7.accessRouter[3].ppp[24].ppp.queue,435
NO_VOIP_ISDN_rpt03_scenario_01-0-20200702-14:34:26-11980,1000,0,Exercise7.accessRouter[3].ppp[25].ppp.queue,433
NO_VOIP_ISDN_rpt03_scenario_01-0-20200702-14:34:26-11980,1000,0,Exercise7.accessRouter[4].ppp[1].ppp.queue,431
NO_VOIP_ISDN_rpt03_scenario_01-0-20200702-14:34:26-11980,1000,0,Exercise7.accessRouter[4].ppp[2].ppp.queue,403
NO_VOIP_ISDN_rpt03_scenario_01-0-20200702-14:34:26-11980,1000,0,Exercise7.accessRouter[4].ppp[3].ppp.queue,452
NO_VOIP_ISDN_rpt03_scenario_01-0-20200702-14:34:26-11980,1000,0,Exercise7.accessRouter[4].ppp[4].ppp.queue,429
NO_VOIP_ISDN_rpt03_scenario_01-0-20200702-14:34:26-11980,1000,0,Exercise7.accessRouter[4].ppp[5].ppp.queue,426
NO_VOIP_ISDN_rpt03_scenario_01-0-20200702-14:34:26-11980,1000,0,Exercise7.accessRouter[4].ppp[6].ppp.queue,208
NO_VOIP_ISDN_rpt03_scenario_01-0-20200702-14:34:26-11980,1000,0,Exercise7.accessRouter[4].ppp[7].ppp.queue,391
NO_VOIP_ISDN_rpt03_scenario_01-0-20200702-14:34:26-11980,1000,0,Exercise7.accessRouter[4].ppp[8].ppp.queue,555
NO_VOIP_ISDN_rpt03_scenario_01-0-20200702-14:34:26-11980,1000,0,Exercise7.accessRouter[4].ppp[9].ppp.queue,330
NO_VOIP_ISDN_rpt03_scenario_01-0-20200702-14:34:26-11980,1000,0,Exercise7.accessRouter[4].ppp[10].ppp.queue,204
NO_VOIP_ISDN_rpt03_scenario_01-0-20200702-14:34:26-11980,1000,0,Exercise7.accessRouter[4].ppp[11].ppp.queue,457
NO_VOIP_ISDN_rpt03_scenario_01-0-20200702-14:34:26-11980,1000,0,Exercise7.accessRouter[4].ppp[12].ppp.queue,380
NO_VOIP_ISDN_rpt03_scenario_01-0-20200702-14:34:26-11980,1000,0,Exercise7.accessRouter[4].ppp[13].ppp.queue,442
NO_VOIP_ISDN_rpt03_scenario_01-0-20200702-14:34:26-11980,1000,0,Exercise7.accessRouter[4].ppp[14].ppp.queue,383
NO_VOIP_ISDN_rpt03_scenario_01-0-20200702-14:34:26-11980,1000,0,Exercise7.accessRouter[4].ppp[15].ppp.queue,333
NO_VOIP_ISDN_rpt03_scenario_01-0-20200702-14:34:26-11980,1000,0,Exercise7.accessRouter[4].ppp[16].ppp.queue,377
NO_VOIP_ISDN_rpt03_scenario_01-0-20200702-14:34:26-11980,1000,0,Exercise7.accessRouter[4].ppp[17].ppp.queue,511
NO_VOIP_ISDN_rpt03_scenario_01-0-20200702-14:34:26-11980,1000,0,Exercise7.accessRouter[4].ppp[18].ppp.queue,380
NO_VOIP_ISDN_rpt03_scenario_01-0-20200702-14:34:26-11980,1000,0,Exercise7.accessRouter[4].ppp[19].ppp.queue,459
NO_VOIP_ISDN_rpt03_scenario_01-0-20200702-14:34:26-11980,1000,0,Exercise7.accessRouter[4].ppp[20].ppp.queue,412
NO_VOIP_ISDN_rpt03_scenario_01-0-20200702-14:34:26-11980,1000,0,Exercise7.accessRouter[4].ppp[21].ppp.queue,431
NO_VOIP_ISDN_rpt03_scenario_01-0-20200702-14:34:26-11980,1000,0,Exercise7.accessRouter[4].ppp[22].ppp.queue,268
NO_VOIP_ISDN_rpt03_scenario_01-0-20200702-14:34:26-11980,1000,0,Exercise7.accessRouter[4].ppp[23].ppp.queue,340
NO_VOIP_ISDN_rpt03_scenario_01-0-20200702-14:34:26-11980,1000,0,Exercise7.accessRouter[4].ppp[24].ppp.queue,305
NO_VOIP_ISDN_rpt03_scenario_01-0-20200702-14:34:26-11980,1000,0,Exercise7.accessRouter[4].ppp[25].ppp.queue,350
NO_VOIP_ISDN_rpt03_scenario_01-0-20200702-14:34:26-11980,1000,0,Exercise7.accessRouter[5].ppp[1].ppp.queue,447
NO_VOIP_ISDN_rpt03_scenario_01-0-20200702-14:34:26-11980,1000,0,Exercise7.accessRouter[5].ppp[2].ppp.queue,289
NO_VOIP_ISDN_rpt03_scenario_01-0-20200702-14:34:26-11980,1000,0,Exercise7.accessRouter[5].ppp[3].ppp.queue,350
NO_VOIP_ISDN_rpt03_scenario_01-0-20200702-14:34:26-11980,1000,0,Exercise7.accessRouter[5].ppp[4].ppp.queue,447
NO_VOIP_ISDN_rpt03_scenario_01-0-20200702-14:34:26-11980,1000,0,Exercise7.accessRouter[5].ppp[5].ppp.queue,460
NO_VOIP_ISDN_rpt03_scenario_01-0-20200702-14:34:26-11980,1000,0,Exercise7.accessRouter[5].ppp[6].ppp.queue,268
NO_VOIP_ISDN_rpt03_scenario_01-0-20200702-14:34:26-11980,1000,0,Exercise7.accessRouter[5].ppp[7].ppp.queue,482
NO_VOIP_ISDN_rpt03_scenario_01-0-20200702-14:34:26-11980,1000,0,Exercise7.accessRouter[5].ppp[8].ppp.queue,417
NO_VOIP_ISDN_rpt03_scenario_01-0-20200702-14:34:26-11980,1000,0,Exercise7.accessRouter[5].ppp[9].ppp.queue,291
NO_VOIP_ISDN_rpt03_scenario_01-0-20200702-14:34:26-11980,1000,0,Exercise7.accessRouter[5].ppp[10].ppp.queue,283
NO_VOIP_ISDN_rpt03_scenario_01-0-20200702-14:34:26-11980,1000,0,Exercise7.accessRouter[5].ppp[11].ppp.queue,429
NO_VOIP_ISDN_rpt03_scenario_01-0-20200702-14:34:26-11980,1000,0,Exercise7.accessRouter[5].ppp[12].ppp.queue,412
NO_VOIP_ISDN_rpt03_scenario_01-0-20200702-14:34:26-11980,1000,0,Exercise7.accessRouter[5].ppp[13].ppp.queue,449
NO_VOIP_ISDN_rpt03_scenario_01-0-20200702-14:34:26-11980,1000,0,Exercise7.accessRouter[5].ppp[14].ppp.queue,412
NO_VOIP_ISDN_rpt03_scenario_01-0-20200702-14:34:26-11980,1000,0,Exercise7.accessRouter[5].ppp[15].ppp.queue,365
NO_VOIP_ISDN_rpt03_scenario_01-0-20200702-14:34:26-11980,1000,0,Exercise7.accessRouter[5].ppp[16].ppp.queue,305
NO_VOIP_ISDN_rpt03_scenario_01-0-20200702-14:34:26-11980,1000,0,Exercise7.accessRouter[5].ppp[17].ppp.queue,452
NO_VOIP_ISDN_rpt03_scenario_01-0-20200702-14:34:26-11980,1000,0,Exercise7.accessRouter[5].ppp[18].ppp.queue,338
NO_VOIP_ISDN_rpt03_scenario_01-0-20200702-14:34:26-11980,1000,0,Exercise7.accessRouter[5].ppp[19].ppp.queue,277
NO_VOIP_ISDN_rpt03_scenario_01-0-20200702-14:34:26-11980,1000,0,Exercise7.accessRouter[5].ppp[20].ppp.queue,352
NO_VOIP_ISDN_rpt03_scenario_01-0-20200702-14:34:26-11980,1000,0,Exercise7.accessRouter[5].ppp[21].ppp.queue,324
NO_VOIP_ISDN_rpt03_scenario_01-0-20200702-14:34:26-11980,1000,0,Exercise7.accessRouter[5].ppp[22].ppp.queue,519
NO_VOIP_ISDN_rpt03_scenario_01-0-20200702-14:34:26-11980,1000,0,Exercise7.accessRouter[5].ppp[23].ppp.queue,283
NO_VOIP_ISDN_rpt03_scenario_01-0-20200702-14:34:26-11980,1000,0,Exercise7.accessRouter[5].ppp[24].ppp.queue,476
NO_VOIP_ISDN_rpt03_scenario_01-0-20200702-14:34:26-11980,1000,0,Exercise7.accessRouter[5].ppp[25].ppp.queue,265
NO_VOIP_ISDN_rpt03_scenario_01-0-20200702-14:34:26-11980,1000,0,Exercise7.accessRouter[6].ppp[1].ppp.queue,516
NO_VOIP_ISDN_rpt03_scenario_01-0-20200702-14:34:26-11980,1000,0,Exercise7.accessRouter[6].ppp[2].ppp.queue,307
NO_VOIP_ISDN_rpt03_scenario_01-0-20200702-14:34:26-11980,1000,0,Exercise7.accessRouter[6].ppp[3].ppp.queue,491
NO_VOIP_ISDN_rpt03_scenario_01-0-20200702-14:34:26-11980,1000,0,Exercise7.accessRouter[6].ppp[4].ppp.queue,342
NO_VOIP_ISDN_rpt03_scenario_01-0-20200702-14:34:26-11980,1000,0,Exercise7.accessRouter[6].ppp[5].ppp.queue,292
NO_VOIP_ISDN_rpt03_scenario_01-0-20200702-14:34:26-11980,1000,0,Exercise7.accessRouter[6].ppp[6].ppp.queue,439
NO_VOIP_ISDN_rpt03_scenario_01-0-20200702-14:34:26-11980,1000,0,Exercise7.accessRouter[6].ppp[7].ppp.queue,255
NO_VOIP_ISDN_rpt03_scenario_01-0-20200702-14:34:26-11980,1000,0,Exercise7.accessRouter[6].ppp[8].ppp.queue,527
NO_VOIP_ISDN_rpt03_scenario_01-0-20200702-14:34:26-11980,1000,0,Exercise7.accessRouter[6].ppp[9].ppp.queue,261
NO_VOIP_ISDN_rpt03_scenario_01-0-20200702-14:34:26-11980,1000,0,Exercise7.accessRouter[6].ppp[10].ppp.queue,238
NO_VOIP_ISDN_rpt03_scenario_01-0-20200702-14:34:26-11980,1000,0,Exercise7.accessRouter[6].ppp[11].ppp.queue,498
NO_VOIP_ISDN_rpt03_scenario_01-0-20200702-14:34:26-11980,1000,0,Exercise7.accessRouter[6].ppp[12].ppp.queue,364
NO_VOIP_ISDN_rpt03_scenario_01-0-20200702-14:34:26-11980,1000,0,Exercise7.accessRouter[6].ppp[13].ppp.queue,490
NO_VOIP_ISDN_rpt03_scenario_01-0-20200702-14:34:26-11980,1000,0,Exercise7.accessRouter[6].ppp[14].ppp.queue,373
NO_VOIP_ISDN_rpt03_scenario_01-0-20200702-14:34:26-11980,1000,0,Exercise7.accessRouter[6].ppp[15].ppp.queue,331
NO_VOIP_ISDN_rpt03_scenario_01-0-20200702-14:34:26-11980,1000,0,Exercise7.accessRouter[6].ppp[16].ppp.queue,203
NO_VOIP_ISDN_rpt03_scenario_01-0-20200702-14:34:26-11980,1000,0,Exercise7.accessRouter[6].ppp[17].ppp.queue,450
NO_VOIP_ISDN_rpt03_scenario_01-0-20200702-14:34:26-11980,1000,0,Exercise7.accessRouter[6].ppp[18].ppp.queue,444
NO_VOIP_ISDN_rpt03_scenario_01-0-20200702-14:34:26-11980,1000,0,Exercise7.accessRouter[6].ppp[19].ppp.queue,351
NO_VOIP_ISDN_rpt03_scenario_01-0-20200702-14:34:26-11980,1000,0,Exercise7.accessRouter[6].ppp[20].ppp.queue,235
NO_VOIP_ISDN_rpt03_scenario_01-0-20200702-14:34:26-11980,1000,0,Exercise7.accessRouter[6].ppp[21].ppp.queue,401
NO_VOIP_ISDN_rpt03_scenario_01-0-20200702-14:34:26-11980,1000,0,Exercise7.accessRouter[6].ppp[22].ppp.queue,505
NO_VOIP_ISDN_rpt03_scenario_01-0-20200702-14:34:26-11980,1000,0,Exercise7.accessRouter[6].ppp[23].ppp.queue,308
NO_VOIP_ISDN_rpt03_scenario_01-0-20200702-14:34:26-11980,1000,0,Exercise7.accessRouter[6].ppp[24].ppp.queue,401
NO_VOIP_ISDN_rpt03_scenario_01-0-20200702-14:34:26-11980,1000,0,Exercise7.accessRouter[6].ppp[25].ppp.queue,442
NO_VOIP_ISDN_rpt03_scenario_01-0-20200702-14:34:26-11980,1000,0,Exercise7.accessRouter[7].ppp[1].ppp.queue,389
NO_VOIP_ISDN_rpt03_scenario_01-0-20200702-14:34:26-11980,1000,0,Exercise7.accessRouter[7].ppp[2].ppp.queue,389
NO_VOIP_ISDN_rpt03_scenario_01-0-20200702-14:34:26-11980,1000,0,Exercise7.accessRouter[7].ppp[3].ppp.queue,251
NO_VOIP_ISDN_rpt03_scenario_01-0-20200702-14:34:26-11980,1000,0,Exercise7.accessRouter[7].ppp[4].ppp.queue,483
NO_VOIP_ISDN_rpt03_scenario_01-0-20200702-14:34:26-11980,1000,0,Exercise7.accessRouter[7].ppp[5].ppp.queue,411
NO_VOIP_ISDN_rpt03_scenario_01-0-20200702-14:34:26-11980,1000,0,Exercise7.accessRouter[7].ppp[6].ppp.queue,308
NO_VOIP_ISDN_rpt03_scenario_01-0-20200702-14:34:26-11980,1000,0,Exercise7.accessRouter[7].ppp[7].ppp.queue,449
NO_VOIP_ISDN_rpt03_scenario_01-0-20200702-14:34:26-11980,1000,0,Exercise7.accessRouter[7].ppp[8].ppp.queue,415
NO_VOIP_ISDN_rpt03_scenario_01-0-20200702-14:34:26-11980,1000,0,Exercise7.accessRouter[7].ppp[9].ppp.queue,279
NO_VOIP_ISDN_rpt03_scenario_01-0-20200702-14:34:26-11980,1000,0,Exercise7.accessRouter[7].ppp[10].ppp.queue,415
NO_VOIP_ISDN_rpt03_scenario_01-0-20200702-14:34:26-11980,1000,0,Exercise7.accessRouter[7].ppp[11].ppp.queue,335
NO_VOIP_ISDN_rpt03_scenario_01-0-20200702-14:34:26-11980,1000,0,Exercise7.accessRouter[7].ppp[12].ppp.queue,392
NO_VOIP_ISDN_rpt03_scenario_01-0-20200702-14:34:26-11980,1000,0,Exercise7.accessRouter[7].ppp[13].ppp.queue,388
NO_VOIP_ISDN_rpt03_scenario_01-0-20200702-14:34:26-11980,1000,0,Exercise7.accessRouter[7].ppp[14].ppp.queue,383
NO_VOIP_ISDN_rpt03_scenario_01-0-20200702-14:34:26-11980,1000,0,Exercise7.accessRouter[7].ppp[15].ppp.queue,398
NO_VOIP_ISDN_rpt03_scenario_01-0-20200702-14:34:26-11980,1000,0,Exercise7.accessRouter[7].ppp[16].ppp.queue,455
NO_VOIP_ISDN_rpt03_scenario_01-0-20200702-14:34:26-11980,1000,0,Exercise7.accessRouter[7].ppp[17].ppp.queue,268
NO_VOIP_ISDN_rpt03_scenario_01-0-20200702-14:34:26-11980,1000,0,Exercise7.accessRouter[7].ppp[18].ppp.queue,309
NO_VOIP_ISDN_rpt03_scenario_01-0-20200702-14:34:26-11980,1000,0,Exercise7.accessRouter[7].ppp[19].ppp.queue,476
NO_VOIP_ISDN_rpt03_scenario_01-0-20200702-14:34:26-11980,1000,0,Exercise7.accessRouter[7].ppp[20].ppp.queue,382
NO_VOIP_ISDN_rpt03_scenario_01-0-20200702-14:34:26-11980,1000,0,Exercise7.accessRouter[7].ppp[21].ppp.queue,388
NO_VOIP_ISDN_rpt03_scenario_01-0-20200702-14:34:26-11980,1000,0,Exercise7.accessRouter[7].ppp[22].ppp.queue,329
NO_VOIP_ISDN_rpt03_scenario_01-0-20200702-14:34:26-11980,1000,0,Exercise7.accessRouter[7].ppp[23].ppp.queue,345
NO_VOIP_ISDN_rpt03_scenario_01-0-20200702-14:34:26-11980,1000,0,Exercise7.accessRouter[7].ppp[24].ppp.queue,310
NO_VOIP_ISDN_rpt03_scenario_01-0-20200702-14:34:26-11980,1000,0,Exercise7.accessRouter[7].ppp[25].ppp.queue,317
NO_VOIP_ISDN_rpt03_scenario_01-0-20200702-14:34:26-11980,1000,0,Exercise7.accessRouter[8].ppp[1].ppp.queue,399
NO_VOIP_ISDN_rpt03_scenario_01-0-20200702-14:34:26-11980,1000,0,Exercise7.accessRouter[8].ppp[2].ppp.queue,413
NO_VOIP_ISDN_rpt03_scenario_01-0-20200702-14:34:26-11980,1000,0,Exercise7.accessRouter[8].ppp[3].ppp.queue,399
NO_VOIP_ISDN_rpt03_scenario_01-0-20200702-14:34:26-11980,1000,0,Exercise7.accessRouter[8].ppp[4].ppp.queue,377
NO_VOIP_ISDN_rpt03_scenario_01-0-20200702-14:34:26-11980,1000,0,Exercise7.accessRouter[8].ppp[5].ppp.queue,365
NO_VOIP_ISDN_rpt03_scenario_01-0-20200702-14:34:26-11980,1000,0,Exercise7.accessRouter[8].ppp[6].ppp.queue,306
NO_VOIP_ISDN_rpt03_scenario_01-0-20200702-14:34:26-11980,1000,0,Exercise7.accessRouter[8].ppp[7].ppp.queue,346
NO_VOIP_ISDN_rpt03_scenario_01-0-20200702-14:34:26-11980,1000,0,Exercise7.accessRouter[8].ppp[8].ppp.queue,262
NO_VOIP_ISDN_rpt03_scenario_01-0-20200702-14:34:26-11980,1000,0,Exercise7.accessRouter[8].ppp[9].ppp.queue,349
NO_VOIP_ISDN_rpt03_scenario_01-0-20200702-14:34:26-11980,1000,0,Exercise7.accessRouter[8].ppp[10].ppp.queue,201
NO_VOIP_ISDN_rpt03_scenario_01-0-20200702-14:34:26-11980,1000,0,Exercise7.accessRouter[8].ppp[11].ppp.queue,529
NO_VOIP_ISDN_rpt03_scenario_01-0-20200702-14:34:26-11980,1000,0,Exercise7.accessRouter[8].ppp[12].ppp.queue,387
NO_VOIP_ISDN_rpt03_scenario_01-0-20200702-14:34:26-11980,1000,0,Exercise7.accessRouter[8].ppp[13].ppp.queue,352
NO_VOIP_ISDN_rpt03_scenario_01-0-20200702-14:34:26-11980,1000,0,Exercise7.accessRouter[8].ppp[14].ppp.queue,319
NO_VOIP_ISDN_rpt03_scenario_01-0-20200702-14:34:26-11980,1000,0,Exercise7.accessRouter[8].ppp[15].ppp.queue,333
NO_VOIP_ISDN_rpt03_scenario_01-0-20200702-14:34:26-11980,1000,0,Exercise7.accessRouter[8].ppp[16].ppp.queue,378
NO_VOIP_ISDN_rpt03_scenario_01-0-20200702-14:34:26-11980,1000,0,Exercise7.accessRouter[8].ppp[17].ppp.queue,296
NO_VOIP_ISDN_rpt03_scenario_01-0-20200702-14:34:26-11980,1000,0,Exercise7.accessRouter[8].ppp[18].ppp.queue,321
NO_VOIP_ISDN_rpt03_scenario_01-0-20200702-14:34:26-11980,1000,0,Exercise7.accessRouter[8].ppp[19].ppp.queue,507
NO_VOIP_ISDN_rpt03_scenario_01-0-20200702-14:34:26-11980,1000,0,Exercise7.accessRouter[8].ppp[20].ppp.queue,416
NO_VOIP_ISDN_rpt03_scenario_01-0-20200702-14:34:26-11980,1000,0,Exercise7.accessRouter[8].ppp[21].ppp.queue,263
NO_VOIP_ISDN_rpt03_scenario_01-0-20200702-14:34:26-11980,1000,0,Exercise7.accessRouter[8].ppp[22].ppp.queue,436
NO_VOIP_ISDN_rpt03_scenario_01-0-20200702-14:34:26-11980,1000,0,Exercise7.accessRouter[8].ppp[23].ppp.queue,410
NO_VOIP_ISDN_rpt03_scenario_01-0-20200702-14:34:26-11980,1000,0,Exercise7.accessRouter[8].ppp[24].ppp.queue,311
NO_VOIP_ISDN_rpt03_scenario_01-0-20200702-14:34:26-11980,1000,0,Exercise7.accessRouter[8].ppp[25].ppp.queue,464
NO_VOIP_ISDN_rpt03_scenario_01-0-20200702-14:34:26-11980,1000,0,Exercise7.accessRouter[9].ppp[1].ppp.queue,376
NO_VOIP_ISDN_rpt03_scenario_01-0-20200702-14:34:26-11980,1000,0,Exercise7.accessRouter[9].ppp[2].ppp.queue,426
NO_VOIP_ISDN_rpt03_scenario_01-0-20200702-14:34:26-11980,1000,0,Exercise7.accessRouter[9].ppp[3].ppp.queue,226
NO_VOIP_ISDN_rpt03_scenario_01-0-20200702-14:34:26-11980,1000,0,Exercise7.accessRouter[9].ppp[4].ppp.queue,318
NO_VOIP_ISDN_rpt03_scenario_01-0-20200702-14:34:26-11980,1000,0,Exercise7.accessRouter[9].ppp[5].ppp.queue,506
NO_VOIP_ISDN_rpt03_scenario_01-0-20200702-14:34:26-11980,1000,0,Exercise7.accessRouter[9].ppp[6].ppp.queue,480
NO_VOIP_ISDN_rpt03_scenario_01-0-20200702-14:34:26-11980,1000,0,Exercise7.accessRouter[9].ppp[7].ppp.queue,406
NO_VOIP_ISDN_rpt03_scenario_01-0-20200702-14:34:26-11980,1000,0,Exercise7.accessRouter[9].ppp[8].ppp.queue,440
NO_VOIP_ISDN_rpt03_scenario_01-0-20200702-14:34:26-11980,1000,0,Exercise7.accessRouter[9].ppp[9].ppp.queue,536
NO_VOIP_ISDN_rpt03_scenario_01-0-20200702-14:34:26-11980,1000,0,Exercise7.accessRouter[9].ppp[10].ppp.queue,359
NO_VOIP_ISDN_rpt03_scenario_01-0-20200702-14:34:26-11980,1000,0,Exercise7.accessRouter[9].ppp[11].ppp.queue,342
NO_VOIP_ISDN_rpt03_scenario_01-0-20200702-14:34:26-11980,1000,0,Exercise7.accessRouter[9].ppp[12].ppp.queue,402
NO_VOIP_ISDN_rpt03_scenario_01-0-20200702-14:34:26-11980,1000,0,Exercise7.accessRouter[9].ppp[13].ppp.queue,457
NO_VOIP_ISDN_rpt03_scenario_01-0-20200702-14:34:26-11980,1000,0,Exercise7.accessRouter[9].ppp[14].ppp.queue,487
NO_VOIP_ISDN_rpt03_scenario_01-0-20200702-14:34:26-11980,1000,0,Exercise7.accessRouter[9].ppp[15].ppp.queue,457
NO_VOIP_ISDN_rpt03_scenario_01-0-20200702-14:34:26-11980,1000,0,Exercise7.accessRouter[9].ppp[16].ppp.queue,374
NO_VOIP_ISDN_rpt03_scenario_01-0-20200702-14:34:26-11980,1000,0,Exercise7.accessRouter[9].ppp[17].ppp.queue,345
NO_VOIP_ISDN_rpt03_scenario_01-0-20200702-14:34:26-11980,1000,0,Exercise7.accessRouter[9].ppp[18].ppp.queue,338
NO_VOIP_ISDN_rpt03_scenario_01-0-20200702-14:34:26-11980,1000,0,Exercise7.accessRouter[9].ppp[19].ppp.queue,361
NO_VOIP_ISDN_rpt03_scenario_01-0-20200702-14:34:26-11980,1000,0,Exercise7.accessRouter[9].ppp[20].ppp.queue,152
NO_VOIP_ISDN_rpt03_scenario_01-0-20200702-14:34:26-11980,1000,0,Exercise7.accessRouter[9].ppp[21].ppp.queue,561
NO_VOIP_ISDN_rpt03_scenario_01-0-20200702-14:34:26-11980,1000,0,Exercise7.accessRouter[9].ppp[22].ppp.queue,574
NO_VOIP_ISDN_rpt03_scenario_01-0-20200702-14:34:26-11980,1000,0,Exercise7.accessRouter[9].ppp[23].ppp.queue,375
NO_VOIP_ISDN_rpt03_scenario_01-0-20200702-14:34:26-11980,1000,0,Exercise7.accessRouter[9].ppp[24].ppp.queue,408
NO_VOIP_ISDN_rpt03_scenario_01-0-20200702-14:34:26-11980,1000,0,Exercise7.accessRouter[9].ppp[25].ppp.queue,410
NO_VOIP_ISDN_rpt03_scenario_01-0-20200702-14:34:26-11980,1000,0,Exercise7.accessRouter[10].ppp[1].ppp.queue,399
NO_VOIP_ISDN_rpt03_scenario_01-0-20200702-14:34:26-11980,1000,0,Exercise7.accessRouter[10].ppp[2].ppp.queue,308
NO_VOIP_ISDN_rpt03_scenario_01-0-20200702-14:34:26-11980,1000,0,Exercise7.accessRouter[10].ppp[3].ppp.queue,341
NO_VOIP_ISDN_rpt03_scenario_01-0-20200702-14:34:26-11980,1000,0,Exercise7.accessRouter[10].ppp[4].ppp.queue,443
NO_VOIP_ISDN_rpt03_scenario_01-0-20200702-14:34:26-11980,1000,0,Exercise7.accessRouter[10].ppp[5].ppp.queue,365
NO_VOIP_ISDN_rpt03_scenario_01-0-20200702-14:34:26-11980,1000,0,Exercise7.accessRouter[10].ppp[6].ppp.queue,260
NO_VOIP_ISDN_rpt03_scenario_01-0-20200702-14:34:26-11980,1000,0,Exercise7.accessRouter[10].ppp[7].ppp.queue,391
NO_VOIP_ISDN_rpt03_scenario_01-0-20200702-14:34:26-11980,1000,0,Exercise7.accessRouter[10].ppp[8].ppp.queue,304
NO_VOIP_ISDN_rpt03_scenario_01-0-20200702-14:34:26-11980,1000,0,Exercise7.accessRouter[10].ppp[9].ppp.queue,442
NO_VOIP_ISDN_rpt03_scenario_01-0-20200702-14:34:26-11980,1000,0,Exercise7.accessRouter[10].ppp[10].ppp.queue,330
NO_VOIP_ISDN_rpt03_scenario_01-0-20200702-14:34:26-11980,1000,0,Exercise7.accessRouter[10].ppp[11].ppp.queue,163
NO_VOIP_ISDN_rpt03_scenario_01-0-20200702-14:34:26-11980,1000,0,Exercise7.accessRouter[10].ppp[12].ppp.queue,264
NO_VOIP_ISDN_rpt03_scenario_01-0-20200702-14:34:26-11980,1000,0,Exercise7.accessRouter[10].ppp[13].ppp.queue,333
NO_VOIP_ISDN_rpt03_scenario_01-0-20200702-14:34:26-11980,1000,0,Exercise7.accessRouter[10].ppp[14].ppp.queue,308
NO_VOIP_ISDN_rpt03_scenario_01-0-20200702-14:34:26-11980,1000,0,Exercise7.accessRouter[10].ppp[15].ppp.queue,459
NO_VOIP_ISDN_rpt03_scenario_01-0-20200702-14:34:26-11980,1000,0,Exercise7.accessRouter[10].ppp[16].ppp.queue,264
NO_VOIP_ISDN_rpt03_scenario_01-0-20200702-14:34:26-11980,1000,0,Exercise7.accessRouter[10].ppp[17].ppp.queue,413
NO_VOIP_ISDN_rpt03_scenario_01-0-20200702-14:34:26-11980,1000,0,Exercise7.accessRouter[10].ppp[18].ppp.queue,506
NO_VOIP_ISDN_rpt03_scenario_01-0-20200702-14:34:26-11980,1000,0,Exercise7.accessRouter[10].ppp[19].ppp.queue,369
NO_VOIP_ISDN_rpt03_scenario_01-0-20200702-14:34:26-11980,1000,0,Exercise7.accessRouter[10].ppp[20].ppp.queue,474
NO_VOIP_ISDN_rpt03_scenario_01-0-20200702-14:34:26-11980,1000,0,Exercise7.accessRouter[10].ppp[21].ppp.queue,119
NO_VOIP_ISDN_rpt03_scenario_01-0-20200702-14:34:26-11980,1000,0,Exercise7.accessRouter[10].ppp[22].ppp.queue,270
NO_VOIP_ISDN_rpt03_scenario_01-0-20200702-14:34:26-11980,1000,0,Exercise7.accessRouter[10].ppp[23].ppp.queue,275
NO_VOIP_ISDN_rpt03_scenario_01-0-20200702-14:34:26-11980,1000,0,Exercise7.accessRouter[10].ppp[24].ppp.queue,329
NO_VOIP_ISDN_rpt03_scenario_01-0-20200702-14:34:26-11980,1000,0,Exercise7.accessRouter[10].ppp[25].ppp.queue,258
NO_VOIP_ISDN_rpt03_scenario_01-0-20200702-14:34:26-11980,1000,0,Exercise7.accessRouter[11].ppp[1].ppp.queue,285
NO_VOIP_ISDN_rpt03_scenario_01-0-20200702-14:34:26-11980,1000,0,Exercise7.accessRouter[11].ppp[2].ppp.queue,276
NO_VOIP_ISDN_rpt03_scenario_01-0-20200702-14:34:26-11980,1000,0,Exercise7.accessRouter[11].ppp[3].ppp.queue,300
NO_VOIP_ISDN_rpt03_scenario_01-0-20200702-14:34:26-11980,1000,0,Exercise7.accessRouter[11].ppp[4].ppp.queue,364
NO_VOIP_ISDN_rpt03_scenario_01-0-20200702-14:34:26-11980,1000,0,Exercise7.accessRouter[11].ppp[5].ppp.queue,403
NO_VOIP_ISDN_rpt03_scenario_01-0-20200702-14:34:26-11980,1000,0,Exercise7.accessRouter[11].ppp[6].ppp.queue,397
NO_VOIP_ISDN_rpt03_scenario_01-0-20200702-14:34:26-11980,1000,0,Exercise7.accessRouter[11].ppp[7].ppp.queue,449
NO_VOIP_ISDN_rpt03_scenario_01-0-20200702-14:34:26-11980,1000,0,Exercise7.accessRouter[11].ppp[8].ppp.queue,265
NO_VOIP_ISDN_rpt03_scenario_01-0-20200702-14:34:26-11980,1000,0,Exercise7.accessRouter[11].ppp[9].ppp.queue,451
NO_VOIP_ISDN_rpt03_scenario_01-0-20200702-14:34:26-11980,1000,0,Exercise7.accessRouter[11].ppp[10].ppp.queue,389
NO_VOIP_ISDN_rpt03_scenario_01-0-20200702-14:34:26-11980,1000,0,Exercise7.accessRouter[11].ppp[11].ppp.queue,489
NO_VOIP_ISDN_rpt03_scenario_01-0-20200702-14:34:26-11980,1000,0,Exercise7.accessRouter[11].ppp[12].ppp.queue,253
NO_VOIP_ISDN_rpt03_scenario_01-0-20200702-14:34:26-11980,1000,0,Exercise7.accessRouter[11].ppp[13].ppp.queue,413
NO_VOIP_ISDN_rpt03_scenario_01-0-20200702-14:34:26-11980,1000,0,Exercise7.accessRouter[11].ppp[14].ppp.queue,204
NO_VOIP_ISDN_rpt03_scenario_01-0-20200702-14:34:26-11980,1000,0,Exercise7.accessRouter[11].ppp[15].ppp.queue,428
NO_VOIP_ISDN_rpt03_scenario_01-0-20200702-14:34:26-11980,1000,0,Exercise7.accessRouter[11].ppp[16].ppp.queue,288
NO_VOIP_ISDN_rpt03_scenario_01-0-20200702-14:34:26-11980,1000,0,Exercise7.accessRouter[11].ppp[17].ppp.queue,427
NO_VOIP_ISDN_rpt03_scenario_01-0-20200702-14:34:26-11980,1000,0,Exercise7.accessRouter[11].ppp[18].ppp.queue,347
NO_VOIP_ISDN_rpt03_scenario_01-0-20200702-14:34:26-11980,1000,0,Exercise7.accessRouter[11].ppp[19].ppp.queue,400
NO_VOIP_ISDN_rpt03_scenario_01-0-20200702-14:34:26-11980,1000,0,Exercise7.accessRouter[11].ppp[20].ppp.queue,382
NO_VOIP_ISDN_rpt03_scenario_01-0-20200702-14:34:26-11980,1000,0,Exercise7.accessRouter[11].ppp[21].ppp.queue,365
NO_VOIP_ISDN_rpt03_scenario_01-0-20200702-14:34:26-11980,1000,0,Exercise7.accessRouter[11].ppp[22].ppp.queue,310
NO_VOIP_ISDN_rpt03_scenario_01-0-20200702-14:34:26-11980,1000,0,Exercise7.accessRouter[11].ppp[23].ppp.queue,394
NO_VOIP_ISDN_rpt03_scenario_01-0-20200702-14:34:26-11980,1000,0,Exercise7.accessRouter[11].ppp[24].ppp.queue,415
NO_VOIP_ISDN_rpt03_scenario_01-0-20200702-14:34:26-11980,1000,0,Exercise7.accessRouter[11].ppp[25].ppp.queue,398
NO_VOIP_ISDN_rpt03_scenario_01-0-20200702-14:34:26-11980,1000,0,Exercise7.accessRouter[12].ppp[1].ppp.queue,453
NO_VOIP_ISDN_rpt03_scenario_01-0-20200702-14:34:26-11980,1000,0,Exercise7.accessRouter[12].ppp[2].ppp.queue,361
NO_VOIP_ISDN_rpt03_scenario_01-0-20200702-14:34:26-11980,1000,0,Exercise7.accessRouter[12].ppp[3].ppp.queue,376
NO_VOIP_ISDN_rpt03_scenario_01-0-20200702-14:34:26-11980,1000,0,Exercise7.accessRouter[12].ppp[4].ppp.queue,373
NO_VOIP_ISDN_rpt03_scenario_01-0-20200702-14:34:26-11980,1000,0,Exercise7.accessRouter[12].ppp[5].ppp.queue,363
NO_VOIP_ISDN_rpt03_scenario_01-0-20200702-14:34:26-11980,1000,0,Exercise7.accessRouter[12].ppp[6].ppp.queue,347
NO_VOIP_ISDN_rpt03_scenario_01-0-20200702-14:34:26-11980,1000,0,Exercise7.accessRouter[12].ppp[7].ppp.queue,375
NO_VOIP_ISDN_rpt03_scenario_01-0-20200702-14:34:26-11980,1000,0,Exercise7.accessRouter[12].ppp[8].ppp.queue,281
NO_VOIP_ISDN_rpt03_scenario_01-0-20200702-14:34:26-11980,1000,0,Exercise7.accessRouter[12].ppp[9].ppp.queue,289
NO_VOIP_ISDN_rpt03_scenario_01-0-20200702-14:34:26-11980,1000,0,Exercise7.accessRouter[12].ppp[10].ppp.queue,334
NO_VOIP_ISDN_rpt03_scenario_01-0-20200702-14:34:26-11980,1000,0,Exercise7.accessRouter[12].ppp[11].ppp.queue,268
NO_VOIP_ISDN_rpt03_scenario_01-0-20200702-14:34:26-11980,1000,0,Exercise7.accessRouter[12].ppp[12].ppp.queue,356
NO_VOIP_ISDN_rpt03_scenario_01-0-20200702-14:34:26-11980,1000,0,Exercise7.accessRouter[12].ppp[13].ppp.queue,376
NO_VOIP_ISDN_rpt03_scenario_01-0-20200702-14:34:26-11980,1000,0,Exercise7.accessRouter[12].ppp[14].ppp.queue,304
NO_VOIP_ISDN_rpt03_scenario_01-0-20200702-14:34:26-11980,1000,0,Exercise7.accessRouter[12].ppp[15].ppp.queue,351
NO_VOIP_ISDN_rpt03_scenario_01-0-20200702-14:34:26-11980,1000,0,Exercise7.accessRouter[12].ppp[16].ppp.queue,359
NO_VOIP_ISDN_rpt03_scenario_01-0-20200702-14:34:26-11980,1000,0,Exercise7.accessRouter[12].ppp[17].ppp.queue,329
NO_VOIP_ISDN_rpt03_scenario_01-0-20200702-14:34:26-11980,1000,0,Exercise7.accessRouter[12].ppp[18].ppp.queue,359
NO_VOIP_ISDN_rpt03_scenario_01-0-20200702-14:34:26-11980,1000,0,Exercise7.accessRouter[12].ppp[19].ppp.queue,476
NO_VOIP_ISDN_rpt03_scenario_01-0-20200702-14:34:26-11980,1000,0,Exercise7.accessRouter[12].ppp[20].ppp.queue,330
NO_VOIP_ISDN_rpt03_scenario_01-0-20200702-14:34:26-11980,1000,0,Exercise7.accessRouter[12].ppp[21].ppp.queue,438
NO_VOIP_ISDN_rpt03_scenario_01-0-20200702-14:34:26-11980,1000,0,Exercise7.accessRouter[12].ppp[22].ppp.queue,281
NO_VOIP_ISDN_rpt03_scenario_01-0-20200702-14:34:26-11980,1000,0,Exercise7.accessRouter[12].ppp[23].ppp.queue,384
NO_VOIP_ISDN_rpt03_scenario_01-0-20200702-14:34:26-11980,1000,0,Exercise7.accessRouter[12].ppp[24].ppp.queue,395
NO_VOIP_ISDN_rpt03_scenario_01-0-20200702-14:34:26-11980,1000,0,Exercise7.accessRouter[12].ppp[25].ppp.queue,302
NO_VOIP_ISDN_rpt03_scenario_01-0-20200702-14:34:26-11980,1000,0,Exercise7.accessRouter[13].ppp[1].ppp.queue,504
NO_VOIP_ISDN_rpt03_scenario_01-0-20200702-14:34:26-11980,1000,0,Exercise7.accessRouter[13].ppp[2].ppp.queue,450
NO_VOIP_ISDN_rpt03_scenario_01-0-20200702-14:34:26-11980,1000,0,Exercise7.accessRouter[13].ppp[3].ppp.queue,267
NO_VOIP_ISDN_rpt03_scenario_01-0-20200702-14:34:26-11980,1000,0,Exercise7.accessRouter[13].ppp[4].ppp.queue,398
NO_VOIP_ISDN_rpt03_scenario_01-0-20200702-14:34:26-11980,1000,0,Exercise7.accessRouter[13].ppp[5].ppp.queue,486
NO_VOIP_ISDN_rpt03_scenario_01-0-20200702-14:34:26-11980,1000,0,Exercise7.accessRouter[13].ppp[6].ppp.queue,404
NO_VOIP_ISDN_rpt03_scenario_01-0-20200702-14:34:26-11980,1000,0,Exercise7.accessRouter[13].ppp[7].ppp.queue,462
NO_VOIP_ISDN_rpt03_scenario_01-0-20200702-14:34:26-11980,1000,0,Exercise7.accessRouter[13].ppp[8].ppp.queue,312
NO_VOIP_ISDN_rpt03_scenario_01-0-20200702-14:34:26-11980,1000,0,Exercise7.accessRouter[13].ppp[9].ppp.queue,398
NO_VOIP_ISDN_rpt03_scenario_01-0-20200702-14:34:26-11980,1000,0,Exercise7.accessRouter[13].ppp[10].ppp.queue,477
NO_VOIP_ISDN_rpt03_scenario_01-0-20200702-14:34:26-11980,1000,0,Exercise7.accessRouter[13].ppp[11].ppp.queue,347
NO_VOIP_ISDN_rpt03_scenario_01-0-20200702-14:34:26-11980,1000,0,Exercise7.accessRouter[13].ppp[12].ppp.queue,369
NO_VOIP_ISDN_rpt03_scenario_01-0-20200702-14:34:26-11980,1000,0,Exercise7.accessRouter[13].ppp[13].ppp.queue,344
NO_VOIP_ISDN_rpt03_scenario_01-0-20200702-14:34:26-11980,1000,0,Exercise7.accessRouter[13].ppp[14].ppp.queue,400
NO_VOIP_ISDN_rpt03_scenario_01-0-20200702-14:34:26-11980,1000,0,Exercise7.accessRouter[13].ppp[15].ppp.queue,451
NO_VOIP_ISDN_rpt03_scenario_01-0-20200702-14:34:26-11980,1000,0,Exercise7.accessRouter[13].ppp[16].ppp.queue,395
NO_VOIP_ISDN_rpt03_scenario_01-0-20200702-14:34:26-11980,1000,0,Exercise7.accessRouter[13].ppp[17].ppp.queue,398
NO_VOIP_ISDN_rpt03_scenario_01-0-20200702-14:34:26-11980,1000,0,Exercise7.accessRouter[13].ppp[18].ppp.queue,358
NO_VOIP_ISDN_rpt03_scenario_01-0-20200702-14:34:26-11980,1000,0,Exercise7.accessRouter[13].ppp[19].ppp.queue,376
NO_VOIP_ISDN_rpt03_scenario_01-0-20200702-14:34:26-11980,1000,0,Exercise7.accessRouter[13].ppp[20].ppp.queue,223
NO_VOIP_ISDN_rpt03_scenario_01-0-20200702-14:34:26-11980,1000,0,Exercise7.accessRouter[13].ppp[21].ppp.queue,441
NO_VOIP_ISDN_rpt03_scenario_01-0-20200702-14:34:26-11980,1000,0,Exercise7.accessRouter[13].ppp[22].ppp.queue,259
NO_VOIP_ISDN_rpt03_scenario_01-0-20200702-14:34:26-11980,1000,0,Exercise7.accessRouter[13].ppp[23].ppp.queue,411
NO_VOIP_ISDN_rpt03_scenario_01-0-20200702-14:34:26-11980,1000,0,Exercise7.accessRouter[13].ppp[24].ppp.queue,490
NO_VOIP_ISDN_rpt03_scenario_01-0-20200702-14:34:26-11980,1000,0,Exercise7.accessRouter[13].ppp[25].ppp.queue,362
NO_VOIP_ISDN_rpt03_scenario_01-0-20200702-14:34:26-11980,1000,0,Exercise7.accessRouter[14].ppp[1].ppp.queue,403
NO_VOIP_ISDN_rpt03_scenario_01-0-20200702-14:34:26-11980,1000,0,Exercise7.accessRouter[14].ppp[2].ppp.queue,290
NO_VOIP_ISDN_rpt03_scenario_01-0-20200702-14:34:26-11980,1000,0,Exercise7.accessRouter[14].ppp[3].ppp.queue,369
NO_VOIP_ISDN_rpt03_scenario_01-0-20200702-14:34:26-11980,1000,0,Exercise7.accessRouter[14].ppp[4].ppp.queue,479
NO_VOIP_ISDN_rpt03_scenario_01-0-20200702-14:34:26-11980,1000,0,Exercise7.accessRouter[14].ppp[5].ppp.queue,432
NO_VOIP_ISDN_rpt03_scenario_01-0-20200702-14:34:26-11980,1000,0,Exercise7.accessRouter[14].ppp[6].ppp.queue,244
NO_VOIP_ISDN_rpt03_scenario_01-0-20200702-14:34:26-11980,1000,0,Exercise7.accessRouter[14].ppp[7].ppp.queue,340
NO_VOIP_ISDN_rpt03_scenario_01-0-20200702-14:34:26-11980,1000,0,Exercise7.accessRouter[14].ppp[8].ppp.queue,438
NO_VOIP_ISDN_rpt03_scenario_01-0-20200702-14:34:26-11980,1000,0,Exercise7.accessRouter[14].ppp[9].ppp.queue,402
NO_VOIP_ISDN_rpt03_scenario_01-0-20200702-14:34:26-11980,1000,0,Exercise7.accessRouter[14].ppp[10].ppp.queue,354
NO_VOIP_ISDN_rpt03_scenario_01-0-20200702-14:34:26-11980,1000,0,Exercise7.accessRouter[14].ppp[11].ppp.queue,378
NO_VOIP_ISDN_rpt03_scenario_01-0-20200702-14:34:26-11980,1000,0,Exercise7.accessRouter[14].ppp[12].ppp.queue,484
NO_VOIP_ISDN_rpt03_scenario_01-0-20200702-14:34:26-11980,1000,0,Exercise7.accessRouter[14].ppp[13].ppp.queue,389
NO_VOIP_ISDN_rpt03_scenario_01-0-20200702-14:34:26-11980,1000,0,Exercise7.accessRouter[14].ppp[14].ppp.queue,321
NO_VOIP_ISDN_rpt03_scenario_01-0-20200702-14:34:26-11980,1000,0,Exercise7.accessRouter[14].ppp[15].ppp.queue,349
NO_VOIP_ISDN_rpt03_scenario_01-0-20200702-14:34:26-11980,1000,0,Exercise7.accessRouter[14].ppp[16].ppp.queue,412
NO_VOIP_ISDN_rpt03_scenario_01-0-20200702-14:34:26-11980,1000,0,Exercise7.accessRouter[14].ppp[17].ppp.queue,371
NO_VOIP_ISDN_rpt03_scenario_01-0-20200702-14:34:26-11980,1000,0,Exercise7.accessRouter[14].ppp[18].ppp.queue,300
NO_VOIP_ISDN_rpt03_scenario_01-0-20200702-14:34:26-11980,1000,0,Exercise7.accessRouter[14].ppp[19].ppp.queue,335
NO_VOIP_ISDN_rpt03_scenario_01-0-20200702-14:34:26-11980,1000,0,Exercise7.accessRouter[14].ppp[20].ppp.queue,333
NO_VOIP_ISDN_rpt03_scenario_01-0-20200702-14:34:26-11980,1000,0,Exercise7.accessRouter[14].ppp[21].ppp.queue,362
NO_VOIP_ISDN_rpt03_scenario_01-0-20200702-14:34:26-11980,1000,0,Exercise7.accessRouter[14].ppp[22].ppp.queue,340
NO_VOIP_ISDN_rpt03_scenario_01-0-20200702-14:34:26-11980,1000,0,Exercise7.accessRouter[14].ppp[23].ppp.queue,355
NO_VOIP_ISDN_rpt03_scenario_01-0-20200702-14:34:26-11980,1000,0,Exercise7.accessRouter[14].ppp[24].ppp.queue,339
NO_VOIP_ISDN_rpt03_scenario_01-0-20200702-14:34:26-11980,1000,0,Exercise7.accessRouter[14].ppp[25].ppp.queue,379
NO_VOIP_ISDN_rpt03_scenario_01-0-20200702-14:34:26-11980,1000,0,Exercise7.accessRouter[15].ppp[1].ppp.queue,242
NO_VOIP_ISDN_rpt03_scenario_01-0-20200702-14:34:26-11980,1000,0,Exercise7.accessRouter[15].ppp[2].ppp.queue,193
NO_VOIP_ISDN_rpt03_scenario_01-0-20200702-14:34:26-11980,1000,0,Exercise7.accessRouter[15].ppp[3].ppp.queue,423
NO_VOIP_ISDN_rpt03_scenario_01-0-20200702-14:34:26-11980,1000,0,Exercise7.accessRouter[15].ppp[4].ppp.queue,363
NO_VOIP_ISDN_rpt03_scenario_01-0-20200702-14:34:26-11980,1000,0,Exercise7.accessRouter[15].ppp[5].ppp.queue,461
NO_VOIP_ISDN_rpt03_scenario_01-0-20200702-14:34:26-11980,1000,0,Exercise7.accessRouter[15].ppp[6].ppp.queue,437
NO_VOIP_ISDN_rpt03_scenario_01-0-20200702-14:34:26-11980,1000,0,Exercise7.accessRouter[15].ppp[7].ppp.queue,372
NO_VOIP_ISDN_rpt03_scenario_01-0-20200702-14:34:26-11980,1000,0,Exercise7.accessRouter[15].ppp[8].ppp.queue,341
NO_VOIP_ISDN_rpt03_scenario_01-0-20200702-14:34:26-11980,1000,0,Exercise7.accessRouter[15].ppp[9].ppp.queue,482
NO_VOIP_ISDN_rpt03_scenario_01-0-20200702-14:34:26-11980,1000,0,Exercise7.accessRouter[15].ppp[10].ppp.queue,406
NO_VOIP_ISDN_rpt03_scenario_01-0-20200702-14:34:26-11980,1000,0,Exercise7.accessRouter[15].ppp[11].ppp.queue,331
NO_VOIP_ISDN_rpt03_scenario_01-0-20200702-14:34:26-11980,1000,0,Exercise7.accessRouter[15].ppp[12].ppp.queue,369
NO_VOIP_ISDN_rpt03_scenario_01-0-20200702-14:34:26-11980,1000,0,Exercise7.accessRouter[15].ppp[13].ppp.queue,403
NO_VOIP_ISDN_rpt03_scenario_01-0-20200702-14:34:26-11980,1000,0,Exercise7.accessRouter[15].ppp[14].ppp.queue,385
NO_VOIP_ISDN_rpt03_scenario_01-0-20200702-14:34:26-11980,1000,0,Exercise7.accessRouter[15].ppp[15].ppp.queue,271
NO_VOIP_ISDN_rpt03_scenario_01-0-20200702-14:34:26-11980,1000,0,Exercise7.accessRouter[15].ppp[16].ppp.queue,426
NO_VOIP_ISDN_rpt03_scenario_01-0-20200702-14:34:26-11980,1000,0,Exercise7.accessRouter[15].ppp[17].ppp.queue,398
NO_VOIP_ISDN_rpt03_scenario_01-0-20200702-14:34:26-11980,1000,0,Exercise7.accessRouter[15].ppp[18].ppp.queue,395
NO_VOIP_ISDN_rpt03_scenario_01-0-20200702-14:34:26-11980,1000,0,Exercise7.accessRouter[15].ppp[19].ppp.queue,310
NO_VOIP_ISDN_rpt03_scenario_01-0-20200702-14:34:26-11980,1000,0,Exercise7.accessRouter[15].ppp[20].ppp.queue,355
NO_VOIP_ISDN_rpt03_scenario_01-0-20200702-14:34:26-11980,1000,0,Exercise7.accessRouter[15].ppp[21].ppp.queue,228
NO_VOIP_ISDN_rpt03_scenario_01-0-20200702-14:34:26-11980,1000,0,Exercise7.accessRouter[15].ppp[22].ppp.queue,140
NO_VOIP_ISDN_rpt03_scenario_01-0-20200702-14:34:26-11980,1000,0,Exercise7.accessRouter[15].ppp[23].ppp.queue,281
NO_VOIP_ISDN_rpt03_scenario_01-0-20200702-14:34:26-11980,1000,0,Exercise7.accessRouter[15].ppp[24].ppp.queue,403
NO_VOIP_ISDN_rpt03_scenario_01-0-20200702-14:34:26-11980,1000,0,Exercise7.accessRouter[15].ppp[25].ppp.queue,436
NO_VOIP_ISDN_rpt03_scenario_01-0-20200702-14:34:26-11980,1000,0,Exercise7.accessRouter[16].ppp[1].ppp.queue,387
NO_VOIP_ISDN_rpt03_scenario_01-0-20200702-14:34:26-11980,1000,0,Exercise7.accessRouter[16].ppp[2].ppp.queue,367
NO_VOIP_ISDN_rpt03_scenario_01-0-20200702-14:34:26-11980,1000,0,Exercise7.accessRouter[16].ppp[3].ppp.queue,284
NO_VOIP_ISDN_rpt03_scenario_01-0-20200702-14:34:26-11980,1000,0,Exercise7.accessRouter[16].ppp[4].ppp.queue,407
NO_VOIP_ISDN_rpt03_scenario_01-0-20200702-14:34:26-11980,1000,0,Exercise7.accessRouter[16].ppp[5].ppp.queue,333
NO_VOIP_ISDN_rpt03_scenario_01-0-20200702-14:34:26-11980,1000,0,Exercise7.accessRouter[16].ppp[6].ppp.queue,402
NO_VOIP_ISDN_rpt03_scenario_01-0-20200702-14:34:26-11980,1000,0,Exercise7.accessRouter[16].ppp[7].ppp.queue,439
NO_VOIP_ISDN_rpt03_scenario_01-0-20200702-14:34:26-11980,1000,0,Exercise7.accessRouter[16].ppp[8].ppp.queue,307
NO_VOIP_ISDN_rpt03_scenario_01-0-20200702-14:34:26-11980,1000,0,Exercise7.accessRouter[16].ppp[9].ppp.queue,304
NO_VOIP_ISDN_rpt03_scenario_01-0-20200702-14:34:26-11980,1000,0,Exercise7.accessRouter[16].ppp[10].ppp.queue,380
NO_VOIP_ISDN_rpt03_scenario_01-0-20200702-14:34:26-11980,1000,0,Exercise7.accessRouter[16].ppp[11].ppp.queue,352
NO_VOIP_ISDN_rpt03_scenario_01-0-20200702-14:34:26-11980,1000,0,Exercise7.accessRouter[16].ppp[12].ppp.queue,509
NO_VOIP_ISDN_rpt03_scenario_01-0-20200702-14:34:26-11980,1000,0,Exercise7.accessRouter[16].ppp[13].ppp.queue,263
NO_VOIP_ISDN_rpt03_scenario_01-0-20200702-14:34:26-11980,1000,0,Exercise7.accessRouter[16].ppp[14].ppp.queue,313
NO_VOIP_ISDN_rpt03_scenario_01-0-20200702-14:34:26-11980,1000,0,Exercise7.accessRouter[16].ppp[15].ppp.queue,423
NO_VOIP_ISDN_rpt03_scenario_01-0-20200702-14:34:26-11980,1000,0,Exercise7.accessRouter[16].ppp[16].ppp.queue,417
NO_VOIP_ISDN_rpt03_scenario_01-0-20200702-14:34:26-11980,1000,0,Exercise7.accessRouter[16].ppp[17].ppp.queue,420
NO_VOIP_ISDN_rpt03_scenario_01-0-20200702-14:34:26-11980,1000,0,Exercise7.accessRouter[16].ppp[18].ppp.queue,340
NO_VOIP_ISDN_rpt03_scenario_01-0-20200702-14:34:26-11980,1000,0,Exercise7.accessRouter[16].ppp[19].ppp.queue,436
NO_VOIP_ISDN_rpt03_scenario_01-0-20200702-14:34:26-11980,1000,0,Exercise7.accessRouter[16].ppp[20].ppp.queue,321
NO_VOIP_ISDN_rpt03_scenario_01-0-20200702-14:34:26-11980,1000,0,Exercise7.accessRouter[16].ppp[21].ppp.queue,426
NO_VOIP_ISDN_rpt03_scenario_01-0-20200702-14:34:26-11980,1000,0,Exercise7.accessRouter[16].ppp[22].ppp.queue,296
NO_VOIP_ISDN_rpt03_scenario_01-0-20200702-14:34:26-11980,1000,0,Exercise7.accessRouter[16].ppp[23].ppp.queue,478
NO_VOIP_ISDN_rpt03_scenario_01-0-20200702-14:34:26-11980,1000,0,Exercise7.accessRouter[16].ppp[24].ppp.queue,242
NO_VOIP_ISDN_rpt03_scenario_01-0-20200702-14:34:26-11980,1000,0,Exercise7.accessRouter[16].ppp[25].ppp.queue,380
NO_VOIP_ISDN_rpt03_scenario_01-0-20200702-14:34:26-11980,1000,0,Exercise7.accessRouter[17].ppp[1].ppp.queue,298
NO_VOIP_ISDN_rpt03_scenario_01-0-20200702-14:34:26-11980,1000,0,Exercise7.accessRouter[17].ppp[2].ppp.queue,289
NO_VOIP_ISDN_rpt03_scenario_01-0-20200702-14:34:26-11980,1000,0,Exercise7.accessRouter[17].ppp[3].ppp.queue,158
NO_VOIP_ISDN_rpt03_scenario_01-0-20200702-14:34:26-11980,1000,0,Exercise7.accessRouter[17].ppp[4].ppp.queue,348
NO_VOIP_ISDN_rpt03_scenario_01-0-20200702-14:34:26-11980,1000,0,Exercise7.accessRouter[17].ppp[5].ppp.queue,331
NO_VOIP_ISDN_rpt03_scenario_01-0-20200702-14:34:26-11980,1000,0,Exercise7.accessRouter[17].ppp[6].ppp.queue,302
NO_VOIP_ISDN_rpt03_scenario_01-0-20200702-14:34:26-11980,1000,0,Exercise7.accessRouter[17].ppp[7].ppp.queue,285
NO_VOIP_ISDN_rpt03_scenario_01-0-20200702-14:34:26-11980,1000,0,Exercise7.accessRouter[17].ppp[8].ppp.queue,371
NO_VOIP_ISDN_rpt03_scenario_01-0-20200702-14:34:26-11980,1000,0,Exercise7.accessRouter[17].ppp[9].ppp.queue,352
NO_VOIP_ISDN_rpt03_scenario_01-0-20200702-14:34:26-11980,1000,0,Exercise7.accessRouter[17].ppp[10].ppp.queue,328
NO_VOIP_ISDN_rpt03_scenario_01-0-20200702-14:34:26-11980,1000,0,Exercise7.accessRouter[17].ppp[11].ppp.queue,388
NO_VOIP_ISDN_rpt03_scenario_01-0-20200702-14:34:26-11980,1000,0,Exercise7.accessRouter[17].ppp[12].ppp.queue,295
NO_VOIP_ISDN_rpt03_scenario_01-0-20200702-14:34:26-11980,1000,0,Exercise7.accessRouter[17].ppp[13].ppp.queue,256
NO_VOIP_ISDN_rpt03_scenario_01-0-20200702-14:34:26-11980,1000,0,Exercise7.accessRouter[17].ppp[14].ppp.queue,374
NO_VOIP_ISDN_rpt03_scenario_01-0-20200702-14:34:26-11980,1000,0,Exercise7.accessRouter[17].ppp[15].ppp.queue,383
NO_VOIP_ISDN_rpt03_scenario_01-0-20200702-14:34:26-11980,1000,0,Exercise7.accessRouter[17].ppp[16].ppp.queue,382
NO_VOIP_ISDN_rpt03_scenario_01-0-20200702-14:34:26-11980,1000,0,Exercise7.accessRouter[17].ppp[17].ppp.queue,318
NO_VOIP_ISDN_rpt03_scenario_01-0-20200702-14:34:26-11980,1000,0,Exercise7.accessRouter[17].ppp[18].ppp.queue,354
NO_VOIP_ISDN_rpt03_scenario_01-0-20200702-14:34:26-11980,1000,0,Exercise7.accessRouter[17].ppp[19].ppp.queue,360
NO_VOIP_ISDN_rpt03_scenario_01-0-20200702-14:34:26-11980,1000,0,Exercise7.accessRouter[17].ppp[20].ppp.queue,272
NO_VOIP_ISDN_rpt03_scenario_01-0-20200702-14:34:26-11980,1000,0,Exercise7.accessRouter[17].ppp[21].ppp.queue,478
NO_VOIP_ISDN_rpt03_scenario_01-0-20200702-14:34:26-11980,1000,0,Exercise7.accessRouter[17].ppp[22].ppp.queue,296
NO_VOIP_ISDN_rpt03_scenario_01-0-20200702-14:34:26-11980,1000,0,Exercise7.accessRouter[17].ppp[23].ppp.queue,186
NO_VOIP_ISDN_rpt03_scenario_01-0-20200702-14:34:26-11980,1000,0,Exercise7.accessRouter[17].ppp[24].ppp.queue,459
NO_VOIP_ISDN_rpt03_scenario_01-0-20200702-14:34:26-11980,1000,0,Exercise7.accessRouter[17].ppp[25].ppp.queue,515
NO_VOIP_ISDN_rpt03_scenario_01-0-20200702-14:34:26-11980,1000,0,Exercise7.accessRouter[18].ppp[1].ppp.queue,255
NO_VOIP_ISDN_rpt03_scenario_01-0-20200702-14:34:26-11980,1000,0,Exercise7.accessRouter[18].ppp[2].ppp.queue,268
NO_VOIP_ISDN_rpt03_scenario_01-0-20200702-14:34:26-11980,1000,0,Exercise7.accessRouter[18].ppp[3].ppp.queue,401
NO_VOIP_ISDN_rpt03_scenario_01-0-20200702-14:34:26-11980,1000,0,Exercise7.accessRouter[18].ppp[4].ppp.queue,405
NO_VOIP_ISDN_rpt03_scenario_01-0-20200702-14:34:26-11980,1000,0,Exercise7.accessRouter[18].ppp[5].ppp.queue,397
NO_VOIP_ISDN_rpt03_scenario_01-0-20200702-14:34:26-11980,1000,0,Exercise7.accessRouter[18].ppp[6].ppp.queue,348
NO_VOIP_ISDN_rpt03_scenario_01-0-20200702-14:34:26-11980,1000,0,Exercise7.accessRouter[18].ppp[7].ppp.queue,275
NO_VOIP_ISDN_rpt03_scenario_01-0-20200702-14:34:26-11980,1000,0,Exercise7.accessRouter[18].ppp[8].ppp.queue,392
NO_VOIP_ISDN_rpt03_scenario_01-0-20200702-14:34:26-11980,1000,0,Exercise7.accessRouter[18].ppp[9].ppp.queue,556
NO_VOIP_ISDN_rpt03_scenario_01-0-20200702-14:34:26-11980,1000,0,Exercise7.accessRouter[18].ppp[10].ppp.queue,474
NO_VOIP_ISDN_rpt03_scenario_01-0-20200702-14:34:26-11980,1000,0,Exercise7.accessRouter[18].ppp[11].ppp.queue,306
NO_VOIP_ISDN_rpt03_scenario_01-0-20200702-14:34:26-11980,1000,0,Exercise7.accessRouter[18].ppp[12].ppp.queue,450
NO_VOIP_ISDN_rpt03_scenario_01-0-20200702-14:34:26-11980,1000,0,Exercise7.accessRouter[18].ppp[13].ppp.queue,250
NO_VOIP_ISDN_rpt03_scenario_01-0-20200702-14:34:26-11980,1000,0,Exercise7.accessRouter[18].ppp[14].ppp.queue,335
NO_VOIP_ISDN_rpt03_scenario_01-0-20200702-14:34:26-11980,1000,0,Exercise7.accessRouter[18].ppp[15].ppp.queue,395
NO_VOIP_ISDN_rpt03_scenario_01-0-20200702-14:34:26-11980,1000,0,Exercise7.accessRouter[18].ppp[16].ppp.queue,385
NO_VOIP_ISDN_rpt03_scenario_01-0-20200702-14:34:26-11980,1000,0,Exercise7.accessRouter[18].ppp[17].ppp.queue,320
NO_VOIP_ISDN_rpt03_scenario_01-0-20200702-14:34:26-11980,1000,0,Exercise7.accessRouter[18].ppp[18].ppp.queue,390
NO_VOIP_ISDN_rpt03_scenario_01-0-20200702-14:34:26-11980,1000,0,Exercise7.accessRouter[18].ppp[19].ppp.queue,357
NO_VOIP_ISDN_rpt03_scenario_01-0-20200702-14:34:26-11980,1000,0,Exercise7.accessRouter[18].ppp[20].ppp.queue,519
NO_VOIP_ISDN_rpt03_scenario_01-0-20200702-14:34:26-11980,1000,0,Exercise7.accessRouter[18].ppp[21].ppp.queue,420
NO_VOIP_ISDN_rpt03_scenario_01-0-20200702-14:34:26-11980,1000,0,Exercise7.accessRouter[18].ppp[22].ppp.queue,499
NO_VOIP_ISDN_rpt03_scenario_01-0-20200702-14:34:26-11980,1000,0,Exercise7.accessRouter[18].ppp[23].ppp.queue,338
NO_VOIP_ISDN_rpt03_scenario_01-0-20200702-14:34:26-11980,1000,0,Exercise7.accessRouter[18].ppp[24].ppp.queue,353
NO_VOIP_ISDN_rpt03_scenario_01-0-20200702-14:34:26-11980,1000,0,Exercise7.accessRouter[18].ppp[25].ppp.queue,362
NO_VOIP_ISDN_rpt03_scenario_01-0-20200702-14:34:26-11980,1000,0,Exercise7.accessRouter[19].ppp[1].ppp.queue,338
NO_VOIP_ISDN_rpt03_scenario_01-0-20200702-14:34:26-11980,1000,0,Exercise7.accessRouter[19].ppp[2].ppp.queue,302
NO_VOIP_ISDN_rpt03_scenario_01-0-20200702-14:34:26-11980,1000,0,Exercise7.accessRouter[19].ppp[3].ppp.queue,281
NO_VOIP_ISDN_rpt03_scenario_01-0-20200702-14:34:26-11980,1000,0,Exercise7.accessRouter[19].ppp[4].ppp.queue,437
NO_VOIP_ISDN_rpt03_scenario_01-0-20200702-14:34:26-11980,1000,0,Exercise7.accessRouter[19].ppp[5].ppp.queue,370
NO_VOIP_ISDN_rpt03_scenario_01-0-20200702-14:34:26-11980,1000,0,Exercise7.accessRouter[19].ppp[6].ppp.queue,233
NO_VOIP_ISDN_rpt03_scenario_01-0-20200702-14:34:26-11980,1000,0,Exercise7.accessRouter[19].ppp[7].ppp.queue,412
NO_VOIP_ISDN_rpt03_scenario_01-0-20200702-14:34:26-11980,1000,0,Exercise7.accessRouter[19].ppp[8].ppp.queue,473
NO_VOIP_ISDN_rpt03_scenario_01-0-20200702-14:34:26-11980,1000,0,Exercise7.accessRouter[19].ppp[9].ppp.queue,305
NO_VOIP_ISDN_rpt03_scenario_01-0-20200702-14:34:26-11980,1000,0,Exercise7.accessRouter[19].ppp[10].ppp.queue,528
NO_VOIP_ISDN_rpt03_scenario_01-0-20200702-14:34:26-11980,1000,0,Exercise7.accessRouter[19].ppp[11].ppp.queue,348
NO_VOIP_ISDN_rpt03_scenario_01-0-20200702-14:34:26-11980,1000,0,Exercise7.accessRouter[19].ppp[12].ppp.queue,348
NO_VOIP_ISDN_rpt03_scenario_01-0-20200702-14:34:26-11980,1000,0,Exercise7.accessRouter[19].ppp[13].ppp.queue,535
NO_VOIP_ISDN_rpt03_scenario_01-0-20200702-14:34:26-11980,1000,0,Exercise7.accessRouter[19].ppp[14].ppp.queue,349
NO_VOIP_ISDN_rpt03_scenario_01-0-20200702-14:34:26-11980,1000,0,Exercise7.accessRouter[19].ppp[15].ppp.queue,465
NO_VOIP_ISDN_rpt03_scenario_01-0-20200702-14:34:26-11980,1000,0,Exercise7.accessRouter[19].ppp[16].ppp.queue,360
NO_VOIP_ISDN_rpt03_scenario_01-0-20200702-14:34:26-11980,1000,0,Exercise7.accessRouter[19].ppp[17].ppp.queue,518
NO_VOIP_ISDN_rpt03_scenario_01-0-20200702-14:34:26-11980,1000,0,Exercise7.accessRouter[19].ppp[18].ppp.queue,361
NO_VOIP_ISDN_rpt03_scenario_01-0-20200702-14:34:26-11980,1000,0,Exercise7.accessRouter[19].ppp[19].ppp.queue,343
NO_VOIP_ISDN_rpt03_scenario_01-0-20200702-14:34:26-11980,1000,0,Exercise7.accessRouter[19].ppp[20].ppp.queue,317
NO_VOIP_ISDN_rpt03_scenario_01-0-20200702-14:34:26-11980,1000,0,Exercise7.accessRouter[19].ppp[21].ppp.queue,313
NO_VOIP_ISDN_rpt03_scenario_01-0-20200702-14:34:26-11980,1000,0,Exercise7.accessRouter[19].ppp[22].ppp.queue,435
NO_VOIP_ISDN_rpt03_scenario_01-0-20200702-14:34:26-11980,1000,0,Exercise7.accessRouter[19].ppp[23].ppp.queue,470
NO_VOIP_ISDN_rpt03_scenario_01-0-20200702-14:34:26-11980,1000,0,Exercise7.accessRouter[19].ppp[24].ppp.queue,374
NO_VOIP_ISDN_rpt03_scenario_01-0-20200702-14:34:26-11980,1000,0,Exercise7.accessRouter[19].ppp[25].ppp.queue,367
NO_VOIP_ISDN_rpt03_scenario_01-0-20200702-14:34:26-11980,1000,0,Exercise7.accessRouter[20].ppp[1].ppp.queue,375
NO_VOIP_ISDN_rpt03_scenario_01-0-20200702-14:34:26-11980,1000,0,Exercise7.accessRouter[20].ppp[2].ppp.queue,459
NO_VOIP_ISDN_rpt03_scenario_01-0-20200702-14:34:26-11980,1000,0,Exercise7.accessRouter[20].ppp[3].ppp.queue,411
NO_VOIP_ISDN_rpt03_scenario_01-0-20200702-14:34:26-11980,1000,0,Exercise7.accessRouter[20].ppp[4].ppp.queue,360
NO_VOIP_ISDN_rpt03_scenario_01-0-20200702-14:34:26-11980,1000,0,Exercise7.accessRouter[20].ppp[5].ppp.queue,560
NO_VOIP_ISDN_rpt03_scenario_01-0-20200702-14:34:26-11980,1000,0,Exercise7.accessRouter[20].ppp[6].ppp.queue,361
NO_VOIP_ISDN_rpt03_scenario_01-0-20200702-14:34:26-11980,1000,0,Exercise7.accessRouter[20].ppp[7].ppp.queue,271
NO_VOIP_ISDN_rpt03_scenario_01-0-20200702-14:34:26-11980,1000,0,Exercise7.accessRouter[20].ppp[8].ppp.queue,291
NO_VOIP_ISDN_rpt03_scenario_01-0-20200702-14:34:26-11980,1000,0,Exercise7.accessRouter[20].ppp[9].ppp.queue,484
NO_VOIP_ISDN_rpt03_scenario_01-0-20200702-14:34:26-11980,1000,0,Exercise7.accessRouter[20].ppp[10].ppp.queue,339
NO_VOIP_ISDN_rpt03_scenario_01-0-20200702-14:34:26-11980,1000,0,Exercise7.accessRouter[20].ppp[11].ppp.queue,323
NO_VOIP_ISDN_rpt03_scenario_01-0-20200702-14:34:26-11980,1000,0,Exercise7.accessRouter[20].ppp[12].ppp.queue,411
NO_VOIP_ISDN_rpt03_scenario_01-0-20200702-14:34:26-11980,1000,0,Exercise7.accessRouter[20].ppp[13].ppp.queue,370
NO_VOIP_ISDN_rpt03_scenario_01-0-20200702-14:34:26-11980,1000,0,Exercise7.accessRouter[20].ppp[14].ppp.queue,390
NO_VOIP_ISDN_rpt03_scenario_01-0-20200702-14:34:26-11980,1000,0,Exercise7.accessRouter[20].ppp[15].ppp.queue,390
NO_VOIP_ISDN_rpt03_scenario_01-0-20200702-14:34:26-11980,1000,0,Exercise7.accessRouter[20].ppp[16].ppp.queue,228
NO_VOIP_ISDN_rpt03_scenario_01-0-20200702-14:34:26-11980,1000,0,Exercise7.accessRouter[20].ppp[17].ppp.queue,279
NO_VOIP_ISDN_rpt03_scenario_01-0-20200702-14:34:26-11980,1000,0,Exercise7.accessRouter[20].ppp[18].ppp.queue,343
NO_VOIP_ISDN_rpt03_scenario_01-0-20200702-14:34:26-11980,1000,0,Exercise7.accessRouter[20].ppp[19].ppp.queue,264
NO_VOIP_ISDN_rpt03_scenario_01-0-20200702-14:34:26-11980,1000,0,Exercise7.accessRouter[20].ppp[20].ppp.queue,301
NO_VOIP_ISDN_rpt03_scenario_01-0-20200702-14:34:26-11980,1000,0,Exercise7.accessRouter[20].ppp[21].ppp.queue,411
NO_VOIP_ISDN_rpt03_scenario_01-0-20200702-14:34:26-11980,1000,0,Exercise7.accessRouter[20].ppp[22].ppp.queue,396
NO_VOIP_ISDN_rpt03_scenario_01-0-20200702-14:34:26-11980,1000,0,Exercise7.accessRouter[20].ppp[23].ppp.queue,341
NO_VOIP_ISDN_rpt03_scenario_01-0-20200702-14:34:26-11980,1000,0,Exercise7.accessRouter[20].ppp[24].ppp.queue,369
NO_VOIP_ISDN_rpt03_scenario_01-0-20200702-14:34:26-11980,1000,0,Exercise7.accessRouter[20].ppp[25].ppp.queue,449
NO_VOIP_ISDN_rpt03_scenario_01-0-20200702-14:34:26-11980,1000,0,Exercise7.accessRouter[21].ppp[1].ppp.queue,416
NO_VOIP_ISDN_rpt03_scenario_01-0-20200702-14:34:26-11980,1000,0,Exercise7.accessRouter[21].ppp[2].ppp.queue,372
NO_VOIP_ISDN_rpt03_scenario_01-0-20200702-14:34:26-11980,1000,0,Exercise7.accessRouter[21].ppp[3].ppp.queue,566
NO_VOIP_ISDN_rpt03_scenario_01-0-20200702-14:34:26-11980,1000,0,Exercise7.accessRouter[21].ppp[4].ppp.queue,378
NO_VOIP_ISDN_rpt03_scenario_01-0-20200702-14:34:26-11980,1000,0,Exercise7.accessRouter[21].ppp[5].ppp.queue,398
NO_VOIP_ISDN_rpt03_scenario_01-0-20200702-14:34:26-11980,1000,0,Exercise7.accessRouter[21].ppp[6].ppp.queue,364
NO_VOIP_ISDN_rpt03_scenario_01-0-20200702-14:34:26-11980,1000,0,Exercise7.accessRouter[21].ppp[7].ppp.queue,415
NO_VOIP_ISDN_rpt03_scenario_01-0-20200702-14:34:26-11980,1000,0,Exercise7.accessRouter[21].ppp[8].ppp.queue,457
NO_VOIP_ISDN_rpt03_scenario_01-0-20200702-14:34:26-11980,1000,0,Exercise7.accessRouter[21].ppp[9].ppp.queue,489
NO_VOIP_ISDN_rpt03_scenario_01-0-20200702-14:34:26-11980,1000,0,Exercise7.accessRouter[21].ppp[10].ppp.queue,263
NO_VOIP_ISDN_rpt03_scenario_01-0-20200702-14:34:26-11980,1000,0,Exercise7.accessRouter[21].ppp[11].ppp.queue,377
NO_VOIP_ISDN_rpt03_scenario_01-0-20200702-14:34:26-11980,1000,0,Exercise7.accessRouter[21].ppp[12].ppp.queue,475
NO_VOIP_ISDN_rpt03_scenario_01-0-20200702-14:34:26-11980,1000,0,Exercise7.accessRouter[21].ppp[13].ppp.queue,385
NO_VOIP_ISDN_rpt03_scenario_01-0-20200702-14:34:26-11980,1000,0,Exercise7.accessRouter[21].ppp[14].ppp.queue,516
NO_VOIP_ISDN_rpt03_scenario_01-0-20200702-14:34:26-11980,1000,0,Exercise7.accessRouter[21].ppp[15].ppp.queue,437
NO_VOIP_ISDN_rpt03_scenario_01-0-20200702-14:34:26-11980,1000,0,Exercise7.accessRouter[21].ppp[16].ppp.queue,401
NO_VOIP_ISDN_rpt03_scenario_01-0-20200702-14:34:26-11980,1000,0,Exercise7.accessRouter[21].ppp[17].ppp.queue,309
NO_VOIP_ISDN_rpt03_scenario_01-0-20200702-14:34:26-11980,1000,0,Exercise7.accessRouter[21].ppp[18].ppp.queue,363
NO_VOIP_ISDN_rpt03_scenario_01-0-20200702-14:34:26-11980,1000,0,Exercise7.accessRouter[21].ppp[19].ppp.queue,390
NO_VOIP_ISDN_rpt03_scenario_01-0-20200702-14:34:26-11980,1000,0,Exercise7.accessRouter[21].ppp[20].ppp.queue,375
NO_VOIP_ISDN_rpt03_scenario_01-0-20200702-14:34:26-11980,1000,0,Exercise7.accessRouter[21].ppp[21].ppp.queue,330
NO_VOIP_ISDN_rpt03_scenario_01-0-20200702-14:34:26-11980,1000,0,Exercise7.accessRouter[21].ppp[22].ppp.queue,324
NO_VOIP_ISDN_rpt03_scenario_01-0-20200702-14:34:26-11980,1000,0,Exercise7.accessRouter[21].ppp[23].ppp.queue,413
NO_VOIP_ISDN_rpt03_scenario_01-0-20200702-14:34:26-11980,1000,0,Exercise7.accessRouter[21].ppp[24].ppp.queue,267
NO_VOIP_ISDN_rpt03_scenario_01-0-20200702-14:34:26-11980,1000,0,Exercise7.accessRouter[21].ppp[25].ppp.queue,370
NO_VOIP_ISDN_rpt03_scenario_01-0-20200702-14:34:26-11980,1000,0,Exercise7.accessRouter[22].ppp[1].ppp.queue,496
NO_VOIP_ISDN_rpt03_scenario_01-0-20200702-14:34:26-11980,1000,0,Exercise7.accessRouter[22].ppp[2].ppp.queue,348
NO_VOIP_ISDN_rpt03_scenario_01-0-20200702-14:34:26-11980,1000,0,Exercise7.accessRouter[22].ppp[3].ppp.queue,291
NO_VOIP_ISDN_rpt03_scenario_01-0-20200702-14:34:26-11980,1000,0,Exercise7.accessRouter[22].ppp[4].ppp.queue,364
NO_VOIP_ISDN_rpt03_scenario_01-0-20200702-14:34:26-11980,1000,0,Exercise7.accessRouter[22].ppp[5].ppp.queue,374
NO_VOIP_ISDN_rpt03_scenario_01-0-20200702-14:34:26-11980,1000,0,Exercise7.accessRouter[22].ppp[6].ppp.queue,396
NO_VOIP_ISDN_rpt03_scenario_01-0-20200702-14:34:26-11980,1000,0,Exercise7.accessRouter[22].ppp[7].ppp.queue,394
NO_VOIP_ISDN_rpt03_scenario_01-0-20200702-14:34:26-11980,1000,0,Exercise7.accessRouter[22].ppp[8].ppp.queue,377
NO_VOIP_ISDN_rpt03_scenario_01-0-20200702-14:34:26-11980,1000,0,Exercise7.accessRouter[22].ppp[9].ppp.queue,408
NO_VOIP_ISDN_rpt03_scenario_01-0-20200702-14:34:26-11980,1000,0,Exercise7.accessRouter[22].ppp[10].ppp.queue,475
NO_VOIP_ISDN_rpt03_scenario_01-0-20200702-14:34:26-11980,1000,0,Exercise7.accessRouter[22].ppp[11].ppp.queue,345
NO_VOIP_ISDN_rpt03_scenario_01-0-20200702-14:34:26-11980,1000,0,Exercise7.accessRouter[22].ppp[12].ppp.queue,350
NO_VOIP_ISDN_rpt03_scenario_01-0-20200702-14:34:26-11980,1000,0,Exercise7.accessRouter[22].ppp[13].ppp.queue,317
NO_VOIP_ISDN_rpt03_scenario_01-0-20200702-14:34:26-11980,1000,0,Exercise7.accessRouter[22].ppp[14].ppp.queue,363
NO_VOIP_ISDN_rpt03_scenario_01-0-20200702-14:34:26-11980,1000,0,Exercise7.accessRouter[22].ppp[15].ppp.queue,325
NO_VOIP_ISDN_rpt03_scenario_01-0-20200702-14:34:26-11980,1000,0,Exercise7.accessRouter[22].ppp[16].ppp.queue,329
NO_VOIP_ISDN_rpt03_scenario_01-0-20200702-14:34:26-11980,1000,0,Exercise7.accessRouter[22].ppp[17].ppp.queue,296
NO_VOIP_ISDN_rpt03_scenario_01-0-20200702-14:34:26-11980,1000,0,Exercise7.accessRouter[22].ppp[18].ppp.queue,337
NO_VOIP_ISDN_rpt03_scenario_01-0-20200702-14:34:26-11980,1000,0,Exercise7.accessRouter[22].ppp[19].ppp.queue,373
NO_VOIP_ISDN_rpt03_scenario_01-0-20200702-14:34:26-11980,1000,0,Exercise7.accessRouter[22].ppp[20].ppp.queue,381
NO_VOIP_ISDN_rpt03_scenario_01-0-20200702-14:34:26-11980,1000,0,Exercise7.accessRouter[22].ppp[21].ppp.queue,391
NO_VOIP_ISDN_rpt03_scenario_01-0-20200702-14:34:26-11980,1000,0,Exercise7.accessRouter[22].ppp[22].ppp.queue,314
NO_VOIP_ISDN_rpt03_scenario_01-0-20200702-14:34:26-11980,1000,0,Exercise7.accessRouter[22].ppp[23].ppp.queue,371
NO_VOIP_ISDN_rpt03_scenario_01-0-20200702-14:34:26-11980,1000,0,Exercise7.accessRouter[22].ppp[24].ppp.queue,258
NO_VOIP_ISDN_rpt03_scenario_01-0-20200702-14:34:26-11980,1000,0,Exercise7.accessRouter[22].ppp[25].ppp.queue,267
NO_VOIP_ISDN_rpt03_scenario_01-0-20200702-14:34:26-11980,1000,0,Exercise7.accessRouter[23].ppp[1].ppp.queue,268
NO_VOIP_ISDN_rpt03_scenario_01-0-20200702-14:34:26-11980,1000,0,Exercise7.accessRouter[23].ppp[2].ppp.queue,466
NO_VOIP_ISDN_rpt03_scenario_01-0-20200702-14:34:26-11980,1000,0,Exercise7.accessRouter[23].ppp[3].ppp.queue,525
NO_VOIP_ISDN_rpt03_scenario_01-0-20200702-14:34:26-11980,1000,0,Exercise7.accessRouter[23].ppp[4].ppp.queue,283
NO_VOIP_ISDN_rpt03_scenario_01-0-20200702-14:34:26-11980,1000,0,Exercise7.accessRouter[23].ppp[5].ppp.queue,317
NO_VOIP_ISDN_rpt03_scenario_01-0-20200702-14:34:26-11980,1000,0,Exercise7.accessRouter[23].ppp[6].ppp.queue,359
NO_VOIP_ISDN_rpt03_scenario_01-0-20200702-14:34:26-11980,1000,0,Exercise7.accessRouter[23].ppp[7].ppp.queue,430
NO_VOIP_ISDN_rpt03_scenario_01-0-20200702-14:34:26-11980,1000,0,Exercise7.accessRouter[23].ppp[8].ppp.queue,377
NO_VOIP_ISDN_rpt03_scenario_01-0-20200702-14:34:26-11980,1000,0,Exercise7.accessRouter[23].ppp[9].ppp.queue,353
NO_VOIP_ISDN_rpt03_scenario_01-0-20200702-14:34:26-11980,1000,0,Exercise7.accessRouter[23].ppp[10].ppp.queue,376
NO_VOIP_ISDN_rpt03_scenario_01-0-20200702-14:34:26-11980,1000,0,Exercise7.accessRouter[23].ppp[11].ppp.queue,356
NO_VOIP_ISDN_rpt03_scenario_01-0-20200702-14:34:26-11980,1000,0,Exercise7.accessRouter[23].ppp[12].ppp.queue,431
NO_VOIP_ISDN_rpt03_scenario_01-0-20200702-14:34:26-11980,1000,0,Exercise7.accessRouter[23].ppp[13].ppp.queue,306
NO_VOIP_ISDN_rpt03_scenario_01-0-20200702-14:34:26-11980,1000,0,Exercise7.accessRouter[23].ppp[14].ppp.queue,385
NO_VOIP_ISDN_rpt03_scenario_01-0-20200702-14:34:26-11980,1000,0,Exercise7.accessRouter[23].ppp[15].ppp.queue,426
NO_VOIP_ISDN_rpt03_scenario_01-0-20200702-14:34:26-11980,1000,0,Exercise7.accessRouter[23].ppp[16].ppp.queue,459
NO_VOIP_ISDN_rpt03_scenario_01-0-20200702-14:34:26-11980,1000,0,Exercise7.accessRouter[23].ppp[17].ppp.queue,248
NO_VOIP_ISDN_rpt03_scenario_01-0-20200702-14:34:26-11980,1000,0,Exercise7.accessRouter[23].ppp[18].ppp.queue,379
NO_VOIP_ISDN_rpt03_scenario_01-0-20200702-14:34:26-11980,1000,0,Exercise7.accessRouter[23].ppp[19].ppp.queue,281
NO_VOIP_ISDN_rpt03_scenario_01-0-20200702-14:34:26-11980,1000,0,Exercise7.accessRouter[23].ppp[20].ppp.queue,386
NO_VOIP_ISDN_rpt03_scenario_01-0-20200702-14:34:26-11980,1000,0,Exercise7.accessRouter[23].ppp[21].ppp.queue,424
NO_VOIP_ISDN_rpt03_scenario_01-0-20200702-14:34:26-11980,1000,0,Exercise7.accessRouter[23].ppp[22].ppp.queue,298
NO_VOIP_ISDN_rpt03_scenario_01-0-20200702-14:34:26-11980,1000,0,Exercise7.accessRouter[23].ppp[23].ppp.queue,230
NO_VOIP_ISDN_rpt03_scenario_01-0-20200702-14:34:26-11980,1000,0,Exercise7.accessRouter[23].ppp[24].ppp.queue,328
NO_VOIP_ISDN_rpt03_scenario_01-0-20200702-14:34:26-11980,1000,0,Exercise7.accessRouter[23].ppp[25].ppp.queue,249
NO_VOIP_ISDN_rpt03_scenario_01-0-20200702-14:34:26-11980,1000,0,Exercise7.accessRouter[24].ppp[1].ppp.queue,329
NO_VOIP_ISDN_rpt03_scenario_01-0-20200702-14:34:26-11980,1000,0,Exercise7.accessRouter[24].ppp[2].ppp.queue,447
NO_VOIP_ISDN_rpt03_scenario_01-0-20200702-14:34:26-11980,1000,0,Exercise7.accessRouter[24].ppp[3].ppp.queue,288
NO_VOIP_ISDN_rpt03_scenario_01-0-20200702-14:34:26-11980,1000,0,Exercise7.accessRouter[24].ppp[4].ppp.queue,284
NO_VOIP_ISDN_rpt03_scenario_01-0-20200702-14:34:26-11980,1000,0,Exercise7.accessRouter[24].ppp[5].ppp.queue,390
NO_VOIP_ISDN_rpt03_scenario_01-0-20200702-14:34:26-11980,1000,0,Exercise7.accessRouter[24].ppp[6].ppp.queue,414
NO_VOIP_ISDN_rpt03_scenario_01-0-20200702-14:34:26-11980,1000,0,Exercise7.accessRouter[24].ppp[7].ppp.queue,425
NO_VOIP_ISDN_rpt03_scenario_01-0-20200702-14:34:26-11980,1000,0,Exercise7.accessRouter[24].ppp[8].ppp.queue,416
NO_VOIP_ISDN_rpt03_scenario_01-0-20200702-14:34:26-11980,1000,0,Exercise7.accessRouter[24].ppp[9].ppp.queue,425
NO_VOIP_ISDN_rpt03_scenario_01-0-20200702-14:34:26-11980,1000,0,Exercise7.accessRouter[24].ppp[10].ppp.queue,452
NO_VOIP_ISDN_rpt03_scenario_01-0-20200702-14:34:26-11980,1000,0,Exercise7.accessRouter[24].ppp[11].ppp.queue,309
NO_VOIP_ISDN_rpt03_scenario_01-0-20200702-14:34:26-11980,1000,0,Exercise7.accessRouter[24].ppp[12].ppp.queue,461
NO_VOIP_ISDN_rpt03_scenario_01-0-20200702-14:34:26-11980,1000,0,Exercise7.accessRouter[24].ppp[13].ppp.queue,410
NO_VOIP_ISDN_rpt03_scenario_01-0-20200702-14:34:26-11980,1000,0,Exercise7.accessRouter[24].ppp[14].ppp.queue,275
NO_VOIP_ISDN_rpt03_scenario_01-0-20200702-14:34:26-11980,1000,0,Exercise7.accessRouter[24].ppp[15].ppp.queue,329
NO_VOIP_ISDN_rpt03_scenario_01-0-20200702-14:34:26-11980,1000,0,Exercise7.accessRouter[24].ppp[16].ppp.queue,503
NO_VOIP_ISDN_rpt03_scenario_01-0-20200702-14:34:26-11980,1000,0,Exercise7.accessRouter[24].ppp[17].ppp.queue,266
NO_VOIP_ISDN_rpt03_scenario_01-0-20200702-14:34:26-11980,1000,0,Exercise7.accessRouter[24].ppp[18].ppp.queue,346
NO_VOIP_ISDN_rpt03_scenario_01-0-20200702-14:34:26-11980,1000,0,Exercise7.accessRouter[24].ppp[19].ppp.queue,340
NO_VOIP_ISDN_rpt03_scenario_01-0-20200702-14:34:26-11980,1000,0,Exercise7.accessRouter[24].ppp[20].ppp.queue,256
NO_VOIP_ISDN_rpt03_scenario_01-0-20200702-14:34:26-11980,1000,0,Exercise7.accessRouter[24].ppp[21].ppp.queue,511
NO_VOIP_ISDN_rpt03_scenario_01-0-20200702-14:34:26-11980,1000,0,Exercise7.accessRouter[24].ppp[22].ppp.queue,362
NO_VOIP_ISDN_rpt03_scenario_01-0-20200702-14:34:26-11980,1000,0,Exercise7.accessRouter[24].ppp[23].ppp.queue,273
NO_VOIP_ISDN_rpt03_scenario_01-0-20200702-14:34:26-11980,1000,0,Exercise7.accessRouter[24].ppp[24].ppp.queue,446
NO_VOIP_ISDN_rpt03_scenario_01-0-20200702-14:34:26-11980,1000,0,Exercise7.accessRouter[24].ppp[25].ppp.queue,328
