run,time,repetition,Module,packetDropQueueOverflow:sum(packetBytes)
NO_VOIP_ISDN_rpt03_scenario_01-0-20200702-14:34:26-11980,1000,0,Exercise7.accessRouter[0].ppp[1].ppp.queue,334085
NO_VOIP_ISDN_rpt03_scenario_01-0-20200702-14:34:26-11980,1000,0,Exercise7.accessRouter[0].ppp[2].ppp.queue,345075
NO_VOIP_ISDN_rpt03_scenario_01-0-20200702-14:34:26-11980,1000,0,Exercise7.accessRouter[0].ppp[3].ppp.queue,380364
NO_VOIP_ISDN_rpt03_scenario_01-0-20200702-14:34:26-11980,1000,0,Exercise7.accessRouter[0].ppp[4].ppp.queue,353885
NO_VOIP_ISDN_rpt03_scenario_01-0-20200702-14:34:26-11980,1000,0,Exercise7.accessRouter[0].ppp[5].ppp.queue,464809
NO_VOIP_ISDN_rpt03_scenario_01-0-20200702-14:34:26-11980,1000,0,Exercise7.accessRouter[0].ppp[6].ppp.queue,331926
NO_VOIP_ISDN_rpt03_scenario_01-0-20200702-14:34:26-11980,1000,0,Exercise7.accessRouter[0].ppp[7].ppp.queue,404062
NO_VOIP_ISDN_rpt03_scenario_01-0-20200702-14:34:26-11980,1000,0,Exercise7.accessRouter[0].ppp[8].ppp.queue,235255
NO_VOIP_ISDN_rpt03_scenario_01-0-20200702-14:34:26-11980,1000,0,Exercise7.accessRouter[0].ppp[9].ppp.queue,414519
NO_VOIP_ISDN_rpt03_scenario_01-0-20200702-14:34:26-11980,1000,0,Exercise7.accessRouter[0].ppp[10].ppp.queue,464309
NO_VOIP_ISDN_rpt03_scenario_01-0-20200702-14:34:26-11980,1000,0,Exercise7.accessRouter[0].ppp[11].ppp.queue,240924
NO_VOIP_ISDN_rpt03_scenario_01-0-20200702-14:34:26-11980,1000,0,Exercise7.accessRouter[0].ppp[12].ppp.queue,428067
NO_VOIP_ISDN_rpt03_scenario_01-0-20200702-14:34:26-11980,1000,0,Exercise7.accessRouter[0].ppp[13].ppp.queue,358249
NO_VOIP_ISDN_rpt03_scenario_01-0-20200702-14:34:26-11980,1000,0,Exercise7.accessRouter[0].ppp[14].ppp.queue,354326
NO_VOIP_ISDN_rpt03_scenario_01-0-20200702-14:34:26-11980,1000,0,Exercise7.accessRouter[0].ppp[15].ppp.queue,451964
NO_VOIP_ISDN_rpt03_scenario_01-0-20200702-14:34:26-11980,1000,0,Exercise7.accessRouter[0].ppp[16].ppp.queue,505182
NO_VOIP_ISDN_rpt03_scenario_01-0-20200702-14:34:26-11980,1000,0,Exercise7.accessRouter[0].ppp[17].ppp.queue,349224
NO_VOIP_ISDN_rpt03_scenario_01-0-20200702-14:34:26-11980,1000,0,Exercise7.accessRouter[0].ppp[18].ppp.queue,343584
NO_VOIP_ISDN_rpt03_scenario_01-0-20200702-14:34:26-11980,1000,0,Exercise7.accessRouter[0].ppp[19].ppp.queue,245719
NO_VOIP_ISDN_rpt03_scenario_01-0-20200702-14:34:26-11980,1000,0,Exercise7.accessRouter[0].ppp[20].ppp.queue,415858
NO_VOIP_ISDN_rpt03_scenario_01-0-20200702-14:34:26-11980,1000,0,Exercise7.accessRouter[0].ppp[21].ppp.queue,447956
NO_VOIP_ISDN_rpt03_scenario_01-0-20200702-14:34:26-11980,1000,0,Exercise7.accessRouter[0].ppp[22].ppp.queue,446607
NO_VOIP_ISDN_rpt03_scenario_01-0-20200702-14:34:26-11980,1000,0,Exercise7.accessRouter[0].ppp[23].ppp.queue,212160
NO_VOIP_ISDN_rpt03_scenario_01-0-20200702-14:34:26-11980,1000,0,Exercise7.accessRouter[0].ppp[24].ppp.queue,354000
NO_VOIP_ISDN_rpt03_scenario_01-0-20200702-14:34:26-11980,1000,0,Exercise7.accessRouter[0].ppp[25].ppp.queue,243360
NO_VOIP_ISDN_rpt03_scenario_01-0-20200702-14:34:26-11980,1000,0,Exercise7.accessRouter[1].ppp[1].ppp.queue,461138
NO_VOIP_ISDN_rpt03_scenario_01-0-20200702-14:34:26-11980,1000,0,Exercise7.accessRouter[1].ppp[2].ppp.queue,332134
NO_VOIP_ISDN_rpt03_scenario_01-0-20200702-14:34:26-11980,1000,0,Exercise7.accessRouter[1].ppp[3].ppp.queue,418845
NO_VOIP_ISDN_rpt03_scenario_01-0-20200702-14:34:26-11980,1000,0,Exercise7.accessRouter[1].ppp[4].ppp.queue,478540
NO_VOIP_ISDN_rpt03_scenario_01-0-20200702-14:34:26-11980,1000,0,Exercise7.accessRouter[1].ppp[5].ppp.queue,380293
NO_VOIP_ISDN_rpt03_scenario_01-0-20200702-14:34:26-11980,1000,0,Exercise7.accessRouter[1].ppp[6].ppp.queue,356584
NO_VOIP_ISDN_rpt03_scenario_01-0-20200702-14:34:26-11980,1000,0,Exercise7.accessRouter[1].ppp[7].ppp.queue,466352
NO_VOIP_ISDN_rpt03_scenario_01-0-20200702-14:34:26-11980,1000,0,Exercise7.accessRouter[1].ppp[8].ppp.queue,272114
NO_VOIP_ISDN_rpt03_scenario_01-0-20200702-14:34:26-11980,1000,0,Exercise7.accessRouter[1].ppp[9].ppp.queue,319284
NO_VOIP_ISDN_rpt03_scenario_01-0-20200702-14:34:26-11980,1000,0,Exercise7.accessRouter[1].ppp[10].ppp.queue,436176
NO_VOIP_ISDN_rpt03_scenario_01-0-20200702-14:34:26-11980,1000,0,Exercise7.accessRouter[1].ppp[11].ppp.queue,384756
NO_VOIP_ISDN_rpt03_scenario_01-0-20200702-14:34:26-11980,1000,0,Exercise7.accessRouter[1].ppp[12].ppp.queue,360580
NO_VOIP_ISDN_rpt03_scenario_01-0-20200702-14:34:26-11980,1000,0,Exercise7.accessRouter[1].ppp[13].ppp.queue,380130
NO_VOIP_ISDN_rpt03_scenario_01-0-20200702-14:34:26-11980,1000,0,Exercise7.accessRouter[1].ppp[14].ppp.queue,323440
NO_VOIP_ISDN_rpt03_scenario_01-0-20200702-14:34:26-11980,1000,0,Exercise7.accessRouter[1].ppp[15].ppp.queue,279493
NO_VOIP_ISDN_rpt03_scenario_01-0-20200702-14:34:26-11980,1000,0,Exercise7.accessRouter[1].ppp[16].ppp.queue,392835
NO_VOIP_ISDN_rpt03_scenario_01-0-20200702-14:34:26-11980,1000,0,Exercise7.accessRouter[1].ppp[17].ppp.queue,276640
NO_VOIP_ISDN_rpt03_scenario_01-0-20200702-14:34:26-11980,1000,0,Exercise7.accessRouter[1].ppp[18].ppp.queue,446228
NO_VOIP_ISDN_rpt03_scenario_01-0-20200702-14:34:26-11980,1000,0,Exercise7.accessRouter[1].ppp[19].ppp.queue,525753
NO_VOIP_ISDN_rpt03_scenario_01-0-20200702-14:34:26-11980,1000,0,Exercise7.accessRouter[1].ppp[20].ppp.queue,383233
NO_VOIP_ISDN_rpt03_scenario_01-0-20200702-14:34:26-11980,1000,0,Exercise7.accessRouter[1].ppp[21].ppp.queue,439274
NO_VOIP_ISDN_rpt03_scenario_01-0-20200702-14:34:26-11980,1000,0,Exercise7.accessRouter[1].ppp[22].ppp.queue,391962
NO_VOIP_ISDN_rpt03_scenario_01-0-20200702-14:34:26-11980,1000,0,Exercise7.accessRouter[1].ppp[23].ppp.queue,374778
NO_VOIP_ISDN_rpt03_scenario_01-0-20200702-14:34:26-11980,1000,0,Exercise7.accessRouter[1].ppp[24].ppp.queue,488319
NO_VOIP_ISDN_rpt03_scenario_01-0-20200702-14:34:26-11980,1000,0,Exercise7.accessRouter[1].ppp[25].ppp.queue,368760
NO_VOIP_ISDN_rpt03_scenario_01-0-20200702-14:34:26-11980,1000,0,Exercise7.accessRouter[2].ppp[1].ppp.queue,291200
NO_VOIP_ISDN_rpt03_scenario_01-0-20200702-14:34:26-11980,1000,0,Exercise7.accessRouter[2].ppp[2].ppp.queue,289867
NO_VOIP_ISDN_rpt03_scenario_01-0-20200702-14:34:26-11980,1000,0,Exercise7.accessRouter[2].ppp[3].ppp.queue,446162
NO_VOIP_ISDN_rpt03_scenario_01-0-20200702-14:34:26-11980,1000,0,Exercise7.accessRouter[2].ppp[4].ppp.queue,388111
NO_VOIP_ISDN_rpt03_scenario_01-0-20200702-14:34:26-11980,1000,0,Exercise7.accessRouter[2].ppp[5].ppp.queue,384981
NO_VOIP_ISDN_rpt03_scenario_01-0-20200702-14:34:26-11980,1000,0,Exercise7.accessRouter[2].ppp[6].ppp.queue,322456
NO_VOIP_ISDN_rpt03_scenario_01-0-20200702-14:34:26-11980,1000,0,Exercise7.accessRouter[2].ppp[7].ppp.queue,527018
NO_VOIP_ISDN_rpt03_scenario_01-0-20200702-14:34:26-11980,1000,0,Exercise7.accessRouter[2].ppp[8].ppp.queue,412528
NO_VOIP_ISDN_rpt03_scenario_01-0-20200702-14:34:26-11980,1000,0,Exercise7.accessRouter[2].ppp[9].ppp.queue,297605
NO_VOIP_ISDN_rpt03_scenario_01-0-20200702-14:34:26-11980,1000,0,Exercise7.accessRouter[2].ppp[10].ppp.queue,418807
NO_VOIP_ISDN_rpt03_scenario_01-0-20200702-14:34:26-11980,1000,0,Exercise7.accessRouter[2].ppp[11].ppp.queue,337922
NO_VOIP_ISDN_rpt03_scenario_01-0-20200702-14:34:26-11980,1000,0,Exercise7.accessRouter[2].ppp[12].ppp.queue,446493
NO_VOIP_ISDN_rpt03_scenario_01-0-20200702-14:34:26-11980,1000,0,Exercise7.accessRouter[2].ppp[13].ppp.queue,315856
NO_VOIP_ISDN_rpt03_scenario_01-0-20200702-14:34:26-11980,1000,0,Exercise7.accessRouter[2].ppp[14].ppp.queue,380211
NO_VOIP_ISDN_rpt03_scenario_01-0-20200702-14:34:26-11980,1000,0,Exercise7.accessRouter[2].ppp[15].ppp.queue,471664
NO_VOIP_ISDN_rpt03_scenario_01-0-20200702-14:34:26-11980,1000,0,Exercise7.accessRouter[2].ppp[16].ppp.queue,368680
NO_VOIP_ISDN_rpt03_scenario_01-0-20200702-14:34:26-11980,1000,0,Exercise7.accessRouter[2].ppp[17].ppp.queue,312927
NO_VOIP_ISDN_rpt03_scenario_01-0-20200702-14:34:26-11980,1000,0,Exercise7.accessRouter[2].ppp[18].ppp.queue,269125
NO_VOIP_ISDN_rpt03_scenario_01-0-20200702-14:34:26-11980,1000,0,Exercise7.accessRouter[2].ppp[19].ppp.queue,400958
NO_VOIP_ISDN_rpt03_scenario_01-0-20200702-14:34:26-11980,1000,0,Exercise7.accessRouter[2].ppp[20].ppp.queue,342686
NO_VOIP_ISDN_rpt03_scenario_01-0-20200702-14:34:26-11980,1000,0,Exercise7.accessRouter[2].ppp[21].ppp.queue,270286
NO_VOIP_ISDN_rpt03_scenario_01-0-20200702-14:34:26-11980,1000,0,Exercise7.accessRouter[2].ppp[22].ppp.queue,316704
NO_VOIP_ISDN_rpt03_scenario_01-0-20200702-14:34:26-11980,1000,0,Exercise7.accessRouter[2].ppp[23].ppp.queue,450194
NO_VOIP_ISDN_rpt03_scenario_01-0-20200702-14:34:26-11980,1000,0,Exercise7.accessRouter[2].ppp[24].ppp.queue,413611
NO_VOIP_ISDN_rpt03_scenario_01-0-20200702-14:34:26-11980,1000,0,Exercise7.accessRouter[2].ppp[25].ppp.queue,472532
NO_VOIP_ISDN_rpt03_scenario_01-0-20200702-14:34:26-11980,1000,0,Exercise7.accessRouter[3].ppp[1].ppp.queue,533196
NO_VOIP_ISDN_rpt03_scenario_01-0-20200702-14:34:26-11980,1000,0,Exercise7.accessRouter[3].ppp[2].ppp.queue,397106
NO_VOIP_ISDN_rpt03_scenario_01-0-20200702-14:34:26-11980,1000,0,Exercise7.accessRouter[3].ppp[3].ppp.queue,409049
NO_VOIP_ISDN_rpt03_scenario_01-0-20200702-14:34:26-11980,1000,0,Exercise7.accessRouter[3].ppp[4].ppp.queue,383632
NO_VOIP_ISDN_rpt03_scenario_01-0-20200702-14:34:26-11980,1000,0,Exercise7.accessRouter[3].ppp[5].ppp.queue,424070
NO_VOIP_ISDN_rpt03_scenario_01-0-20200702-14:34:26-11980,1000,0,Exercise7.accessRouter[3].ppp[6].ppp.queue,354588
NO_VOIP_ISDN_rpt03_scenario_01-0-20200702-14:34:26-11980,1000,0,Exercise7.accessRouter[3].ppp[7].ppp.queue,494000
NO_VOIP_ISDN_rpt03_scenario_01-0-20200702-14:34:26-11980,1000,0,Exercise7.accessRouter[3].ppp[8].ppp.queue,426894
NO_VOIP_ISDN_rpt03_scenario_01-0-20200702-14:34:26-11980,1000,0,Exercise7.accessRouter[3].ppp[9].ppp.queue,410060
NO_VOIP_ISDN_rpt03_scenario_01-0-20200702-14:34:26-11980,1000,0,Exercise7.accessRouter[3].ppp[10].ppp.queue,404873
NO_VOIP_ISDN_rpt03_scenario_01-0-20200702-14:34:26-11980,1000,0,Exercise7.accessRouter[3].ppp[11].ppp.queue,458250
NO_VOIP_ISDN_rpt03_scenario_01-0-20200702-14:34:26-11980,1000,0,Exercise7.accessRouter[3].ppp[12].ppp.queue,434486
NO_VOIP_ISDN_rpt03_scenario_01-0-20200702-14:34:26-11980,1000,0,Exercise7.accessRouter[3].ppp[13].ppp.queue,316982
NO_VOIP_ISDN_rpt03_scenario_01-0-20200702-14:34:26-11980,1000,0,Exercise7.accessRouter[3].ppp[14].ppp.queue,387377
NO_VOIP_ISDN_rpt03_scenario_01-0-20200702-14:34:26-11980,1000,0,Exercise7.accessRouter[3].ppp[15].ppp.queue,292187
NO_VOIP_ISDN_rpt03_scenario_01-0-20200702-14:34:26-11980,1000,0,Exercise7.accessRouter[3].ppp[16].ppp.queue,309885
NO_VOIP_ISDN_rpt03_scenario_01-0-20200702-14:34:26-11980,1000,0,Exercise7.accessRouter[3].ppp[17].ppp.queue,378928
NO_VOIP_ISDN_rpt03_scenario_01-0-20200702-14:34:26-11980,1000,0,Exercise7.accessRouter[3].ppp[18].ppp.queue,352223
NO_VOIP_ISDN_rpt03_scenario_01-0-20200702-14:34:26-11980,1000,0,Exercise7.accessRouter[3].ppp[19].ppp.queue,501198
NO_VOIP_ISDN_rpt03_scenario_01-0-20200702-14:34:26-11980,1000,0,Exercise7.accessRouter[3].ppp[20].ppp.queue,398411
NO_VOIP_ISDN_rpt03_scenario_01-0-20200702-14:34:26-11980,1000,0,Exercise7.accessRouter[3].ppp[21].ppp.queue,460505
NO_VOIP_ISDN_rpt03_scenario_01-0-20200702-14:34:26-11980,1000,0,Exercise7.accessRouter[3].ppp[22].ppp.queue,454494
NO_VOIP_ISDN_rpt03_scenario_01-0-20200702-14:34:26-11980,1000,0,Exercise7.accessRouter[3].ppp[23].ppp.queue,442412
NO_VOIP_ISDN_rpt03_scenario_01-0-20200702-14:34:26-11980,1000,0,Exercise7.accessRouter[3].ppp[24].ppp.queue,449630
NO_VOIP_ISDN_rpt03_scenario_01-0-20200702-14:34:26-11980,1000,0,Exercise7.accessRouter[3].ppp[25].ppp.queue,448988
NO_VOIP_ISDN_rpt03_scenario_01-0-20200702-14:34:26-11980,1000,0,Exercise7.accessRouter[4].ppp[1].ppp.queue,446649
NO_VOIP_ISDN_rpt03_scenario_01-0-20200702-14:34:26-11980,1000,0,Exercise7.accessRouter[4].ppp[2].ppp.queue,418169
NO_VOIP_ISDN_rpt03_scenario_01-0-20200702-14:34:26-11980,1000,0,Exercise7.accessRouter[4].ppp[3].ppp.queue,470065
NO_VOIP_ISDN_rpt03_scenario_01-0-20200702-14:34:26-11980,1000,0,Exercise7.accessRouter[4].ppp[4].ppp.queue,441825
NO_VOIP_ISDN_rpt03_scenario_01-0-20200702-14:34:26-11980,1000,0,Exercise7.accessRouter[4].ppp[5].ppp.queue,439987
NO_VOIP_ISDN_rpt03_scenario_01-0-20200702-14:34:26-11980,1000,0,Exercise7.accessRouter[4].ppp[6].ppp.queue,216235
NO_VOIP_ISDN_rpt03_scenario_01-0-20200702-14:34:26-11980,1000,0,Exercise7.accessRouter[4].ppp[7].ppp.queue,406375
NO_VOIP_ISDN_rpt03_scenario_01-0-20200702-14:34:26-11980,1000,0,Exercise7.accessRouter[4].ppp[8].ppp.queue,576016
NO_VOIP_ISDN_rpt03_scenario_01-0-20200702-14:34:26-11980,1000,0,Exercise7.accessRouter[4].ppp[9].ppp.queue,340676
NO_VOIP_ISDN_rpt03_scenario_01-0-20200702-14:34:26-11980,1000,0,Exercise7.accessRouter[4].ppp[10].ppp.queue,211748
NO_VOIP_ISDN_rpt03_scenario_01-0-20200702-14:34:26-11980,1000,0,Exercise7.accessRouter[4].ppp[11].ppp.queue,473512
NO_VOIP_ISDN_rpt03_scenario_01-0-20200702-14:34:26-11980,1000,0,Exercise7.accessRouter[4].ppp[12].ppp.queue,395200
NO_VOIP_ISDN_rpt03_scenario_01-0-20200702-14:34:26-11980,1000,0,Exercise7.accessRouter[4].ppp[13].ppp.queue,458944
NO_VOIP_ISDN_rpt03_scenario_01-0-20200702-14:34:26-11980,1000,0,Exercise7.accessRouter[4].ppp[14].ppp.queue,397122
NO_VOIP_ISDN_rpt03_scenario_01-0-20200702-14:34:26-11980,1000,0,Exercise7.accessRouter[4].ppp[15].ppp.queue,346249
NO_VOIP_ISDN_rpt03_scenario_01-0-20200702-14:34:26-11980,1000,0,Exercise7.accessRouter[4].ppp[16].ppp.queue,388163
NO_VOIP_ISDN_rpt03_scenario_01-0-20200702-14:34:26-11980,1000,0,Exercise7.accessRouter[4].ppp[17].ppp.queue,531440
NO_VOIP_ISDN_rpt03_scenario_01-0-20200702-14:34:26-11980,1000,0,Exercise7.accessRouter[4].ppp[18].ppp.queue,394493
NO_VOIP_ISDN_rpt03_scenario_01-0-20200702-14:34:26-11980,1000,0,Exercise7.accessRouter[4].ppp[19].ppp.queue,473686
NO_VOIP_ISDN_rpt03_scenario_01-0-20200702-14:34:26-11980,1000,0,Exercise7.accessRouter[4].ppp[20].ppp.queue,428480
NO_VOIP_ISDN_rpt03_scenario_01-0-20200702-14:34:26-11980,1000,0,Exercise7.accessRouter[4].ppp[21].ppp.queue,446961
NO_VOIP_ISDN_rpt03_scenario_01-0-20200702-14:34:26-11980,1000,0,Exercise7.accessRouter[4].ppp[22].ppp.queue,278119
NO_VOIP_ISDN_rpt03_scenario_01-0-20200702-14:34:26-11980,1000,0,Exercise7.accessRouter[4].ppp[23].ppp.queue,353256
NO_VOIP_ISDN_rpt03_scenario_01-0-20200702-14:34:26-11980,1000,0,Exercise7.accessRouter[4].ppp[24].ppp.queue,316332
NO_VOIP_ISDN_rpt03_scenario_01-0-20200702-14:34:26-11980,1000,0,Exercise7.accessRouter[4].ppp[25].ppp.queue,363730
NO_VOIP_ISDN_rpt03_scenario_01-0-20200702-14:34:26-11980,1000,0,Exercise7.accessRouter[5].ppp[1].ppp.queue,464268
NO_VOIP_ISDN_rpt03_scenario_01-0-20200702-14:34:26-11980,1000,0,Exercise7.accessRouter[5].ppp[2].ppp.queue,298478
NO_VOIP_ISDN_rpt03_scenario_01-0-20200702-14:34:26-11980,1000,0,Exercise7.accessRouter[5].ppp[3].ppp.queue,363331
NO_VOIP_ISDN_rpt03_scenario_01-0-20200702-14:34:26-11980,1000,0,Exercise7.accessRouter[5].ppp[4].ppp.queue,463569
NO_VOIP_ISDN_rpt03_scenario_01-0-20200702-14:34:26-11980,1000,0,Exercise7.accessRouter[5].ppp[5].ppp.queue,475757
NO_VOIP_ISDN_rpt03_scenario_01-0-20200702-14:34:26-11980,1000,0,Exercise7.accessRouter[5].ppp[6].ppp.queue,278413
NO_VOIP_ISDN_rpt03_scenario_01-0-20200702-14:34:26-11980,1000,0,Exercise7.accessRouter[5].ppp[7].ppp.queue,500486
NO_VOIP_ISDN_rpt03_scenario_01-0-20200702-14:34:26-11980,1000,0,Exercise7.accessRouter[5].ppp[8].ppp.queue,432920
NO_VOIP_ISDN_rpt03_scenario_01-0-20200702-14:34:26-11980,1000,0,Exercise7.accessRouter[5].ppp[9].ppp.queue,302478
NO_VOIP_ISDN_rpt03_scenario_01-0-20200702-14:34:26-11980,1000,0,Exercise7.accessRouter[5].ppp[10].ppp.queue,293286
NO_VOIP_ISDN_rpt03_scenario_01-0-20200702-14:34:26-11980,1000,0,Exercise7.accessRouter[5].ppp[11].ppp.queue,444036
NO_VOIP_ISDN_rpt03_scenario_01-0-20200702-14:34:26-11980,1000,0,Exercise7.accessRouter[5].ppp[12].ppp.queue,428379
NO_VOIP_ISDN_rpt03_scenario_01-0-20200702-14:34:26-11980,1000,0,Exercise7.accessRouter[5].ppp[13].ppp.queue,466465
NO_VOIP_ISDN_rpt03_scenario_01-0-20200702-14:34:26-11980,1000,0,Exercise7.accessRouter[5].ppp[14].ppp.queue,427477
NO_VOIP_ISDN_rpt03_scenario_01-0-20200702-14:34:26-11980,1000,0,Exercise7.accessRouter[5].ppp[15].ppp.queue,378020
NO_VOIP_ISDN_rpt03_scenario_01-0-20200702-14:34:26-11980,1000,0,Exercise7.accessRouter[5].ppp[16].ppp.queue,316009
NO_VOIP_ISDN_rpt03_scenario_01-0-20200702-14:34:26-11980,1000,0,Exercise7.accessRouter[5].ppp[17].ppp.queue,470080
NO_VOIP_ISDN_rpt03_scenario_01-0-20200702-14:34:26-11980,1000,0,Exercise7.accessRouter[5].ppp[18].ppp.queue,350710
NO_VOIP_ISDN_rpt03_scenario_01-0-20200702-14:34:26-11980,1000,0,Exercise7.accessRouter[5].ppp[19].ppp.queue,287948
NO_VOIP_ISDN_rpt03_scenario_01-0-20200702-14:34:26-11980,1000,0,Exercise7.accessRouter[5].ppp[20].ppp.queue,365179
NO_VOIP_ISDN_rpt03_scenario_01-0-20200702-14:34:26-11980,1000,0,Exercise7.accessRouter[5].ppp[21].ppp.queue,335907
NO_VOIP_ISDN_rpt03_scenario_01-0-20200702-14:34:26-11980,1000,0,Exercise7.accessRouter[5].ppp[22].ppp.queue,537448
NO_VOIP_ISDN_rpt03_scenario_01-0-20200702-14:34:26-11980,1000,0,Exercise7.accessRouter[5].ppp[23].ppp.queue,293391
NO_VOIP_ISDN_rpt03_scenario_01-0-20200702-14:34:26-11980,1000,0,Exercise7.accessRouter[5].ppp[24].ppp.queue,493565
NO_VOIP_ISDN_rpt03_scenario_01-0-20200702-14:34:26-11980,1000,0,Exercise7.accessRouter[5].ppp[25].ppp.queue,275330
NO_VOIP_ISDN_rpt03_scenario_01-0-20200702-14:34:26-11980,1000,0,Exercise7.accessRouter[6].ppp[1].ppp.queue,534932
NO_VOIP_ISDN_rpt03_scenario_01-0-20200702-14:34:26-11980,1000,0,Exercise7.accessRouter[6].ppp[2].ppp.queue,319280
NO_VOIP_ISDN_rpt03_scenario_01-0-20200702-14:34:26-11980,1000,0,Exercise7.accessRouter[6].ppp[3].ppp.queue,509184
NO_VOIP_ISDN_rpt03_scenario_01-0-20200702-14:34:26-11980,1000,0,Exercise7.accessRouter[6].ppp[4].ppp.queue,354837
NO_VOIP_ISDN_rpt03_scenario_01-0-20200702-14:34:26-11980,1000,0,Exercise7.accessRouter[6].ppp[5].ppp.queue,301045
NO_VOIP_ISDN_rpt03_scenario_01-0-20200702-14:34:26-11980,1000,0,Exercise7.accessRouter[6].ppp[6].ppp.queue,456560
NO_VOIP_ISDN_rpt03_scenario_01-0-20200702-14:34:26-11980,1000,0,Exercise7.accessRouter[6].ppp[7].ppp.queue,265057
NO_VOIP_ISDN_rpt03_scenario_01-0-20200702-14:34:26-11980,1000,0,Exercise7.accessRouter[6].ppp[8].ppp.queue,544789
NO_VOIP_ISDN_rpt03_scenario_01-0-20200702-14:34:26-11980,1000,0,Exercise7.accessRouter[6].ppp[9].ppp.queue,269858
NO_VOIP_ISDN_rpt03_scenario_01-0-20200702-14:34:26-11980,1000,0,Exercise7.accessRouter[6].ppp[10].ppp.queue,247520
NO_VOIP_ISDN_rpt03_scenario_01-0-20200702-14:34:26-11980,1000,0,Exercise7.accessRouter[6].ppp[11].ppp.queue,517093
NO_VOIP_ISDN_rpt03_scenario_01-0-20200702-14:34:26-11980,1000,0,Exercise7.accessRouter[6].ppp[12].ppp.queue,375365
NO_VOIP_ISDN_rpt03_scenario_01-0-20200702-14:34:26-11980,1000,0,Exercise7.accessRouter[6].ppp[13].ppp.queue,508745
NO_VOIP_ISDN_rpt03_scenario_01-0-20200702-14:34:26-11980,1000,0,Exercise7.accessRouter[6].ppp[14].ppp.queue,386711
NO_VOIP_ISDN_rpt03_scenario_01-0-20200702-14:34:26-11980,1000,0,Exercise7.accessRouter[6].ppp[15].ppp.queue,341969
NO_VOIP_ISDN_rpt03_scenario_01-0-20200702-14:34:26-11980,1000,0,Exercise7.accessRouter[6].ppp[16].ppp.queue,211120
NO_VOIP_ISDN_rpt03_scenario_01-0-20200702-14:34:26-11980,1000,0,Exercise7.accessRouter[6].ppp[17].ppp.queue,467601
NO_VOIP_ISDN_rpt03_scenario_01-0-20200702-14:34:26-11980,1000,0,Exercise7.accessRouter[6].ppp[18].ppp.queue,461048
NO_VOIP_ISDN_rpt03_scenario_01-0-20200702-14:34:26-11980,1000,0,Exercise7.accessRouter[6].ppp[19].ppp.queue,363809
NO_VOIP_ISDN_rpt03_scenario_01-0-20200702-14:34:26-11980,1000,0,Exercise7.accessRouter[6].ppp[20].ppp.queue,244222
NO_VOIP_ISDN_rpt03_scenario_01-0-20200702-14:34:26-11980,1000,0,Exercise7.accessRouter[6].ppp[21].ppp.queue,415891
NO_VOIP_ISDN_rpt03_scenario_01-0-20200702-14:34:26-11980,1000,0,Exercise7.accessRouter[6].ppp[22].ppp.queue,525200
NO_VOIP_ISDN_rpt03_scenario_01-0-20200702-14:34:26-11980,1000,0,Exercise7.accessRouter[6].ppp[23].ppp.queue,320320
NO_VOIP_ISDN_rpt03_scenario_01-0-20200702-14:34:26-11980,1000,0,Exercise7.accessRouter[6].ppp[24].ppp.queue,415226
NO_VOIP_ISDN_rpt03_scenario_01-0-20200702-14:34:26-11980,1000,0,Exercise7.accessRouter[6].ppp[25].ppp.queue,458911
NO_VOIP_ISDN_rpt03_scenario_01-0-20200702-14:34:26-11980,1000,0,Exercise7.accessRouter[7].ppp[1].ppp.queue,403291
NO_VOIP_ISDN_rpt03_scenario_01-0-20200702-14:34:26-11980,1000,0,Exercise7.accessRouter[7].ppp[2].ppp.queue,402695
NO_VOIP_ISDN_rpt03_scenario_01-0-20200702-14:34:26-11980,1000,0,Exercise7.accessRouter[7].ppp[3].ppp.queue,260253
NO_VOIP_ISDN_rpt03_scenario_01-0-20200702-14:34:26-11980,1000,0,Exercise7.accessRouter[7].ppp[4].ppp.queue,500595
NO_VOIP_ISDN_rpt03_scenario_01-0-20200702-14:34:26-11980,1000,0,Exercise7.accessRouter[7].ppp[5].ppp.queue,427275
NO_VOIP_ISDN_rpt03_scenario_01-0-20200702-14:34:26-11980,1000,0,Exercise7.accessRouter[7].ppp[6].ppp.queue,318698
NO_VOIP_ISDN_rpt03_scenario_01-0-20200702-14:34:26-11980,1000,0,Exercise7.accessRouter[7].ppp[7].ppp.queue,466114
NO_VOIP_ISDN_rpt03_scenario_01-0-20200702-14:34:26-11980,1000,0,Exercise7.accessRouter[7].ppp[8].ppp.queue,430849
NO_VOIP_ISDN_rpt03_scenario_01-0-20200702-14:34:26-11980,1000,0,Exercise7.accessRouter[7].ppp[9].ppp.queue,289636
NO_VOIP_ISDN_rpt03_scenario_01-0-20200702-14:34:26-11980,1000,0,Exercise7.accessRouter[7].ppp[10].ppp.queue,430805
NO_VOIP_ISDN_rpt03_scenario_01-0-20200702-14:34:26-11980,1000,0,Exercise7.accessRouter[7].ppp[11].ppp.queue,347550
NO_VOIP_ISDN_rpt03_scenario_01-0-20200702-14:34:26-11980,1000,0,Exercise7.accessRouter[7].ppp[12].ppp.queue,407680
NO_VOIP_ISDN_rpt03_scenario_01-0-20200702-14:34:26-11980,1000,0,Exercise7.accessRouter[7].ppp[13].ppp.queue,402530
NO_VOIP_ISDN_rpt03_scenario_01-0-20200702-14:34:26-11980,1000,0,Exercise7.accessRouter[7].ppp[14].ppp.queue,397791
NO_VOIP_ISDN_rpt03_scenario_01-0-20200702-14:34:26-11980,1000,0,Exercise7.accessRouter[7].ppp[15].ppp.queue,413014
NO_VOIP_ISDN_rpt03_scenario_01-0-20200702-14:34:26-11980,1000,0,Exercise7.accessRouter[7].ppp[16].ppp.queue,472750
NO_VOIP_ISDN_rpt03_scenario_01-0-20200702-14:34:26-11980,1000,0,Exercise7.accessRouter[7].ppp[17].ppp.queue,277371
NO_VOIP_ISDN_rpt03_scenario_01-0-20200702-14:34:26-11980,1000,0,Exercise7.accessRouter[7].ppp[18].ppp.queue,319248
NO_VOIP_ISDN_rpt03_scenario_01-0-20200702-14:34:26-11980,1000,0,Exercise7.accessRouter[7].ppp[19].ppp.queue,493586
NO_VOIP_ISDN_rpt03_scenario_01-0-20200702-14:34:26-11980,1000,0,Exercise7.accessRouter[7].ppp[20].ppp.queue,396486
NO_VOIP_ISDN_rpt03_scenario_01-0-20200702-14:34:26-11980,1000,0,Exercise7.accessRouter[7].ppp[21].ppp.queue,401637
NO_VOIP_ISDN_rpt03_scenario_01-0-20200702-14:34:26-11980,1000,0,Exercise7.accessRouter[7].ppp[22].ppp.queue,342160
NO_VOIP_ISDN_rpt03_scenario_01-0-20200702-14:34:26-11980,1000,0,Exercise7.accessRouter[7].ppp[23].ppp.queue,358180
NO_VOIP_ISDN_rpt03_scenario_01-0-20200702-14:34:26-11980,1000,0,Exercise7.accessRouter[7].ppp[24].ppp.queue,322070
NO_VOIP_ISDN_rpt03_scenario_01-0-20200702-14:34:26-11980,1000,0,Exercise7.accessRouter[7].ppp[25].ppp.queue,328774
NO_VOIP_ISDN_rpt03_scenario_01-0-20200702-14:34:26-11980,1000,0,Exercise7.accessRouter[8].ppp[1].ppp.queue,414694
NO_VOIP_ISDN_rpt03_scenario_01-0-20200702-14:34:26-11980,1000,0,Exercise7.accessRouter[8].ppp[2].ppp.queue,428673
NO_VOIP_ISDN_rpt03_scenario_01-0-20200702-14:34:26-11980,1000,0,Exercise7.accessRouter[8].ppp[3].ppp.queue,414136
NO_VOIP_ISDN_rpt03_scenario_01-0-20200702-14:34:26-11980,1000,0,Exercise7.accessRouter[8].ppp[4].ppp.queue,391504
NO_VOIP_ISDN_rpt03_scenario_01-0-20200702-14:34:26-11980,1000,0,Exercise7.accessRouter[8].ppp[5].ppp.queue,379200
NO_VOIP_ISDN_rpt03_scenario_01-0-20200702-14:34:26-11980,1000,0,Exercise7.accessRouter[8].ppp[6].ppp.queue,315703
NO_VOIP_ISDN_rpt03_scenario_01-0-20200702-14:34:26-11980,1000,0,Exercise7.accessRouter[8].ppp[7].ppp.queue,357003
NO_VOIP_ISDN_rpt03_scenario_01-0-20200702-14:34:26-11980,1000,0,Exercise7.accessRouter[8].ppp[8].ppp.queue,272480
NO_VOIP_ISDN_rpt03_scenario_01-0-20200702-14:34:26-11980,1000,0,Exercise7.accessRouter[8].ppp[9].ppp.queue,361079
NO_VOIP_ISDN_rpt03_scenario_01-0-20200702-14:34:26-11980,1000,0,Exercise7.accessRouter[8].ppp[10].ppp.queue,207373
NO_VOIP_ISDN_rpt03_scenario_01-0-20200702-14:34:26-11980,1000,0,Exercise7.accessRouter[8].ppp[11].ppp.queue,549058
NO_VOIP_ISDN_rpt03_scenario_01-0-20200702-14:34:26-11980,1000,0,Exercise7.accessRouter[8].ppp[12].ppp.queue,401419
NO_VOIP_ISDN_rpt03_scenario_01-0-20200702-14:34:26-11980,1000,0,Exercise7.accessRouter[8].ppp[13].ppp.queue,365251
NO_VOIP_ISDN_rpt03_scenario_01-0-20200702-14:34:26-11980,1000,0,Exercise7.accessRouter[8].ppp[14].ppp.queue,329931
NO_VOIP_ISDN_rpt03_scenario_01-0-20200702-14:34:26-11980,1000,0,Exercise7.accessRouter[8].ppp[15].ppp.queue,344749
NO_VOIP_ISDN_rpt03_scenario_01-0-20200702-14:34:26-11980,1000,0,Exercise7.accessRouter[8].ppp[16].ppp.queue,392153
NO_VOIP_ISDN_rpt03_scenario_01-0-20200702-14:34:26-11980,1000,0,Exercise7.accessRouter[8].ppp[17].ppp.queue,306078
NO_VOIP_ISDN_rpt03_scenario_01-0-20200702-14:34:26-11980,1000,0,Exercise7.accessRouter[8].ppp[18].ppp.queue,333443
NO_VOIP_ISDN_rpt03_scenario_01-0-20200702-14:34:26-11980,1000,0,Exercise7.accessRouter[8].ppp[19].ppp.queue,526801
NO_VOIP_ISDN_rpt03_scenario_01-0-20200702-14:34:26-11980,1000,0,Exercise7.accessRouter[8].ppp[20].ppp.queue,431322
NO_VOIP_ISDN_rpt03_scenario_01-0-20200702-14:34:26-11980,1000,0,Exercise7.accessRouter[8].ppp[21].ppp.queue,273237
NO_VOIP_ISDN_rpt03_scenario_01-0-20200702-14:34:26-11980,1000,0,Exercise7.accessRouter[8].ppp[22].ppp.queue,451467
NO_VOIP_ISDN_rpt03_scenario_01-0-20200702-14:34:26-11980,1000,0,Exercise7.accessRouter[8].ppp[23].ppp.queue,425390
NO_VOIP_ISDN_rpt03_scenario_01-0-20200702-14:34:26-11980,1000,0,Exercise7.accessRouter[8].ppp[24].ppp.queue,321914
NO_VOIP_ISDN_rpt03_scenario_01-0-20200702-14:34:26-11980,1000,0,Exercise7.accessRouter[8].ppp[25].ppp.queue,481389
NO_VOIP_ISDN_rpt03_scenario_01-0-20200702-14:34:26-11980,1000,0,Exercise7.accessRouter[9].ppp[1].ppp.queue,386635
NO_VOIP_ISDN_rpt03_scenario_01-0-20200702-14:34:26-11980,1000,0,Exercise7.accessRouter[9].ppp[2].ppp.queue,441380
NO_VOIP_ISDN_rpt03_scenario_01-0-20200702-14:34:26-11980,1000,0,Exercise7.accessRouter[9].ppp[3].ppp.queue,234180
NO_VOIP_ISDN_rpt03_scenario_01-0-20200702-14:34:26-11980,1000,0,Exercise7.accessRouter[9].ppp[4].ppp.queue,329192
NO_VOIP_ISDN_rpt03_scenario_01-0-20200702-14:34:26-11980,1000,0,Exercise7.accessRouter[9].ppp[5].ppp.queue,523333
NO_VOIP_ISDN_rpt03_scenario_01-0-20200702-14:34:26-11980,1000,0,Exercise7.accessRouter[9].ppp[6].ppp.queue,497731
NO_VOIP_ISDN_rpt03_scenario_01-0-20200702-14:34:26-11980,1000,0,Exercise7.accessRouter[9].ppp[7].ppp.queue,420260
NO_VOIP_ISDN_rpt03_scenario_01-0-20200702-14:34:26-11980,1000,0,Exercise7.accessRouter[9].ppp[8].ppp.queue,457078
NO_VOIP_ISDN_rpt03_scenario_01-0-20200702-14:34:26-11980,1000,0,Exercise7.accessRouter[9].ppp[9].ppp.queue,556878
NO_VOIP_ISDN_rpt03_scenario_01-0-20200702-14:34:26-11980,1000,0,Exercise7.accessRouter[9].ppp[10].ppp.queue,373100
NO_VOIP_ISDN_rpt03_scenario_01-0-20200702-14:34:26-11980,1000,0,Exercise7.accessRouter[9].ppp[11].ppp.queue,352472
NO_VOIP_ISDN_rpt03_scenario_01-0-20200702-14:34:26-11980,1000,0,Exercise7.accessRouter[9].ppp[12].ppp.queue,416145
NO_VOIP_ISDN_rpt03_scenario_01-0-20200702-14:34:26-11980,1000,0,Exercise7.accessRouter[9].ppp[13].ppp.queue,474330
NO_VOIP_ISDN_rpt03_scenario_01-0-20200702-14:34:26-11980,1000,0,Exercise7.accessRouter[9].ppp[14].ppp.queue,505219
NO_VOIP_ISDN_rpt03_scenario_01-0-20200702-14:34:26-11980,1000,0,Exercise7.accessRouter[9].ppp[15].ppp.queue,474868
NO_VOIP_ISDN_rpt03_scenario_01-0-20200702-14:34:26-11980,1000,0,Exercise7.accessRouter[9].ppp[16].ppp.queue,388215
NO_VOIP_ISDN_rpt03_scenario_01-0-20200702-14:34:26-11980,1000,0,Exercise7.accessRouter[9].ppp[17].ppp.queue,358015
NO_VOIP_ISDN_rpt03_scenario_01-0-20200702-14:34:26-11980,1000,0,Exercise7.accessRouter[9].ppp[18].ppp.queue,350129
NO_VOIP_ISDN_rpt03_scenario_01-0-20200702-14:34:26-11980,1000,0,Exercise7.accessRouter[9].ppp[19].ppp.queue,374303
NO_VOIP_ISDN_rpt03_scenario_01-0-20200702-14:34:26-11980,1000,0,Exercise7.accessRouter[9].ppp[20].ppp.queue,157203
NO_VOIP_ISDN_rpt03_scenario_01-0-20200702-14:34:26-11980,1000,0,Exercise7.accessRouter[9].ppp[21].ppp.queue,583341
NO_VOIP_ISDN_rpt03_scenario_01-0-20200702-14:34:26-11980,1000,0,Exercise7.accessRouter[9].ppp[22].ppp.queue,594592
NO_VOIP_ISDN_rpt03_scenario_01-0-20200702-14:34:26-11980,1000,0,Exercise7.accessRouter[9].ppp[23].ppp.queue,389989
NO_VOIP_ISDN_rpt03_scenario_01-0-20200702-14:34:26-11980,1000,0,Exercise7.accessRouter[9].ppp[24].ppp.queue,422255
NO_VOIP_ISDN_rpt03_scenario_01-0-20200702-14:34:26-11980,1000,0,Exercise7.accessRouter[9].ppp[25].ppp.queue,425113
NO_VOIP_ISDN_rpt03_scenario_01-0-20200702-14:34:26-11980,1000,0,Exercise7.accessRouter[10].ppp[1].ppp.queue,413937
NO_VOIP_ISDN_rpt03_scenario_01-0-20200702-14:34:26-11980,1000,0,Exercise7.accessRouter[10].ppp[2].ppp.queue,319713
NO_VOIP_ISDN_rpt03_scenario_01-0-20200702-14:34:26-11980,1000,0,Exercise7.accessRouter[10].ppp[3].ppp.queue,353667
NO_VOIP_ISDN_rpt03_scenario_01-0-20200702-14:34:26-11980,1000,0,Exercise7.accessRouter[10].ppp[4].ppp.queue,460589
NO_VOIP_ISDN_rpt03_scenario_01-0-20200702-14:34:26-11980,1000,0,Exercise7.accessRouter[10].ppp[5].ppp.queue,377654
NO_VOIP_ISDN_rpt03_scenario_01-0-20200702-14:34:26-11980,1000,0,Exercise7.accessRouter[10].ppp[6].ppp.queue,269325
NO_VOIP_ISDN_rpt03_scenario_01-0-20200702-14:34:26-11980,1000,0,Exercise7.accessRouter[10].ppp[7].ppp.queue,405097
NO_VOIP_ISDN_rpt03_scenario_01-0-20200702-14:34:26-11980,1000,0,Exercise7.accessRouter[10].ppp[8].ppp.queue,315067
NO_VOIP_ISDN_rpt03_scenario_01-0-20200702-14:34:26-11980,1000,0,Exercise7.accessRouter[10].ppp[9].ppp.queue,457436
NO_VOIP_ISDN_rpt03_scenario_01-0-20200702-14:34:26-11980,1000,0,Exercise7.accessRouter[10].ppp[10].ppp.queue,341678
NO_VOIP_ISDN_rpt03_scenario_01-0-20200702-14:34:26-11980,1000,0,Exercise7.accessRouter[10].ppp[11].ppp.queue,169215
NO_VOIP_ISDN_rpt03_scenario_01-0-20200702-14:34:26-11980,1000,0,Exercise7.accessRouter[10].ppp[12].ppp.queue,273035
NO_VOIP_ISDN_rpt03_scenario_01-0-20200702-14:34:26-11980,1000,0,Exercise7.accessRouter[10].ppp[13].ppp.queue,344925
NO_VOIP_ISDN_rpt03_scenario_01-0-20200702-14:34:26-11980,1000,0,Exercise7.accessRouter[10].ppp[14].ppp.queue,319672
NO_VOIP_ISDN_rpt03_scenario_01-0-20200702-14:34:26-11980,1000,0,Exercise7.accessRouter[10].ppp[15].ppp.queue,476573
NO_VOIP_ISDN_rpt03_scenario_01-0-20200702-14:34:26-11980,1000,0,Exercise7.accessRouter[10].ppp[16].ppp.queue,273472
NO_VOIP_ISDN_rpt03_scenario_01-0-20200702-14:34:26-11980,1000,0,Exercise7.accessRouter[10].ppp[17].ppp.queue,429103
NO_VOIP_ISDN_rpt03_scenario_01-0-20200702-14:34:26-11980,1000,0,Exercise7.accessRouter[10].ppp[18].ppp.queue,523900
NO_VOIP_ISDN_rpt03_scenario_01-0-20200702-14:34:26-11980,1000,0,Exercise7.accessRouter[10].ppp[19].ppp.queue,382716
NO_VOIP_ISDN_rpt03_scenario_01-0-20200702-14:34:26-11980,1000,0,Exercise7.accessRouter[10].ppp[20].ppp.queue,490374
NO_VOIP_ISDN_rpt03_scenario_01-0-20200702-14:34:26-11980,1000,0,Exercise7.accessRouter[10].ppp[21].ppp.queue,123760
NO_VOIP_ISDN_rpt03_scenario_01-0-20200702-14:34:26-11980,1000,0,Exercise7.accessRouter[10].ppp[22].ppp.queue,280800
NO_VOIP_ISDN_rpt03_scenario_01-0-20200702-14:34:26-11980,1000,0,Exercise7.accessRouter[10].ppp[23].ppp.queue,284038
NO_VOIP_ISDN_rpt03_scenario_01-0-20200702-14:34:26-11980,1000,0,Exercise7.accessRouter[10].ppp[24].ppp.queue,339786
NO_VOIP_ISDN_rpt03_scenario_01-0-20200702-14:34:26-11980,1000,0,Exercise7.accessRouter[10].ppp[25].ppp.queue,266032
NO_VOIP_ISDN_rpt03_scenario_01-0-20200702-14:34:26-11980,1000,0,Exercise7.accessRouter[11].ppp[1].ppp.queue,294720
NO_VOIP_ISDN_rpt03_scenario_01-0-20200702-14:34:26-11980,1000,0,Exercise7.accessRouter[11].ppp[2].ppp.queue,286378
NO_VOIP_ISDN_rpt03_scenario_01-0-20200702-14:34:26-11980,1000,0,Exercise7.accessRouter[11].ppp[3].ppp.queue,310547
NO_VOIP_ISDN_rpt03_scenario_01-0-20200702-14:34:26-11980,1000,0,Exercise7.accessRouter[11].ppp[4].ppp.queue,378333
NO_VOIP_ISDN_rpt03_scenario_01-0-20200702-14:34:26-11980,1000,0,Exercise7.accessRouter[11].ppp[5].ppp.queue,417426
NO_VOIP_ISDN_rpt03_scenario_01-0-20200702-14:34:26-11980,1000,0,Exercise7.accessRouter[11].ppp[6].ppp.queue,409702
NO_VOIP_ISDN_rpt03_scenario_01-0-20200702-14:34:26-11980,1000,0,Exercise7.accessRouter[11].ppp[7].ppp.queue,466743
NO_VOIP_ISDN_rpt03_scenario_01-0-20200702-14:34:26-11980,1000,0,Exercise7.accessRouter[11].ppp[8].ppp.queue,274871
NO_VOIP_ISDN_rpt03_scenario_01-0-20200702-14:34:26-11980,1000,0,Exercise7.accessRouter[11].ppp[9].ppp.queue,469040
NO_VOIP_ISDN_rpt03_scenario_01-0-20200702-14:34:26-11980,1000,0,Exercise7.accessRouter[11].ppp[10].ppp.queue,404043
NO_VOIP_ISDN_rpt03_scenario_01-0-20200702-14:34:26-11980,1000,0,Exercise7.accessRouter[11].ppp[11].ppp.queue,507479
NO_VOIP_ISDN_rpt03_scenario_01-0-20200702-14:34:26-11980,1000,0,Exercise7.accessRouter[11].ppp[12].ppp.queue,261380
NO_VOIP_ISDN_rpt03_scenario_01-0-20200702-14:34:26-11980,1000,0,Exercise7.accessRouter[11].ppp[13].ppp.queue,428698
NO_VOIP_ISDN_rpt03_scenario_01-0-20200702-14:34:26-11980,1000,0,Exercise7.accessRouter[11].ppp[14].ppp.queue,211367
NO_VOIP_ISDN_rpt03_scenario_01-0-20200702-14:34:26-11980,1000,0,Exercise7.accessRouter[11].ppp[15].ppp.queue,443794
NO_VOIP_ISDN_rpt03_scenario_01-0-20200702-14:34:26-11980,1000,0,Exercise7.accessRouter[11].ppp[16].ppp.queue,296281
NO_VOIP_ISDN_rpt03_scenario_01-0-20200702-14:34:26-11980,1000,0,Exercise7.accessRouter[11].ppp[17].ppp.queue,442522
NO_VOIP_ISDN_rpt03_scenario_01-0-20200702-14:34:26-11980,1000,0,Exercise7.accessRouter[11].ppp[18].ppp.queue,358888
NO_VOIP_ISDN_rpt03_scenario_01-0-20200702-14:34:26-11980,1000,0,Exercise7.accessRouter[11].ppp[19].ppp.queue,416000
NO_VOIP_ISDN_rpt03_scenario_01-0-20200702-14:34:26-11980,1000,0,Exercise7.accessRouter[11].ppp[20].ppp.queue,395721
NO_VOIP_ISDN_rpt03_scenario_01-0-20200702-14:34:26-11980,1000,0,Exercise7.accessRouter[11].ppp[21].ppp.queue,378899
NO_VOIP_ISDN_rpt03_scenario_01-0-20200702-14:34:26-11980,1000,0,Exercise7.accessRouter[11].ppp[22].ppp.queue,321353
NO_VOIP_ISDN_rpt03_scenario_01-0-20200702-14:34:26-11980,1000,0,Exercise7.accessRouter[11].ppp[23].ppp.queue,408877
NO_VOIP_ISDN_rpt03_scenario_01-0-20200702-14:34:26-11980,1000,0,Exercise7.accessRouter[11].ppp[24].ppp.queue,430198
NO_VOIP_ISDN_rpt03_scenario_01-0-20200702-14:34:26-11980,1000,0,Exercise7.accessRouter[11].ppp[25].ppp.queue,413533
NO_VOIP_ISDN_rpt03_scenario_01-0-20200702-14:34:26-11980,1000,0,Exercise7.accessRouter[12].ppp[1].ppp.queue,470282
NO_VOIP_ISDN_rpt03_scenario_01-0-20200702-14:34:26-11980,1000,0,Exercise7.accessRouter[12].ppp[2].ppp.queue,374419
NO_VOIP_ISDN_rpt03_scenario_01-0-20200702-14:34:26-11980,1000,0,Exercise7.accessRouter[12].ppp[3].ppp.queue,387650
NO_VOIP_ISDN_rpt03_scenario_01-0-20200702-14:34:26-11980,1000,0,Exercise7.accessRouter[12].ppp[4].ppp.queue,387847
NO_VOIP_ISDN_rpt03_scenario_01-0-20200702-14:34:26-11980,1000,0,Exercise7.accessRouter[12].ppp[5].ppp.queue,374155
NO_VOIP_ISDN_rpt03_scenario_01-0-20200702-14:34:26-11980,1000,0,Exercise7.accessRouter[12].ppp[6].ppp.queue,358602
NO_VOIP_ISDN_rpt03_scenario_01-0-20200702-14:34:26-11980,1000,0,Exercise7.accessRouter[12].ppp[7].ppp.queue,387201
NO_VOIP_ISDN_rpt03_scenario_01-0-20200702-14:34:26-11980,1000,0,Exercise7.accessRouter[12].ppp[8].ppp.queue,290241
NO_VOIP_ISDN_rpt03_scenario_01-0-20200702-14:34:26-11980,1000,0,Exercise7.accessRouter[12].ppp[9].ppp.queue,299715
NO_VOIP_ISDN_rpt03_scenario_01-0-20200702-14:34:26-11980,1000,0,Exercise7.accessRouter[12].ppp[10].ppp.queue,344444
NO_VOIP_ISDN_rpt03_scenario_01-0-20200702-14:34:26-11980,1000,0,Exercise7.accessRouter[12].ppp[11].ppp.queue,277929
NO_VOIP_ISDN_rpt03_scenario_01-0-20200702-14:34:26-11980,1000,0,Exercise7.accessRouter[12].ppp[12].ppp.queue,367482
NO_VOIP_ISDN_rpt03_scenario_01-0-20200702-14:34:26-11980,1000,0,Exercise7.accessRouter[12].ppp[13].ppp.queue,391040
NO_VOIP_ISDN_rpt03_scenario_01-0-20200702-14:34:26-11980,1000,0,Exercise7.accessRouter[12].ppp[14].ppp.queue,314952
NO_VOIP_ISDN_rpt03_scenario_01-0-20200702-14:34:26-11980,1000,0,Exercise7.accessRouter[12].ppp[15].ppp.queue,363561
NO_VOIP_ISDN_rpt03_scenario_01-0-20200702-14:34:26-11980,1000,0,Exercise7.accessRouter[12].ppp[16].ppp.queue,371942
NO_VOIP_ISDN_rpt03_scenario_01-0-20200702-14:34:26-11980,1000,0,Exercise7.accessRouter[12].ppp[17].ppp.queue,340003
NO_VOIP_ISDN_rpt03_scenario_01-0-20200702-14:34:26-11980,1000,0,Exercise7.accessRouter[12].ppp[18].ppp.queue,370364
NO_VOIP_ISDN_rpt03_scenario_01-0-20200702-14:34:26-11980,1000,0,Exercise7.accessRouter[12].ppp[19].ppp.queue,493183
NO_VOIP_ISDN_rpt03_scenario_01-0-20200702-14:34:26-11980,1000,0,Exercise7.accessRouter[12].ppp[20].ppp.queue,343115
NO_VOIP_ISDN_rpt03_scenario_01-0-20200702-14:34:26-11980,1000,0,Exercise7.accessRouter[12].ppp[21].ppp.queue,454075
NO_VOIP_ISDN_rpt03_scenario_01-0-20200702-14:34:26-11980,1000,0,Exercise7.accessRouter[12].ppp[22].ppp.queue,292240
NO_VOIP_ISDN_rpt03_scenario_01-0-20200702-14:34:26-11980,1000,0,Exercise7.accessRouter[12].ppp[23].ppp.queue,397981
NO_VOIP_ISDN_rpt03_scenario_01-0-20200702-14:34:26-11980,1000,0,Exercise7.accessRouter[12].ppp[24].ppp.queue,409311
NO_VOIP_ISDN_rpt03_scenario_01-0-20200702-14:34:26-11980,1000,0,Exercise7.accessRouter[12].ppp[25].ppp.queue,314006
NO_VOIP_ISDN_rpt03_scenario_01-0-20200702-14:34:26-11980,1000,0,Exercise7.accessRouter[13].ppp[1].ppp.queue,523457
NO_VOIP_ISDN_rpt03_scenario_01-0-20200702-14:34:26-11980,1000,0,Exercise7.accessRouter[13].ppp[2].ppp.queue,466439
NO_VOIP_ISDN_rpt03_scenario_01-0-20200702-14:34:26-11980,1000,0,Exercise7.accessRouter[13].ppp[3].ppp.queue,274798
NO_VOIP_ISDN_rpt03_scenario_01-0-20200702-14:34:26-11980,1000,0,Exercise7.accessRouter[13].ppp[4].ppp.queue,412001
NO_VOIP_ISDN_rpt03_scenario_01-0-20200702-14:34:26-11980,1000,0,Exercise7.accessRouter[13].ppp[5].ppp.queue,504506
NO_VOIP_ISDN_rpt03_scenario_01-0-20200702-14:34:26-11980,1000,0,Exercise7.accessRouter[13].ppp[6].ppp.queue,420160
NO_VOIP_ISDN_rpt03_scenario_01-0-20200702-14:34:26-11980,1000,0,Exercise7.accessRouter[13].ppp[7].ppp.queue,478049
NO_VOIP_ISDN_rpt03_scenario_01-0-20200702-14:34:26-11980,1000,0,Exercise7.accessRouter[13].ppp[8].ppp.queue,322745
NO_VOIP_ISDN_rpt03_scenario_01-0-20200702-14:34:26-11980,1000,0,Exercise7.accessRouter[13].ppp[9].ppp.queue,412813
NO_VOIP_ISDN_rpt03_scenario_01-0-20200702-14:34:26-11980,1000,0,Exercise7.accessRouter[13].ppp[10].ppp.queue,495397
NO_VOIP_ISDN_rpt03_scenario_01-0-20200702-14:34:26-11980,1000,0,Exercise7.accessRouter[13].ppp[11].ppp.queue,359473
NO_VOIP_ISDN_rpt03_scenario_01-0-20200702-14:34:26-11980,1000,0,Exercise7.accessRouter[13].ppp[12].ppp.queue,382767
NO_VOIP_ISDN_rpt03_scenario_01-0-20200702-14:34:26-11980,1000,0,Exercise7.accessRouter[13].ppp[13].ppp.queue,356796
NO_VOIP_ISDN_rpt03_scenario_01-0-20200702-14:34:26-11980,1000,0,Exercise7.accessRouter[13].ppp[14].ppp.queue,412394
NO_VOIP_ISDN_rpt03_scenario_01-0-20200702-14:34:26-11980,1000,0,Exercise7.accessRouter[13].ppp[15].ppp.queue,465380
NO_VOIP_ISDN_rpt03_scenario_01-0-20200702-14:34:26-11980,1000,0,Exercise7.accessRouter[13].ppp[16].ppp.queue,409422
NO_VOIP_ISDN_rpt03_scenario_01-0-20200702-14:34:26-11980,1000,0,Exercise7.accessRouter[13].ppp[17].ppp.queue,411442
NO_VOIP_ISDN_rpt03_scenario_01-0-20200702-14:34:26-11980,1000,0,Exercise7.accessRouter[13].ppp[18].ppp.queue,370842
NO_VOIP_ISDN_rpt03_scenario_01-0-20200702-14:34:26-11980,1000,0,Exercise7.accessRouter[13].ppp[19].ppp.queue,388703
NO_VOIP_ISDN_rpt03_scenario_01-0-20200702-14:34:26-11980,1000,0,Exercise7.accessRouter[13].ppp[20].ppp.queue,231332
NO_VOIP_ISDN_rpt03_scenario_01-0-20200702-14:34:26-11980,1000,0,Exercise7.accessRouter[13].ppp[21].ppp.queue,457265
NO_VOIP_ISDN_rpt03_scenario_01-0-20200702-14:34:26-11980,1000,0,Exercise7.accessRouter[13].ppp[22].ppp.queue,267599
NO_VOIP_ISDN_rpt03_scenario_01-0-20200702-14:34:26-11980,1000,0,Exercise7.accessRouter[13].ppp[23].ppp.queue,427206
NO_VOIP_ISDN_rpt03_scenario_01-0-20200702-14:34:26-11980,1000,0,Exercise7.accessRouter[13].ppp[24].ppp.queue,507519
NO_VOIP_ISDN_rpt03_scenario_01-0-20200702-14:34:26-11980,1000,0,Exercise7.accessRouter[13].ppp[25].ppp.queue,375009
NO_VOIP_ISDN_rpt03_scenario_01-0-20200702-14:34:26-11980,1000,0,Exercise7.accessRouter[14].ppp[1].ppp.queue,417280
NO_VOIP_ISDN_rpt03_scenario_01-0-20200702-14:34:26-11980,1000,0,Exercise7.accessRouter[14].ppp[2].ppp.queue,300713
NO_VOIP_ISDN_rpt03_scenario_01-0-20200702-14:34:26-11980,1000,0,Exercise7.accessRouter[14].ppp[3].ppp.queue,382980
NO_VOIP_ISDN_rpt03_scenario_01-0-20200702-14:34:26-11980,1000,0,Exercise7.accessRouter[14].ppp[4].ppp.queue,497417
NO_VOIP_ISDN_rpt03_scenario_01-0-20200702-14:34:26-11980,1000,0,Exercise7.accessRouter[14].ppp[5].ppp.queue,447496
NO_VOIP_ISDN_rpt03_scenario_01-0-20200702-14:34:26-11980,1000,0,Exercise7.accessRouter[14].ppp[6].ppp.queue,253498
NO_VOIP_ISDN_rpt03_scenario_01-0-20200702-14:34:26-11980,1000,0,Exercise7.accessRouter[14].ppp[7].ppp.queue,353139
NO_VOIP_ISDN_rpt03_scenario_01-0-20200702-14:34:26-11980,1000,0,Exercise7.accessRouter[14].ppp[8].ppp.queue,453178
NO_VOIP_ISDN_rpt03_scenario_01-0-20200702-14:34:26-11980,1000,0,Exercise7.accessRouter[14].ppp[9].ppp.queue,416901
NO_VOIP_ISDN_rpt03_scenario_01-0-20200702-14:34:26-11980,1000,0,Exercise7.accessRouter[14].ppp[10].ppp.queue,367423
NO_VOIP_ISDN_rpt03_scenario_01-0-20200702-14:34:26-11980,1000,0,Exercise7.accessRouter[14].ppp[11].ppp.queue,392058
NO_VOIP_ISDN_rpt03_scenario_01-0-20200702-14:34:26-11980,1000,0,Exercise7.accessRouter[14].ppp[12].ppp.queue,502336
NO_VOIP_ISDN_rpt03_scenario_01-0-20200702-14:34:26-11980,1000,0,Exercise7.accessRouter[14].ppp[13].ppp.queue,402215
NO_VOIP_ISDN_rpt03_scenario_01-0-20200702-14:34:26-11980,1000,0,Exercise7.accessRouter[14].ppp[14].ppp.queue,332982
NO_VOIP_ISDN_rpt03_scenario_01-0-20200702-14:34:26-11980,1000,0,Exercise7.accessRouter[14].ppp[15].ppp.queue,361035
NO_VOIP_ISDN_rpt03_scenario_01-0-20200702-14:34:26-11980,1000,0,Exercise7.accessRouter[14].ppp[16].ppp.queue,426550
NO_VOIP_ISDN_rpt03_scenario_01-0-20200702-14:34:26-11980,1000,0,Exercise7.accessRouter[14].ppp[17].ppp.queue,383877
NO_VOIP_ISDN_rpt03_scenario_01-0-20200702-14:34:26-11980,1000,0,Exercise7.accessRouter[14].ppp[18].ppp.queue,310776
NO_VOIP_ISDN_rpt03_scenario_01-0-20200702-14:34:26-11980,1000,0,Exercise7.accessRouter[14].ppp[19].ppp.queue,346310
NO_VOIP_ISDN_rpt03_scenario_01-0-20200702-14:34:26-11980,1000,0,Exercise7.accessRouter[14].ppp[20].ppp.queue,344099
NO_VOIP_ISDN_rpt03_scenario_01-0-20200702-14:34:26-11980,1000,0,Exercise7.accessRouter[14].ppp[21].ppp.queue,375254
NO_VOIP_ISDN_rpt03_scenario_01-0-20200702-14:34:26-11980,1000,0,Exercise7.accessRouter[14].ppp[22].ppp.queue,352737
NO_VOIP_ISDN_rpt03_scenario_01-0-20200702-14:34:26-11980,1000,0,Exercise7.accessRouter[14].ppp[23].ppp.queue,368551
NO_VOIP_ISDN_rpt03_scenario_01-0-20200702-14:34:26-11980,1000,0,Exercise7.accessRouter[14].ppp[24].ppp.queue,352560
NO_VOIP_ISDN_rpt03_scenario_01-0-20200702-14:34:26-11980,1000,0,Exercise7.accessRouter[14].ppp[25].ppp.queue,393594
NO_VOIP_ISDN_rpt03_scenario_01-0-20200702-14:34:26-11980,1000,0,Exercise7.accessRouter[15].ppp[1].ppp.queue,250895
NO_VOIP_ISDN_rpt03_scenario_01-0-20200702-14:34:26-11980,1000,0,Exercise7.accessRouter[15].ppp[2].ppp.queue,199289
NO_VOIP_ISDN_rpt03_scenario_01-0-20200702-14:34:26-11980,1000,0,Exercise7.accessRouter[15].ppp[3].ppp.queue,439009
NO_VOIP_ISDN_rpt03_scenario_01-0-20200702-14:34:26-11980,1000,0,Exercise7.accessRouter[15].ppp[4].ppp.queue,376932
NO_VOIP_ISDN_rpt03_scenario_01-0-20200702-14:34:26-11980,1000,0,Exercise7.accessRouter[15].ppp[5].ppp.queue,476516
NO_VOIP_ISDN_rpt03_scenario_01-0-20200702-14:34:26-11980,1000,0,Exercise7.accessRouter[15].ppp[6].ppp.queue,452790
NO_VOIP_ISDN_rpt03_scenario_01-0-20200702-14:34:26-11980,1000,0,Exercise7.accessRouter[15].ppp[7].ppp.queue,385606
NO_VOIP_ISDN_rpt03_scenario_01-0-20200702-14:34:26-11980,1000,0,Exercise7.accessRouter[15].ppp[8].ppp.queue,354263
NO_VOIP_ISDN_rpt03_scenario_01-0-20200702-14:34:26-11980,1000,0,Exercise7.accessRouter[15].ppp[9].ppp.queue,497878
NO_VOIP_ISDN_rpt03_scenario_01-0-20200702-14:34:26-11980,1000,0,Exercise7.accessRouter[15].ppp[10].ppp.queue,422148
NO_VOIP_ISDN_rpt03_scenario_01-0-20200702-14:34:26-11980,1000,0,Exercise7.accessRouter[15].ppp[11].ppp.queue,344201
NO_VOIP_ISDN_rpt03_scenario_01-0-20200702-14:34:26-11980,1000,0,Exercise7.accessRouter[15].ppp[12].ppp.queue,382287
NO_VOIP_ISDN_rpt03_scenario_01-0-20200702-14:34:26-11980,1000,0,Exercise7.accessRouter[15].ppp[13].ppp.queue,416371
NO_VOIP_ISDN_rpt03_scenario_01-0-20200702-14:34:26-11980,1000,0,Exercise7.accessRouter[15].ppp[14].ppp.queue,399101
NO_VOIP_ISDN_rpt03_scenario_01-0-20200702-14:34:26-11980,1000,0,Exercise7.accessRouter[15].ppp[15].ppp.queue,280750
NO_VOIP_ISDN_rpt03_scenario_01-0-20200702-14:34:26-11980,1000,0,Exercise7.accessRouter[15].ppp[16].ppp.queue,442705
NO_VOIP_ISDN_rpt03_scenario_01-0-20200702-14:34:26-11980,1000,0,Exercise7.accessRouter[15].ppp[17].ppp.queue,412170
NO_VOIP_ISDN_rpt03_scenario_01-0-20200702-14:34:26-11980,1000,0,Exercise7.accessRouter[15].ppp[18].ppp.queue,409646
NO_VOIP_ISDN_rpt03_scenario_01-0-20200702-14:34:26-11980,1000,0,Exercise7.accessRouter[15].ppp[19].ppp.queue,319822
NO_VOIP_ISDN_rpt03_scenario_01-0-20200702-14:34:26-11980,1000,0,Exercise7.accessRouter[15].ppp[20].ppp.queue,368373
NO_VOIP_ISDN_rpt03_scenario_01-0-20200702-14:34:26-11980,1000,0,Exercise7.accessRouter[15].ppp[21].ppp.queue,236523
NO_VOIP_ISDN_rpt03_scenario_01-0-20200702-14:34:26-11980,1000,0,Exercise7.accessRouter[15].ppp[22].ppp.queue,144046
NO_VOIP_ISDN_rpt03_scenario_01-0-20200702-14:34:26-11980,1000,0,Exercise7.accessRouter[15].ppp[23].ppp.queue,289630
NO_VOIP_ISDN_rpt03_scenario_01-0-20200702-14:34:26-11980,1000,0,Exercise7.accessRouter[15].ppp[24].ppp.queue,418293
NO_VOIP_ISDN_rpt03_scenario_01-0-20200702-14:34:26-11980,1000,0,Exercise7.accessRouter[15].ppp[25].ppp.queue,452354
NO_VOIP_ISDN_rpt03_scenario_01-0-20200702-14:34:26-11980,1000,0,Exercise7.accessRouter[16].ppp[1].ppp.queue,401615
NO_VOIP_ISDN_rpt03_scenario_01-0-20200702-14:34:26-11980,1000,0,Exercise7.accessRouter[16].ppp[2].ppp.queue,380288
NO_VOIP_ISDN_rpt03_scenario_01-0-20200702-14:34:26-11980,1000,0,Exercise7.accessRouter[16].ppp[3].ppp.queue,292516
NO_VOIP_ISDN_rpt03_scenario_01-0-20200702-14:34:26-11980,1000,0,Exercise7.accessRouter[16].ppp[4].ppp.queue,420817
NO_VOIP_ISDN_rpt03_scenario_01-0-20200702-14:34:26-11980,1000,0,Exercise7.accessRouter[16].ppp[5].ppp.queue,344529
NO_VOIP_ISDN_rpt03_scenario_01-0-20200702-14:34:26-11980,1000,0,Exercise7.accessRouter[16].ppp[6].ppp.queue,416693
NO_VOIP_ISDN_rpt03_scenario_01-0-20200702-14:34:26-11980,1000,0,Exercise7.accessRouter[16].ppp[7].ppp.queue,454323
NO_VOIP_ISDN_rpt03_scenario_01-0-20200702-14:34:26-11980,1000,0,Exercise7.accessRouter[16].ppp[8].ppp.queue,316851
NO_VOIP_ISDN_rpt03_scenario_01-0-20200702-14:34:26-11980,1000,0,Exercise7.accessRouter[16].ppp[9].ppp.queue,314824
NO_VOIP_ISDN_rpt03_scenario_01-0-20200702-14:34:26-11980,1000,0,Exercise7.accessRouter[16].ppp[10].ppp.queue,394216
NO_VOIP_ISDN_rpt03_scenario_01-0-20200702-14:34:26-11980,1000,0,Exercise7.accessRouter[16].ppp[11].ppp.queue,365884
NO_VOIP_ISDN_rpt03_scenario_01-0-20200702-14:34:26-11980,1000,0,Exercise7.accessRouter[16].ppp[12].ppp.queue,525739
NO_VOIP_ISDN_rpt03_scenario_01-0-20200702-14:34:26-11980,1000,0,Exercise7.accessRouter[16].ppp[13].ppp.queue,272436
NO_VOIP_ISDN_rpt03_scenario_01-0-20200702-14:34:26-11980,1000,0,Exercise7.accessRouter[16].ppp[14].ppp.queue,325004
NO_VOIP_ISDN_rpt03_scenario_01-0-20200702-14:34:26-11980,1000,0,Exercise7.accessRouter[16].ppp[15].ppp.queue,439728
NO_VOIP_ISDN_rpt03_scenario_01-0-20200702-14:34:26-11980,1000,0,Exercise7.accessRouter[16].ppp[16].ppp.queue,431318
NO_VOIP_ISDN_rpt03_scenario_01-0-20200702-14:34:26-11980,1000,0,Exercise7.accessRouter[16].ppp[17].ppp.queue,436193
NO_VOIP_ISDN_rpt03_scenario_01-0-20200702-14:34:26-11980,1000,0,Exercise7.accessRouter[16].ppp[18].ppp.queue,352536
NO_VOIP_ISDN_rpt03_scenario_01-0-20200702-14:34:26-11980,1000,0,Exercise7.accessRouter[16].ppp[19].ppp.queue,451832
NO_VOIP_ISDN_rpt03_scenario_01-0-20200702-14:34:26-11980,1000,0,Exercise7.accessRouter[16].ppp[20].ppp.queue,333588
NO_VOIP_ISDN_rpt03_scenario_01-0-20200702-14:34:26-11980,1000,0,Exercise7.accessRouter[16].ppp[21].ppp.queue,440361
NO_VOIP_ISDN_rpt03_scenario_01-0-20200702-14:34:26-11980,1000,0,Exercise7.accessRouter[16].ppp[22].ppp.queue,306646
NO_VOIP_ISDN_rpt03_scenario_01-0-20200702-14:34:26-11980,1000,0,Exercise7.accessRouter[16].ppp[23].ppp.queue,496815
NO_VOIP_ISDN_rpt03_scenario_01-0-20200702-14:34:26-11980,1000,0,Exercise7.accessRouter[16].ppp[24].ppp.queue,251391
NO_VOIP_ISDN_rpt03_scenario_01-0-20200702-14:34:26-11980,1000,0,Exercise7.accessRouter[16].ppp[25].ppp.queue,394556
NO_VOIP_ISDN_rpt03_scenario_01-0-20200702-14:34:26-11980,1000,0,Exercise7.accessRouter[17].ppp[1].ppp.queue,308824
NO_VOIP_ISDN_rpt03_scenario_01-0-20200702-14:34:26-11980,1000,0,Exercise7.accessRouter[17].ppp[2].ppp.queue,299959
NO_VOIP_ISDN_rpt03_scenario_01-0-20200702-14:34:26-11980,1000,0,Exercise7.accessRouter[17].ppp[3].ppp.queue,163878
NO_VOIP_ISDN_rpt03_scenario_01-0-20200702-14:34:26-11980,1000,0,Exercise7.accessRouter[17].ppp[4].ppp.queue,359711
NO_VOIP_ISDN_rpt03_scenario_01-0-20200702-14:34:26-11980,1000,0,Exercise7.accessRouter[17].ppp[5].ppp.queue,342604
NO_VOIP_ISDN_rpt03_scenario_01-0-20200702-14:34:26-11980,1000,0,Exercise7.accessRouter[17].ppp[6].ppp.queue,313473
NO_VOIP_ISDN_rpt03_scenario_01-0-20200702-14:34:26-11980,1000,0,Exercise7.accessRouter[17].ppp[7].ppp.queue,295771
NO_VOIP_ISDN_rpt03_scenario_01-0-20200702-14:34:26-11980,1000,0,Exercise7.accessRouter[17].ppp[8].ppp.queue,384056
NO_VOIP_ISDN_rpt03_scenario_01-0-20200702-14:34:26-11980,1000,0,Exercise7.accessRouter[17].ppp[9].ppp.queue,366080
NO_VOIP_ISDN_rpt03_scenario_01-0-20200702-14:34:26-11980,1000,0,Exercise7.accessRouter[17].ppp[10].ppp.queue,338326
NO_VOIP_ISDN_rpt03_scenario_01-0-20200702-14:34:26-11980,1000,0,Exercise7.accessRouter[17].ppp[11].ppp.queue,401336
NO_VOIP_ISDN_rpt03_scenario_01-0-20200702-14:34:26-11980,1000,0,Exercise7.accessRouter[17].ppp[12].ppp.queue,305864
NO_VOIP_ISDN_rpt03_scenario_01-0-20200702-14:34:26-11980,1000,0,Exercise7.accessRouter[17].ppp[13].ppp.queue,264911
NO_VOIP_ISDN_rpt03_scenario_01-0-20200702-14:34:26-11980,1000,0,Exercise7.accessRouter[17].ppp[14].ppp.queue,387950
NO_VOIP_ISDN_rpt03_scenario_01-0-20200702-14:34:26-11980,1000,0,Exercise7.accessRouter[17].ppp[15].ppp.queue,396797
NO_VOIP_ISDN_rpt03_scenario_01-0-20200702-14:34:26-11980,1000,0,Exercise7.accessRouter[17].ppp[16].ppp.queue,397017
NO_VOIP_ISDN_rpt03_scenario_01-0-20200702-14:34:26-11980,1000,0,Exercise7.accessRouter[17].ppp[17].ppp.queue,329350
NO_VOIP_ISDN_rpt03_scenario_01-0-20200702-14:34:26-11980,1000,0,Exercise7.accessRouter[17].ppp[18].ppp.queue,365859
NO_VOIP_ISDN_rpt03_scenario_01-0-20200702-14:34:26-11980,1000,0,Exercise7.accessRouter[17].ppp[19].ppp.queue,373167
NO_VOIP_ISDN_rpt03_scenario_01-0-20200702-14:34:26-11980,1000,0,Exercise7.accessRouter[17].ppp[20].ppp.queue,281268
NO_VOIP_ISDN_rpt03_scenario_01-0-20200702-14:34:26-11980,1000,0,Exercise7.accessRouter[17].ppp[21].ppp.queue,494706
NO_VOIP_ISDN_rpt03_scenario_01-0-20200702-14:34:26-11980,1000,0,Exercise7.accessRouter[17].ppp[22].ppp.queue,307840
NO_VOIP_ISDN_rpt03_scenario_01-0-20200702-14:34:26-11980,1000,0,Exercise7.accessRouter[17].ppp[23].ppp.queue,192921
NO_VOIP_ISDN_rpt03_scenario_01-0-20200702-14:34:26-11980,1000,0,Exercise7.accessRouter[17].ppp[24].ppp.queue,475722
NO_VOIP_ISDN_rpt03_scenario_01-0-20200702-14:34:26-11980,1000,0,Exercise7.accessRouter[17].ppp[25].ppp.queue,533425
NO_VOIP_ISDN_rpt03_scenario_01-0-20200702-14:34:26-11980,1000,0,Exercise7.accessRouter[18].ppp[1].ppp.queue,264057
NO_VOIP_ISDN_rpt03_scenario_01-0-20200702-14:34:26-11980,1000,0,Exercise7.accessRouter[18].ppp[2].ppp.queue,277388
NO_VOIP_ISDN_rpt03_scenario_01-0-20200702-14:34:26-11980,1000,0,Exercise7.accessRouter[18].ppp[3].ppp.queue,416580
NO_VOIP_ISDN_rpt03_scenario_01-0-20200702-14:34:26-11980,1000,0,Exercise7.accessRouter[18].ppp[4].ppp.queue,418793
NO_VOIP_ISDN_rpt03_scenario_01-0-20200702-14:34:26-11980,1000,0,Exercise7.accessRouter[18].ppp[5].ppp.queue,412105
NO_VOIP_ISDN_rpt03_scenario_01-0-20200702-14:34:26-11980,1000,0,Exercise7.accessRouter[18].ppp[6].ppp.queue,361920
NO_VOIP_ISDN_rpt03_scenario_01-0-20200702-14:34:26-11980,1000,0,Exercise7.accessRouter[18].ppp[7].ppp.queue,284065
NO_VOIP_ISDN_rpt03_scenario_01-0-20200702-14:34:26-11980,1000,0,Exercise7.accessRouter[18].ppp[8].ppp.queue,406585
NO_VOIP_ISDN_rpt03_scenario_01-0-20200702-14:34:26-11980,1000,0,Exercise7.accessRouter[18].ppp[9].ppp.queue,577818
NO_VOIP_ISDN_rpt03_scenario_01-0-20200702-14:34:26-11980,1000,0,Exercise7.accessRouter[18].ppp[10].ppp.queue,491322
NO_VOIP_ISDN_rpt03_scenario_01-0-20200702-14:34:26-11980,1000,0,Exercise7.accessRouter[18].ppp[11].ppp.queue,317409
NO_VOIP_ISDN_rpt03_scenario_01-0-20200702-14:34:26-11980,1000,0,Exercise7.accessRouter[18].ppp[12].ppp.queue,465344
NO_VOIP_ISDN_rpt03_scenario_01-0-20200702-14:34:26-11980,1000,0,Exercise7.accessRouter[18].ppp[13].ppp.queue,258677
NO_VOIP_ISDN_rpt03_scenario_01-0-20200702-14:34:26-11980,1000,0,Exercise7.accessRouter[18].ppp[14].ppp.queue,346917
NO_VOIP_ISDN_rpt03_scenario_01-0-20200702-14:34:26-11980,1000,0,Exercise7.accessRouter[18].ppp[15].ppp.queue,409020
NO_VOIP_ISDN_rpt03_scenario_01-0-20200702-14:34:26-11980,1000,0,Exercise7.accessRouter[18].ppp[16].ppp.queue,399103
NO_VOIP_ISDN_rpt03_scenario_01-0-20200702-14:34:26-11980,1000,0,Exercise7.accessRouter[18].ppp[17].ppp.queue,332135
NO_VOIP_ISDN_rpt03_scenario_01-0-20200702-14:34:26-11980,1000,0,Exercise7.accessRouter[18].ppp[18].ppp.queue,403731
NO_VOIP_ISDN_rpt03_scenario_01-0-20200702-14:34:26-11980,1000,0,Exercise7.accessRouter[18].ppp[19].ppp.queue,369608
NO_VOIP_ISDN_rpt03_scenario_01-0-20200702-14:34:26-11980,1000,0,Exercise7.accessRouter[18].ppp[20].ppp.queue,537354
NO_VOIP_ISDN_rpt03_scenario_01-0-20200702-14:34:26-11980,1000,0,Exercise7.accessRouter[18].ppp[21].ppp.queue,436800
NO_VOIP_ISDN_rpt03_scenario_01-0-20200702-14:34:26-11980,1000,0,Exercise7.accessRouter[18].ppp[22].ppp.queue,517511
NO_VOIP_ISDN_rpt03_scenario_01-0-20200702-14:34:26-11980,1000,0,Exercise7.accessRouter[18].ppp[23].ppp.queue,351006
NO_VOIP_ISDN_rpt03_scenario_01-0-20200702-14:34:26-11980,1000,0,Exercise7.accessRouter[18].ppp[24].ppp.queue,364136
NO_VOIP_ISDN_rpt03_scenario_01-0-20200702-14:34:26-11980,1000,0,Exercise7.accessRouter[18].ppp[25].ppp.queue,375573
NO_VOIP_ISDN_rpt03_scenario_01-0-20200702-14:34:26-11980,1000,0,Exercise7.accessRouter[19].ppp[1].ppp.queue,348352
NO_VOIP_ISDN_rpt03_scenario_01-0-20200702-14:34:26-11980,1000,0,Exercise7.accessRouter[19].ppp[2].ppp.queue,312476
NO_VOIP_ISDN_rpt03_scenario_01-0-20200702-14:34:26-11980,1000,0,Exercise7.accessRouter[19].ppp[3].ppp.queue,290435
NO_VOIP_ISDN_rpt03_scenario_01-0-20200702-14:34:26-11980,1000,0,Exercise7.accessRouter[19].ppp[4].ppp.queue,452510
NO_VOIP_ISDN_rpt03_scenario_01-0-20200702-14:34:26-11980,1000,0,Exercise7.accessRouter[19].ppp[5].ppp.queue,381732
NO_VOIP_ISDN_rpt03_scenario_01-0-20200702-14:34:26-11980,1000,0,Exercise7.accessRouter[19].ppp[6].ppp.queue,239390
NO_VOIP_ISDN_rpt03_scenario_01-0-20200702-14:34:26-11980,1000,0,Exercise7.accessRouter[19].ppp[7].ppp.queue,427370
NO_VOIP_ISDN_rpt03_scenario_01-0-20200702-14:34:26-11980,1000,0,Exercise7.accessRouter[19].ppp[8].ppp.queue,488866
NO_VOIP_ISDN_rpt03_scenario_01-0-20200702-14:34:26-11980,1000,0,Exercise7.accessRouter[19].ppp[9].ppp.queue,316404
NO_VOIP_ISDN_rpt03_scenario_01-0-20200702-14:34:26-11980,1000,0,Exercise7.accessRouter[19].ppp[10].ppp.queue,546852
NO_VOIP_ISDN_rpt03_scenario_01-0-20200702-14:34:26-11980,1000,0,Exercise7.accessRouter[19].ppp[11].ppp.queue,361920
NO_VOIP_ISDN_rpt03_scenario_01-0-20200702-14:34:26-11980,1000,0,Exercise7.accessRouter[19].ppp[12].ppp.queue,361443
NO_VOIP_ISDN_rpt03_scenario_01-0-20200702-14:34:26-11980,1000,0,Exercise7.accessRouter[19].ppp[13].ppp.queue,554210
NO_VOIP_ISDN_rpt03_scenario_01-0-20200702-14:34:26-11980,1000,0,Exercise7.accessRouter[19].ppp[14].ppp.queue,362529
NO_VOIP_ISDN_rpt03_scenario_01-0-20200702-14:34:26-11980,1000,0,Exercise7.accessRouter[19].ppp[15].ppp.queue,478574
NO_VOIP_ISDN_rpt03_scenario_01-0-20200702-14:34:26-11980,1000,0,Exercise7.accessRouter[19].ppp[16].ppp.queue,372952
NO_VOIP_ISDN_rpt03_scenario_01-0-20200702-14:34:26-11980,1000,0,Exercise7.accessRouter[19].ppp[17].ppp.queue,537932
NO_VOIP_ISDN_rpt03_scenario_01-0-20200702-14:34:26-11980,1000,0,Exercise7.accessRouter[19].ppp[18].ppp.queue,372452
NO_VOIP_ISDN_rpt03_scenario_01-0-20200702-14:34:26-11980,1000,0,Exercise7.accessRouter[19].ppp[19].ppp.queue,354525
NO_VOIP_ISDN_rpt03_scenario_01-0-20200702-14:34:26-11980,1000,0,Exercise7.accessRouter[19].ppp[20].ppp.queue,328417
NO_VOIP_ISDN_rpt03_scenario_01-0-20200702-14:34:26-11980,1000,0,Exercise7.accessRouter[19].ppp[21].ppp.queue,323469
NO_VOIP_ISDN_rpt03_scenario_01-0-20200702-14:34:26-11980,1000,0,Exercise7.accessRouter[19].ppp[22].ppp.queue,450087
NO_VOIP_ISDN_rpt03_scenario_01-0-20200702-14:34:26-11980,1000,0,Exercise7.accessRouter[19].ppp[23].ppp.queue,486960
NO_VOIP_ISDN_rpt03_scenario_01-0-20200702-14:34:26-11980,1000,0,Exercise7.accessRouter[19].ppp[24].ppp.queue,387037
NO_VOIP_ISDN_rpt03_scenario_01-0-20200702-14:34:26-11980,1000,0,Exercise7.accessRouter[19].ppp[25].ppp.queue,379556
NO_VOIP_ISDN_rpt03_scenario_01-0-20200702-14:34:26-11980,1000,0,Exercise7.accessRouter[20].ppp[1].ppp.queue,388481
NO_VOIP_ISDN_rpt03_scenario_01-0-20200702-14:34:26-11980,1000,0,Exercise7.accessRouter[20].ppp[2].ppp.queue,476429
NO_VOIP_ISDN_rpt03_scenario_01-0-20200702-14:34:26-11980,1000,0,Exercise7.accessRouter[20].ppp[3].ppp.queue,426709
NO_VOIP_ISDN_rpt03_scenario_01-0-20200702-14:34:26-11980,1000,0,Exercise7.accessRouter[20].ppp[4].ppp.queue,370746
NO_VOIP_ISDN_rpt03_scenario_01-0-20200702-14:34:26-11980,1000,0,Exercise7.accessRouter[20].ppp[5].ppp.queue,581647
NO_VOIP_ISDN_rpt03_scenario_01-0-20200702-14:34:26-11980,1000,0,Exercise7.accessRouter[20].ppp[6].ppp.queue,374370
NO_VOIP_ISDN_rpt03_scenario_01-0-20200702-14:34:26-11980,1000,0,Exercise7.accessRouter[20].ppp[7].ppp.queue,279162
NO_VOIP_ISDN_rpt03_scenario_01-0-20200702-14:34:26-11980,1000,0,Exercise7.accessRouter[20].ppp[8].ppp.queue,302562
NO_VOIP_ISDN_rpt03_scenario_01-0-20200702-14:34:26-11980,1000,0,Exercise7.accessRouter[20].ppp[9].ppp.queue,501463
NO_VOIP_ISDN_rpt03_scenario_01-0-20200702-14:34:26-11980,1000,0,Exercise7.accessRouter[20].ppp[10].ppp.queue,352254
NO_VOIP_ISDN_rpt03_scenario_01-0-20200702-14:34:26-11980,1000,0,Exercise7.accessRouter[20].ppp[11].ppp.queue,335920
NO_VOIP_ISDN_rpt03_scenario_01-0-20200702-14:34:26-11980,1000,0,Exercise7.accessRouter[20].ppp[12].ppp.queue,423543
NO_VOIP_ISDN_rpt03_scenario_01-0-20200702-14:34:26-11980,1000,0,Exercise7.accessRouter[20].ppp[13].ppp.queue,384787
NO_VOIP_ISDN_rpt03_scenario_01-0-20200702-14:34:26-11980,1000,0,Exercise7.accessRouter[20].ppp[14].ppp.queue,404615
NO_VOIP_ISDN_rpt03_scenario_01-0-20200702-14:34:26-11980,1000,0,Exercise7.accessRouter[20].ppp[15].ppp.queue,404397
NO_VOIP_ISDN_rpt03_scenario_01-0-20200702-14:34:26-11980,1000,0,Exercise7.accessRouter[20].ppp[16].ppp.queue,236427
NO_VOIP_ISDN_rpt03_scenario_01-0-20200702-14:34:26-11980,1000,0,Exercise7.accessRouter[20].ppp[17].ppp.queue,288853
NO_VOIP_ISDN_rpt03_scenario_01-0-20200702-14:34:26-11980,1000,0,Exercise7.accessRouter[20].ppp[18].ppp.queue,356271
NO_VOIP_ISDN_rpt03_scenario_01-0-20200702-14:34:26-11980,1000,0,Exercise7.accessRouter[20].ppp[19].ppp.queue,272063
NO_VOIP_ISDN_rpt03_scenario_01-0-20200702-14:34:26-11980,1000,0,Exercise7.accessRouter[20].ppp[20].ppp.queue,312251
NO_VOIP_ISDN_rpt03_scenario_01-0-20200702-14:34:26-11980,1000,0,Exercise7.accessRouter[20].ppp[21].ppp.queue,425762
NO_VOIP_ISDN_rpt03_scenario_01-0-20200702-14:34:26-11980,1000,0,Exercise7.accessRouter[20].ppp[22].ppp.queue,409667
NO_VOIP_ISDN_rpt03_scenario_01-0-20200702-14:34:26-11980,1000,0,Exercise7.accessRouter[20].ppp[23].ppp.queue,354306
NO_VOIP_ISDN_rpt03_scenario_01-0-20200702-14:34:26-11980,1000,0,Exercise7.accessRouter[20].ppp[24].ppp.queue,383760
NO_VOIP_ISDN_rpt03_scenario_01-0-20200702-14:34:26-11980,1000,0,Exercise7.accessRouter[20].ppp[25].ppp.queue,465615
NO_VOIP_ISDN_rpt03_scenario_01-0-20200702-14:34:26-11980,1000,0,Exercise7.accessRouter[21].ppp[1].ppp.queue,432640
NO_VOIP_ISDN_rpt03_scenario_01-0-20200702-14:34:26-11980,1000,0,Exercise7.accessRouter[21].ppp[2].ppp.queue,385919
NO_VOIP_ISDN_rpt03_scenario_01-0-20200702-14:34:26-11980,1000,0,Exercise7.accessRouter[21].ppp[3].ppp.queue,586634
NO_VOIP_ISDN_rpt03_scenario_01-0-20200702-14:34:26-11980,1000,0,Exercise7.accessRouter[21].ppp[4].ppp.queue,390983
NO_VOIP_ISDN_rpt03_scenario_01-0-20200702-14:34:26-11980,1000,0,Exercise7.accessRouter[21].ppp[5].ppp.queue,413918
NO_VOIP_ISDN_rpt03_scenario_01-0-20200702-14:34:26-11980,1000,0,Exercise7.accessRouter[21].ppp[6].ppp.queue,377422
NO_VOIP_ISDN_rpt03_scenario_01-0-20200702-14:34:26-11980,1000,0,Exercise7.accessRouter[21].ppp[7].ppp.queue,431600
NO_VOIP_ISDN_rpt03_scenario_01-0-20200702-14:34:26-11980,1000,0,Exercise7.accessRouter[21].ppp[8].ppp.queue,473732
NO_VOIP_ISDN_rpt03_scenario_01-0-20200702-14:34:26-11980,1000,0,Exercise7.accessRouter[21].ppp[9].ppp.queue,507636
NO_VOIP_ISDN_rpt03_scenario_01-0-20200702-14:34:26-11980,1000,0,Exercise7.accessRouter[21].ppp[10].ppp.queue,271724
NO_VOIP_ISDN_rpt03_scenario_01-0-20200702-14:34:26-11980,1000,0,Exercise7.accessRouter[21].ppp[11].ppp.queue,389918
NO_VOIP_ISDN_rpt03_scenario_01-0-20200702-14:34:26-11980,1000,0,Exercise7.accessRouter[21].ppp[12].ppp.queue,492785
NO_VOIP_ISDN_rpt03_scenario_01-0-20200702-14:34:26-11980,1000,0,Exercise7.accessRouter[21].ppp[13].ppp.queue,400001
NO_VOIP_ISDN_rpt03_scenario_01-0-20200702-14:34:26-11980,1000,0,Exercise7.accessRouter[21].ppp[14].ppp.queue,535722
NO_VOIP_ISDN_rpt03_scenario_01-0-20200702-14:34:26-11980,1000,0,Exercise7.accessRouter[21].ppp[15].ppp.queue,452485
NO_VOIP_ISDN_rpt03_scenario_01-0-20200702-14:34:26-11980,1000,0,Exercise7.accessRouter[21].ppp[16].ppp.queue,414517
NO_VOIP_ISDN_rpt03_scenario_01-0-20200702-14:34:26-11980,1000,0,Exercise7.accessRouter[21].ppp[17].ppp.queue,320445
NO_VOIP_ISDN_rpt03_scenario_01-0-20200702-14:34:26-11980,1000,0,Exercise7.accessRouter[21].ppp[18].ppp.queue,374421
NO_VOIP_ISDN_rpt03_scenario_01-0-20200702-14:34:26-11980,1000,0,Exercise7.accessRouter[21].ppp[19].ppp.queue,403937
NO_VOIP_ISDN_rpt03_scenario_01-0-20200702-14:34:26-11980,1000,0,Exercise7.accessRouter[21].ppp[20].ppp.queue,389120
NO_VOIP_ISDN_rpt03_scenario_01-0-20200702-14:34:26-11980,1000,0,Exercise7.accessRouter[21].ppp[21].ppp.queue,340988
NO_VOIP_ISDN_rpt03_scenario_01-0-20200702-14:34:26-11980,1000,0,Exercise7.accessRouter[21].ppp[22].ppp.queue,336576
NO_VOIP_ISDN_rpt03_scenario_01-0-20200702-14:34:26-11980,1000,0,Exercise7.accessRouter[21].ppp[23].ppp.queue,428630
NO_VOIP_ISDN_rpt03_scenario_01-0-20200702-14:34:26-11980,1000,0,Exercise7.accessRouter[21].ppp[24].ppp.queue,276908
NO_VOIP_ISDN_rpt03_scenario_01-0-20200702-14:34:26-11980,1000,0,Exercise7.accessRouter[21].ppp[25].ppp.queue,383842
NO_VOIP_ISDN_rpt03_scenario_01-0-20200702-14:34:26-11980,1000,0,Exercise7.accessRouter[22].ppp[1].ppp.queue,515765
NO_VOIP_ISDN_rpt03_scenario_01-0-20200702-14:34:26-11980,1000,0,Exercise7.accessRouter[22].ppp[2].ppp.queue,361016
NO_VOIP_ISDN_rpt03_scenario_01-0-20200702-14:34:26-11980,1000,0,Exercise7.accessRouter[22].ppp[3].ppp.queue,301715
NO_VOIP_ISDN_rpt03_scenario_01-0-20200702-14:34:26-11980,1000,0,Exercise7.accessRouter[22].ppp[4].ppp.queue,377786
NO_VOIP_ISDN_rpt03_scenario_01-0-20200702-14:34:26-11980,1000,0,Exercise7.accessRouter[22].ppp[5].ppp.queue,388503
NO_VOIP_ISDN_rpt03_scenario_01-0-20200702-14:34:26-11980,1000,0,Exercise7.accessRouter[22].ppp[6].ppp.queue,410352
NO_VOIP_ISDN_rpt03_scenario_01-0-20200702-14:34:26-11980,1000,0,Exercise7.accessRouter[22].ppp[7].ppp.queue,409760
NO_VOIP_ISDN_rpt03_scenario_01-0-20200702-14:34:26-11980,1000,0,Exercise7.accessRouter[22].ppp[8].ppp.queue,390630
NO_VOIP_ISDN_rpt03_scenario_01-0-20200702-14:34:26-11980,1000,0,Exercise7.accessRouter[22].ppp[9].ppp.queue,422170
NO_VOIP_ISDN_rpt03_scenario_01-0-20200702-14:34:26-11980,1000,0,Exercise7.accessRouter[22].ppp[10].ppp.queue,494000
NO_VOIP_ISDN_rpt03_scenario_01-0-20200702-14:34:26-11980,1000,0,Exercise7.accessRouter[22].ppp[11].ppp.queue,357439
NO_VOIP_ISDN_rpt03_scenario_01-0-20200702-14:34:26-11980,1000,0,Exercise7.accessRouter[22].ppp[12].ppp.queue,362336
NO_VOIP_ISDN_rpt03_scenario_01-0-20200702-14:34:26-11980,1000,0,Exercise7.accessRouter[22].ppp[13].ppp.queue,327900
NO_VOIP_ISDN_rpt03_scenario_01-0-20200702-14:34:26-11980,1000,0,Exercise7.accessRouter[22].ppp[14].ppp.queue,376512
NO_VOIP_ISDN_rpt03_scenario_01-0-20200702-14:34:26-11980,1000,0,Exercise7.accessRouter[22].ppp[15].ppp.queue,336918
NO_VOIP_ISDN_rpt03_scenario_01-0-20200702-14:34:26-11980,1000,0,Exercise7.accessRouter[22].ppp[16].ppp.queue,340773
NO_VOIP_ISDN_rpt03_scenario_01-0-20200702-14:34:26-11980,1000,0,Exercise7.accessRouter[22].ppp[17].ppp.queue,306532
NO_VOIP_ISDN_rpt03_scenario_01-0-20200702-14:34:26-11980,1000,0,Exercise7.accessRouter[22].ppp[18].ppp.queue,350215
NO_VOIP_ISDN_rpt03_scenario_01-0-20200702-14:34:26-11980,1000,0,Exercise7.accessRouter[22].ppp[19].ppp.queue,387499
NO_VOIP_ISDN_rpt03_scenario_01-0-20200702-14:34:26-11980,1000,0,Exercise7.accessRouter[22].ppp[20].ppp.queue,394491
NO_VOIP_ISDN_rpt03_scenario_01-0-20200702-14:34:26-11980,1000,0,Exercise7.accessRouter[22].ppp[21].ppp.queue,405558
NO_VOIP_ISDN_rpt03_scenario_01-0-20200702-14:34:26-11980,1000,0,Exercise7.accessRouter[22].ppp[22].ppp.queue,323802
NO_VOIP_ISDN_rpt03_scenario_01-0-20200702-14:34:26-11980,1000,0,Exercise7.accessRouter[22].ppp[23].ppp.queue,383795
NO_VOIP_ISDN_rpt03_scenario_01-0-20200702-14:34:26-11980,1000,0,Exercise7.accessRouter[22].ppp[24].ppp.queue,267592
NO_VOIP_ISDN_rpt03_scenario_01-0-20200702-14:34:26-11980,1000,0,Exercise7.accessRouter[22].ppp[25].ppp.queue,277680
NO_VOIP_ISDN_rpt03_scenario_01-0-20200702-14:34:26-11980,1000,0,Exercise7.accessRouter[23].ppp[1].ppp.queue,276946
NO_VOIP_ISDN_rpt03_scenario_01-0-20200702-14:34:26-11980,1000,0,Exercise7.accessRouter[23].ppp[2].ppp.queue,483656
NO_VOIP_ISDN_rpt03_scenario_01-0-20200702-14:34:26-11980,1000,0,Exercise7.accessRouter[23].ppp[3].ppp.queue,546000
NO_VOIP_ISDN_rpt03_scenario_01-0-20200702-14:34:26-11980,1000,0,Exercise7.accessRouter[23].ppp[4].ppp.queue,291827
NO_VOIP_ISDN_rpt03_scenario_01-0-20200702-14:34:26-11980,1000,0,Exercise7.accessRouter[23].ppp[5].ppp.queue,327585
NO_VOIP_ISDN_rpt03_scenario_01-0-20200702-14:34:26-11980,1000,0,Exercise7.accessRouter[23].ppp[6].ppp.queue,372953
NO_VOIP_ISDN_rpt03_scenario_01-0-20200702-14:34:26-11980,1000,0,Exercise7.accessRouter[23].ppp[7].ppp.queue,444492
NO_VOIP_ISDN_rpt03_scenario_01-0-20200702-14:34:26-11980,1000,0,Exercise7.accessRouter[23].ppp[8].ppp.queue,392080
NO_VOIP_ISDN_rpt03_scenario_01-0-20200702-14:34:26-11980,1000,0,Exercise7.accessRouter[23].ppp[9].ppp.queue,364673
NO_VOIP_ISDN_rpt03_scenario_01-0-20200702-14:34:26-11980,1000,0,Exercise7.accessRouter[23].ppp[10].ppp.queue,390439
NO_VOIP_ISDN_rpt03_scenario_01-0-20200702-14:34:26-11980,1000,0,Exercise7.accessRouter[23].ppp[11].ppp.queue,368746
NO_VOIP_ISDN_rpt03_scenario_01-0-20200702-14:34:26-11980,1000,0,Exercise7.accessRouter[23].ppp[12].ppp.queue,447027
NO_VOIP_ISDN_rpt03_scenario_01-0-20200702-14:34:26-11980,1000,0,Exercise7.accessRouter[23].ppp[13].ppp.queue,316770
NO_VOIP_ISDN_rpt03_scenario_01-0-20200702-14:34:26-11980,1000,0,Exercise7.accessRouter[23].ppp[14].ppp.queue,399357
NO_VOIP_ISDN_rpt03_scenario_01-0-20200702-14:34:26-11980,1000,0,Exercise7.accessRouter[23].ppp[15].ppp.queue,441354
NO_VOIP_ISDN_rpt03_scenario_01-0-20200702-14:34:26-11980,1000,0,Exercise7.accessRouter[23].ppp[16].ppp.queue,476987
NO_VOIP_ISDN_rpt03_scenario_01-0-20200702-14:34:26-11980,1000,0,Exercise7.accessRouter[23].ppp[17].ppp.queue,257460
NO_VOIP_ISDN_rpt03_scenario_01-0-20200702-14:34:26-11980,1000,0,Exercise7.accessRouter[23].ppp[18].ppp.queue,393064
NO_VOIP_ISDN_rpt03_scenario_01-0-20200702-14:34:26-11980,1000,0,Exercise7.accessRouter[23].ppp[19].ppp.queue,291731
NO_VOIP_ISDN_rpt03_scenario_01-0-20200702-14:34:26-11980,1000,0,Exercise7.accessRouter[23].ppp[20].ppp.queue,400021
NO_VOIP_ISDN_rpt03_scenario_01-0-20200702-14:34:26-11980,1000,0,Exercise7.accessRouter[23].ppp[21].ppp.queue,439444
NO_VOIP_ISDN_rpt03_scenario_01-0-20200702-14:34:26-11980,1000,0,Exercise7.accessRouter[23].ppp[22].ppp.queue,308778
NO_VOIP_ISDN_rpt03_scenario_01-0-20200702-14:34:26-11980,1000,0,Exercise7.accessRouter[23].ppp[23].ppp.queue,239200
NO_VOIP_ISDN_rpt03_scenario_01-0-20200702-14:34:26-11980,1000,0,Exercise7.accessRouter[23].ppp[24].ppp.queue,341120
NO_VOIP_ISDN_rpt03_scenario_01-0-20200702-14:34:26-11980,1000,0,Exercise7.accessRouter[23].ppp[25].ppp.queue,258727
NO_VOIP_ISDN_rpt03_scenario_01-0-20200702-14:34:26-11980,1000,0,Exercise7.accessRouter[24].ppp[1].ppp.queue,340620
NO_VOIP_ISDN_rpt03_scenario_01-0-20200702-14:34:26-11980,1000,0,Exercise7.accessRouter[24].ppp[2].ppp.queue,464880
NO_VOIP_ISDN_rpt03_scenario_01-0-20200702-14:34:26-11980,1000,0,Exercise7.accessRouter[24].ppp[3].ppp.queue,298690
NO_VOIP_ISDN_rpt03_scenario_01-0-20200702-14:34:26-11980,1000,0,Exercise7.accessRouter[24].ppp[4].ppp.queue,294448
NO_VOIP_ISDN_rpt03_scenario_01-0-20200702-14:34:26-11980,1000,0,Exercise7.accessRouter[24].ppp[5].ppp.queue,404204
NO_VOIP_ISDN_rpt03_scenario_01-0-20200702-14:34:26-11980,1000,0,Exercise7.accessRouter[24].ppp[6].ppp.queue,428314
NO_VOIP_ISDN_rpt03_scenario_01-0-20200702-14:34:26-11980,1000,0,Exercise7.accessRouter[24].ppp[7].ppp.queue,442000
NO_VOIP_ISDN_rpt03_scenario_01-0-20200702-14:34:26-11980,1000,0,Exercise7.accessRouter[24].ppp[8].ppp.queue,431014
NO_VOIP_ISDN_rpt03_scenario_01-0-20200702-14:34:26-11980,1000,0,Exercise7.accessRouter[24].ppp[9].ppp.queue,439913
NO_VOIP_ISDN_rpt03_scenario_01-0-20200702-14:34:26-11980,1000,0,Exercise7.accessRouter[24].ppp[10].ppp.queue,468507
NO_VOIP_ISDN_rpt03_scenario_01-0-20200702-14:34:26-11980,1000,0,Exercise7.accessRouter[24].ppp[11].ppp.queue,320341
NO_VOIP_ISDN_rpt03_scenario_01-0-20200702-14:34:26-11980,1000,0,Exercise7.accessRouter[24].ppp[12].ppp.queue,477595
NO_VOIP_ISDN_rpt03_scenario_01-0-20200702-14:34:26-11980,1000,0,Exercise7.accessRouter[24].ppp[13].ppp.queue,426043
NO_VOIP_ISDN_rpt03_scenario_01-0-20200702-14:34:26-11980,1000,0,Exercise7.accessRouter[24].ppp[14].ppp.queue,285285
NO_VOIP_ISDN_rpt03_scenario_01-0-20200702-14:34:26-11980,1000,0,Exercise7.accessRouter[24].ppp[15].ppp.queue,338264
NO_VOIP_ISDN_rpt03_scenario_01-0-20200702-14:34:26-11980,1000,0,Exercise7.accessRouter[24].ppp[16].ppp.queue,521131
NO_VOIP_ISDN_rpt03_scenario_01-0-20200702-14:34:26-11980,1000,0,Exercise7.accessRouter[24].ppp[17].ppp.queue,275805
NO_VOIP_ISDN_rpt03_scenario_01-0-20200702-14:34:26-11980,1000,0,Exercise7.accessRouter[24].ppp[18].ppp.queue,355852
NO_VOIP_ISDN_rpt03_scenario_01-0-20200702-14:34:26-11980,1000,0,Exercise7.accessRouter[24].ppp[19].ppp.queue,350286
NO_VOIP_ISDN_rpt03_scenario_01-0-20200702-14:34:26-11980,1000,0,Exercise7.accessRouter[24].ppp[20].ppp.queue,265634
NO_VOIP_ISDN_rpt03_scenario_01-0-20200702-14:34:26-11980,1000,0,Exercise7.accessRouter[24].ppp[21].ppp.queue,531239
NO_VOIP_ISDN_rpt03_scenario_01-0-20200702-14:34:26-11980,1000,0,Exercise7.accessRouter[24].ppp[22].ppp.queue,376480
NO_VOIP_ISDN_rpt03_scenario_01-0-20200702-14:34:26-11980,1000,0,Exercise7.accessRouter[24].ppp[23].ppp.queue,282189
NO_VOIP_ISDN_rpt03_scenario_01-0-20200702-14:34:26-11980,1000,0,Exercise7.accessRouter[24].ppp[24].ppp.queue,463479
NO_VOIP_ISDN_rpt03_scenario_01-0-20200702-14:34:26-11980,1000,0,Exercise7.accessRouter[24].ppp[25].ppp.queue,339083
