run,time,repetition,Module,queueLength:max
NO_VOIP_DSL_rpt03_scenario_02-0-20200704-04:41:25-24420,1000,0,Exercise7.accessRouter[0].ppp[1].ppp.queue,3
NO_VOIP_DSL_rpt03_scenario_02-0-20200704-04:41:25-24420,1000,0,Exercise7.accessRouter[0].ppp[2].ppp.queue,1
NO_VOIP_DSL_rpt03_scenario_02-0-20200704-04:41:25-24420,1000,0,Exercise7.accessRouter[0].ppp[3].ppp.queue,4
NO_VOIP_DSL_rpt03_scenario_02-0-20200704-04:41:25-24420,1000,0,Exercise7.accessRouter[0].ppp[4].ppp.queue,1
NO_VOIP_DSL_rpt03_scenario_02-0-20200704-04:41:25-24420,1000,0,Exercise7.accessRouter[0].ppp[5].ppp.queue,1
NO_VOIP_DSL_rpt03_scenario_02-0-20200704-04:41:25-24420,1000,0,Exercise7.accessRouter[0].ppp[6].ppp.queue,1
NO_VOIP_DSL_rpt03_scenario_02-0-20200704-04:41:25-24420,1000,0,Exercise7.accessRouter[0].ppp[7].ppp.queue,1
NO_VOIP_DSL_rpt03_scenario_02-0-20200704-04:41:25-24420,1000,0,Exercise7.accessRouter[0].ppp[8].ppp.queue,1
NO_VOIP_DSL_rpt03_scenario_02-0-20200704-04:41:25-24420,1000,0,Exercise7.accessRouter[0].ppp[9].ppp.queue,3
NO_VOIP_DSL_rpt03_scenario_02-0-20200704-04:41:25-24420,1000,0,Exercise7.accessRouter[0].ppp[10].ppp.queue,3
NO_VOIP_DSL_rpt03_scenario_02-0-20200704-04:41:25-24420,1000,0,Exercise7.accessRouter[0].ppp[11].ppp.queue,1
NO_VOIP_DSL_rpt03_scenario_02-0-20200704-04:41:25-24420,1000,0,Exercise7.accessRouter[0].ppp[12].ppp.queue,2
NO_VOIP_DSL_rpt03_scenario_02-0-20200704-04:41:25-24420,1000,0,Exercise7.accessRouter[0].ppp[13].ppp.queue,2
NO_VOIP_DSL_rpt03_scenario_02-0-20200704-04:41:25-24420,1000,0,Exercise7.accessRouter[0].ppp[14].ppp.queue,1
NO_VOIP_DSL_rpt03_scenario_02-0-20200704-04:41:25-24420,1000,0,Exercise7.accessRouter[0].ppp[15].ppp.queue,1
NO_VOIP_DSL_rpt03_scenario_02-0-20200704-04:41:25-24420,1000,0,Exercise7.accessRouter[0].ppp[16].ppp.queue,1
NO_VOIP_DSL_rpt03_scenario_02-0-20200704-04:41:25-24420,1000,0,Exercise7.accessRouter[0].ppp[17].ppp.queue,1
NO_VOIP_DSL_rpt03_scenario_02-0-20200704-04:41:25-24420,1000,0,Exercise7.accessRouter[0].ppp[18].ppp.queue,1
NO_VOIP_DSL_rpt03_scenario_02-0-20200704-04:41:25-24420,1000,0,Exercise7.accessRouter[0].ppp[19].ppp.queue,1
NO_VOIP_DSL_rpt03_scenario_02-0-20200704-04:41:25-24420,1000,0,Exercise7.accessRouter[0].ppp[20].ppp.queue,1
NO_VOIP_DSL_rpt03_scenario_02-0-20200704-04:41:25-24420,1000,0,Exercise7.accessRouter[0].ppp[21].ppp.queue,2
NO_VOIP_DSL_rpt03_scenario_02-0-20200704-04:41:25-24420,1000,0,Exercise7.accessRouter[0].ppp[22].ppp.queue,1
NO_VOIP_DSL_rpt03_scenario_02-0-20200704-04:41:25-24420,1000,0,Exercise7.accessRouter[0].ppp[23].ppp.queue,1
NO_VOIP_DSL_rpt03_scenario_02-0-20200704-04:41:25-24420,1000,0,Exercise7.accessRouter[0].ppp[24].ppp.queue,1
NO_VOIP_DSL_rpt03_scenario_02-0-20200704-04:41:25-24420,1000,0,Exercise7.accessRouter[0].ppp[25].ppp.queue,2
NO_VOIP_DSL_rpt03_scenario_02-0-20200704-04:41:25-24420,1000,0,Exercise7.accessRouter[1].ppp[1].ppp.queue,2
NO_VOIP_DSL_rpt03_scenario_02-0-20200704-04:41:25-24420,1000,0,Exercise7.accessRouter[1].ppp[2].ppp.queue,1
NO_VOIP_DSL_rpt03_scenario_02-0-20200704-04:41:25-24420,1000,0,Exercise7.accessRouter[1].ppp[3].ppp.queue,3
NO_VOIP_DSL_rpt03_scenario_02-0-20200704-04:41:25-24420,1000,0,Exercise7.accessRouter[1].ppp[4].ppp.queue,2
NO_VOIP_DSL_rpt03_scenario_02-0-20200704-04:41:25-24420,1000,0,Exercise7.accessRouter[1].ppp[5].ppp.queue,2
NO_VOIP_DSL_rpt03_scenario_02-0-20200704-04:41:25-24420,1000,0,Exercise7.accessRouter[1].ppp[6].ppp.queue,1
NO_VOIP_DSL_rpt03_scenario_02-0-20200704-04:41:25-24420,1000,0,Exercise7.accessRouter[1].ppp[7].ppp.queue,2
NO_VOIP_DSL_rpt03_scenario_02-0-20200704-04:41:25-24420,1000,0,Exercise7.accessRouter[1].ppp[8].ppp.queue,1
NO_VOIP_DSL_rpt03_scenario_02-0-20200704-04:41:25-24420,1000,0,Exercise7.accessRouter[1].ppp[9].ppp.queue,1
NO_VOIP_DSL_rpt03_scenario_02-0-20200704-04:41:25-24420,1000,0,Exercise7.accessRouter[1].ppp[10].ppp.queue,2
NO_VOIP_DSL_rpt03_scenario_02-0-20200704-04:41:25-24420,1000,0,Exercise7.accessRouter[1].ppp[11].ppp.queue,1
NO_VOIP_DSL_rpt03_scenario_02-0-20200704-04:41:25-24420,1000,0,Exercise7.accessRouter[1].ppp[12].ppp.queue,3
NO_VOIP_DSL_rpt03_scenario_02-0-20200704-04:41:25-24420,1000,0,Exercise7.accessRouter[1].ppp[13].ppp.queue,2
NO_VOIP_DSL_rpt03_scenario_02-0-20200704-04:41:25-24420,1000,0,Exercise7.accessRouter[1].ppp[14].ppp.queue,1
NO_VOIP_DSL_rpt03_scenario_02-0-20200704-04:41:25-24420,1000,0,Exercise7.accessRouter[1].ppp[15].ppp.queue,1
NO_VOIP_DSL_rpt03_scenario_02-0-20200704-04:41:25-24420,1000,0,Exercise7.accessRouter[1].ppp[16].ppp.queue,1
NO_VOIP_DSL_rpt03_scenario_02-0-20200704-04:41:25-24420,1000,0,Exercise7.accessRouter[1].ppp[17].ppp.queue,1
NO_VOIP_DSL_rpt03_scenario_02-0-20200704-04:41:25-24420,1000,0,Exercise7.accessRouter[1].ppp[18].ppp.queue,3
NO_VOIP_DSL_rpt03_scenario_02-0-20200704-04:41:25-24420,1000,0,Exercise7.accessRouter[1].ppp[19].ppp.queue,3
NO_VOIP_DSL_rpt03_scenario_02-0-20200704-04:41:25-24420,1000,0,Exercise7.accessRouter[1].ppp[20].ppp.queue,3
NO_VOIP_DSL_rpt03_scenario_02-0-20200704-04:41:25-24420,1000,0,Exercise7.accessRouter[1].ppp[21].ppp.queue,1
NO_VOIP_DSL_rpt03_scenario_02-0-20200704-04:41:25-24420,1000,0,Exercise7.accessRouter[1].ppp[22].ppp.queue,1
NO_VOIP_DSL_rpt03_scenario_02-0-20200704-04:41:25-24420,1000,0,Exercise7.accessRouter[1].ppp[23].ppp.queue,1
NO_VOIP_DSL_rpt03_scenario_02-0-20200704-04:41:25-24420,1000,0,Exercise7.accessRouter[1].ppp[24].ppp.queue,3
NO_VOIP_DSL_rpt03_scenario_02-0-20200704-04:41:25-24420,1000,0,Exercise7.accessRouter[1].ppp[25].ppp.queue,1
NO_VOIP_DSL_rpt03_scenario_02-0-20200704-04:41:25-24420,1000,0,Exercise7.accessRouter[2].ppp[1].ppp.queue,3
NO_VOIP_DSL_rpt03_scenario_02-0-20200704-04:41:25-24420,1000,0,Exercise7.accessRouter[2].ppp[2].ppp.queue,1
NO_VOIP_DSL_rpt03_scenario_02-0-20200704-04:41:25-24420,1000,0,Exercise7.accessRouter[2].ppp[3].ppp.queue,3
NO_VOIP_DSL_rpt03_scenario_02-0-20200704-04:41:25-24420,1000,0,Exercise7.accessRouter[2].ppp[4].ppp.queue,1
NO_VOIP_DSL_rpt03_scenario_02-0-20200704-04:41:25-24420,1000,0,Exercise7.accessRouter[2].ppp[5].ppp.queue,1
NO_VOIP_DSL_rpt03_scenario_02-0-20200704-04:41:25-24420,1000,0,Exercise7.accessRouter[2].ppp[6].ppp.queue,3
NO_VOIP_DSL_rpt03_scenario_02-0-20200704-04:41:25-24420,1000,0,Exercise7.accessRouter[2].ppp[7].ppp.queue,2
NO_VOIP_DSL_rpt03_scenario_02-0-20200704-04:41:25-24420,1000,0,Exercise7.accessRouter[2].ppp[8].ppp.queue,1
NO_VOIP_DSL_rpt03_scenario_02-0-20200704-04:41:25-24420,1000,0,Exercise7.accessRouter[2].ppp[9].ppp.queue,1
NO_VOIP_DSL_rpt03_scenario_02-0-20200704-04:41:25-24420,1000,0,Exercise7.accessRouter[2].ppp[10].ppp.queue,1
NO_VOIP_DSL_rpt03_scenario_02-0-20200704-04:41:25-24420,1000,0,Exercise7.accessRouter[2].ppp[11].ppp.queue,1
NO_VOIP_DSL_rpt03_scenario_02-0-20200704-04:41:25-24420,1000,0,Exercise7.accessRouter[2].ppp[12].ppp.queue,1
NO_VOIP_DSL_rpt03_scenario_02-0-20200704-04:41:25-24420,1000,0,Exercise7.accessRouter[2].ppp[13].ppp.queue,2
NO_VOIP_DSL_rpt03_scenario_02-0-20200704-04:41:25-24420,1000,0,Exercise7.accessRouter[2].ppp[14].ppp.queue,1
NO_VOIP_DSL_rpt03_scenario_02-0-20200704-04:41:25-24420,1000,0,Exercise7.accessRouter[2].ppp[15].ppp.queue,1
NO_VOIP_DSL_rpt03_scenario_02-0-20200704-04:41:25-24420,1000,0,Exercise7.accessRouter[2].ppp[16].ppp.queue,1
NO_VOIP_DSL_rpt03_scenario_02-0-20200704-04:41:25-24420,1000,0,Exercise7.accessRouter[2].ppp[17].ppp.queue,2
NO_VOIP_DSL_rpt03_scenario_02-0-20200704-04:41:25-24420,1000,0,Exercise7.accessRouter[2].ppp[18].ppp.queue,1
NO_VOIP_DSL_rpt03_scenario_02-0-20200704-04:41:25-24420,1000,0,Exercise7.accessRouter[2].ppp[19].ppp.queue,1
NO_VOIP_DSL_rpt03_scenario_02-0-20200704-04:41:25-24420,1000,0,Exercise7.accessRouter[2].ppp[20].ppp.queue,1
NO_VOIP_DSL_rpt03_scenario_02-0-20200704-04:41:25-24420,1000,0,Exercise7.accessRouter[2].ppp[21].ppp.queue,3
NO_VOIP_DSL_rpt03_scenario_02-0-20200704-04:41:25-24420,1000,0,Exercise7.accessRouter[2].ppp[22].ppp.queue,3
NO_VOIP_DSL_rpt03_scenario_02-0-20200704-04:41:25-24420,1000,0,Exercise7.accessRouter[2].ppp[23].ppp.queue,1
NO_VOIP_DSL_rpt03_scenario_02-0-20200704-04:41:25-24420,1000,0,Exercise7.accessRouter[2].ppp[24].ppp.queue,1
NO_VOIP_DSL_rpt03_scenario_02-0-20200704-04:41:25-24420,1000,0,Exercise7.accessRouter[2].ppp[25].ppp.queue,2
NO_VOIP_DSL_rpt03_scenario_02-0-20200704-04:41:25-24420,1000,0,Exercise7.accessRouter[3].ppp[1].ppp.queue,1
NO_VOIP_DSL_rpt03_scenario_02-0-20200704-04:41:25-24420,1000,0,Exercise7.accessRouter[3].ppp[2].ppp.queue,1
NO_VOIP_DSL_rpt03_scenario_02-0-20200704-04:41:25-24420,1000,0,Exercise7.accessRouter[3].ppp[3].ppp.queue,1
NO_VOIP_DSL_rpt03_scenario_02-0-20200704-04:41:25-24420,1000,0,Exercise7.accessRouter[3].ppp[4].ppp.queue,1
NO_VOIP_DSL_rpt03_scenario_02-0-20200704-04:41:25-24420,1000,0,Exercise7.accessRouter[3].ppp[5].ppp.queue,1
NO_VOIP_DSL_rpt03_scenario_02-0-20200704-04:41:25-24420,1000,0,Exercise7.accessRouter[3].ppp[6].ppp.queue,1
NO_VOIP_DSL_rpt03_scenario_02-0-20200704-04:41:25-24420,1000,0,Exercise7.accessRouter[3].ppp[7].ppp.queue,1
NO_VOIP_DSL_rpt03_scenario_02-0-20200704-04:41:25-24420,1000,0,Exercise7.accessRouter[3].ppp[8].ppp.queue,1
NO_VOIP_DSL_rpt03_scenario_02-0-20200704-04:41:25-24420,1000,0,Exercise7.accessRouter[3].ppp[9].ppp.queue,1
NO_VOIP_DSL_rpt03_scenario_02-0-20200704-04:41:25-24420,1000,0,Exercise7.accessRouter[3].ppp[10].ppp.queue,1
NO_VOIP_DSL_rpt03_scenario_02-0-20200704-04:41:25-24420,1000,0,Exercise7.accessRouter[3].ppp[11].ppp.queue,1
NO_VOIP_DSL_rpt03_scenario_02-0-20200704-04:41:25-24420,1000,0,Exercise7.accessRouter[3].ppp[12].ppp.queue,3
NO_VOIP_DSL_rpt03_scenario_02-0-20200704-04:41:25-24420,1000,0,Exercise7.accessRouter[3].ppp[13].ppp.queue,1
NO_VOIP_DSL_rpt03_scenario_02-0-20200704-04:41:25-24420,1000,0,Exercise7.accessRouter[3].ppp[14].ppp.queue,1
NO_VOIP_DSL_rpt03_scenario_02-0-20200704-04:41:25-24420,1000,0,Exercise7.accessRouter[3].ppp[15].ppp.queue,1
NO_VOIP_DSL_rpt03_scenario_02-0-20200704-04:41:25-24420,1000,0,Exercise7.accessRouter[3].ppp[16].ppp.queue,1
NO_VOIP_DSL_rpt03_scenario_02-0-20200704-04:41:25-24420,1000,0,Exercise7.accessRouter[3].ppp[17].ppp.queue,1
NO_VOIP_DSL_rpt03_scenario_02-0-20200704-04:41:25-24420,1000,0,Exercise7.accessRouter[3].ppp[18].ppp.queue,1
NO_VOIP_DSL_rpt03_scenario_02-0-20200704-04:41:25-24420,1000,0,Exercise7.accessRouter[3].ppp[19].ppp.queue,2
NO_VOIP_DSL_rpt03_scenario_02-0-20200704-04:41:25-24420,1000,0,Exercise7.accessRouter[3].ppp[20].ppp.queue,1
NO_VOIP_DSL_rpt03_scenario_02-0-20200704-04:41:25-24420,1000,0,Exercise7.accessRouter[3].ppp[21].ppp.queue,1
NO_VOIP_DSL_rpt03_scenario_02-0-20200704-04:41:25-24420,1000,0,Exercise7.accessRouter[3].ppp[22].ppp.queue,3
NO_VOIP_DSL_rpt03_scenario_02-0-20200704-04:41:25-24420,1000,0,Exercise7.accessRouter[3].ppp[23].ppp.queue,3
NO_VOIP_DSL_rpt03_scenario_02-0-20200704-04:41:25-24420,1000,0,Exercise7.accessRouter[3].ppp[24].ppp.queue,3
NO_VOIP_DSL_rpt03_scenario_02-0-20200704-04:41:25-24420,1000,0,Exercise7.accessRouter[3].ppp[25].ppp.queue,1
NO_VOIP_DSL_rpt03_scenario_02-0-20200704-04:41:25-24420,1000,0,Exercise7.accessRouter[4].ppp[1].ppp.queue,1
NO_VOIP_DSL_rpt03_scenario_02-0-20200704-04:41:25-24420,1000,0,Exercise7.accessRouter[4].ppp[2].ppp.queue,2
NO_VOIP_DSL_rpt03_scenario_02-0-20200704-04:41:25-24420,1000,0,Exercise7.accessRouter[4].ppp[3].ppp.queue,1
NO_VOIP_DSL_rpt03_scenario_02-0-20200704-04:41:25-24420,1000,0,Exercise7.accessRouter[4].ppp[4].ppp.queue,1
NO_VOIP_DSL_rpt03_scenario_02-0-20200704-04:41:25-24420,1000,0,Exercise7.accessRouter[4].ppp[5].ppp.queue,1
NO_VOIP_DSL_rpt03_scenario_02-0-20200704-04:41:25-24420,1000,0,Exercise7.accessRouter[4].ppp[6].ppp.queue,1
NO_VOIP_DSL_rpt03_scenario_02-0-20200704-04:41:25-24420,1000,0,Exercise7.accessRouter[4].ppp[7].ppp.queue,2
NO_VOIP_DSL_rpt03_scenario_02-0-20200704-04:41:25-24420,1000,0,Exercise7.accessRouter[4].ppp[8].ppp.queue,1
NO_VOIP_DSL_rpt03_scenario_02-0-20200704-04:41:25-24420,1000,0,Exercise7.accessRouter[4].ppp[9].ppp.queue,1
NO_VOIP_DSL_rpt03_scenario_02-0-20200704-04:41:25-24420,1000,0,Exercise7.accessRouter[4].ppp[10].ppp.queue,1
NO_VOIP_DSL_rpt03_scenario_02-0-20200704-04:41:25-24420,1000,0,Exercise7.accessRouter[4].ppp[11].ppp.queue,3
NO_VOIP_DSL_rpt03_scenario_02-0-20200704-04:41:25-24420,1000,0,Exercise7.accessRouter[4].ppp[12].ppp.queue,2
NO_VOIP_DSL_rpt03_scenario_02-0-20200704-04:41:25-24420,1000,0,Exercise7.accessRouter[4].ppp[13].ppp.queue,1
NO_VOIP_DSL_rpt03_scenario_02-0-20200704-04:41:25-24420,1000,0,Exercise7.accessRouter[4].ppp[14].ppp.queue,1
NO_VOIP_DSL_rpt03_scenario_02-0-20200704-04:41:25-24420,1000,0,Exercise7.accessRouter[4].ppp[15].ppp.queue,1
NO_VOIP_DSL_rpt03_scenario_02-0-20200704-04:41:25-24420,1000,0,Exercise7.accessRouter[4].ppp[16].ppp.queue,3
NO_VOIP_DSL_rpt03_scenario_02-0-20200704-04:41:25-24420,1000,0,Exercise7.accessRouter[4].ppp[17].ppp.queue,3
NO_VOIP_DSL_rpt03_scenario_02-0-20200704-04:41:25-24420,1000,0,Exercise7.accessRouter[4].ppp[18].ppp.queue,3
NO_VOIP_DSL_rpt03_scenario_02-0-20200704-04:41:25-24420,1000,0,Exercise7.accessRouter[4].ppp[19].ppp.queue,1
NO_VOIP_DSL_rpt03_scenario_02-0-20200704-04:41:25-24420,1000,0,Exercise7.accessRouter[4].ppp[20].ppp.queue,3
NO_VOIP_DSL_rpt03_scenario_02-0-20200704-04:41:25-24420,1000,0,Exercise7.accessRouter[4].ppp[21].ppp.queue,3
NO_VOIP_DSL_rpt03_scenario_02-0-20200704-04:41:25-24420,1000,0,Exercise7.accessRouter[4].ppp[22].ppp.queue,2
NO_VOIP_DSL_rpt03_scenario_02-0-20200704-04:41:25-24420,1000,0,Exercise7.accessRouter[4].ppp[23].ppp.queue,3
NO_VOIP_DSL_rpt03_scenario_02-0-20200704-04:41:25-24420,1000,0,Exercise7.accessRouter[4].ppp[24].ppp.queue,3
NO_VOIP_DSL_rpt03_scenario_02-0-20200704-04:41:25-24420,1000,0,Exercise7.accessRouter[4].ppp[25].ppp.queue,1
NO_VOIP_DSL_rpt03_scenario_02-0-20200704-04:41:25-24420,1000,0,Exercise7.accessRouter[5].ppp[1].ppp.queue,3
NO_VOIP_DSL_rpt03_scenario_02-0-20200704-04:41:25-24420,1000,0,Exercise7.accessRouter[5].ppp[2].ppp.queue,2
NO_VOIP_DSL_rpt03_scenario_02-0-20200704-04:41:25-24420,1000,0,Exercise7.accessRouter[5].ppp[3].ppp.queue,1
NO_VOIP_DSL_rpt03_scenario_02-0-20200704-04:41:25-24420,1000,0,Exercise7.accessRouter[5].ppp[4].ppp.queue,1
NO_VOIP_DSL_rpt03_scenario_02-0-20200704-04:41:25-24420,1000,0,Exercise7.accessRouter[5].ppp[5].ppp.queue,2
NO_VOIP_DSL_rpt03_scenario_02-0-20200704-04:41:25-24420,1000,0,Exercise7.accessRouter[5].ppp[6].ppp.queue,2
NO_VOIP_DSL_rpt03_scenario_02-0-20200704-04:41:25-24420,1000,0,Exercise7.accessRouter[5].ppp[7].ppp.queue,3
NO_VOIP_DSL_rpt03_scenario_02-0-20200704-04:41:25-24420,1000,0,Exercise7.accessRouter[5].ppp[8].ppp.queue,1
NO_VOIP_DSL_rpt03_scenario_02-0-20200704-04:41:25-24420,1000,0,Exercise7.accessRouter[5].ppp[9].ppp.queue,3
NO_VOIP_DSL_rpt03_scenario_02-0-20200704-04:41:25-24420,1000,0,Exercise7.accessRouter[5].ppp[10].ppp.queue,1
NO_VOIP_DSL_rpt03_scenario_02-0-20200704-04:41:25-24420,1000,0,Exercise7.accessRouter[5].ppp[11].ppp.queue,1
NO_VOIP_DSL_rpt03_scenario_02-0-20200704-04:41:25-24420,1000,0,Exercise7.accessRouter[5].ppp[12].ppp.queue,1
NO_VOIP_DSL_rpt03_scenario_02-0-20200704-04:41:25-24420,1000,0,Exercise7.accessRouter[5].ppp[13].ppp.queue,1
NO_VOIP_DSL_rpt03_scenario_02-0-20200704-04:41:25-24420,1000,0,Exercise7.accessRouter[5].ppp[14].ppp.queue,1
NO_VOIP_DSL_rpt03_scenario_02-0-20200704-04:41:25-24420,1000,0,Exercise7.accessRouter[5].ppp[15].ppp.queue,1
NO_VOIP_DSL_rpt03_scenario_02-0-20200704-04:41:25-24420,1000,0,Exercise7.accessRouter[5].ppp[16].ppp.queue,1
NO_VOIP_DSL_rpt03_scenario_02-0-20200704-04:41:25-24420,1000,0,Exercise7.accessRouter[5].ppp[17].ppp.queue,1
NO_VOIP_DSL_rpt03_scenario_02-0-20200704-04:41:25-24420,1000,0,Exercise7.accessRouter[5].ppp[18].ppp.queue,1
NO_VOIP_DSL_rpt03_scenario_02-0-20200704-04:41:25-24420,1000,0,Exercise7.accessRouter[5].ppp[19].ppp.queue,1
NO_VOIP_DSL_rpt03_scenario_02-0-20200704-04:41:25-24420,1000,0,Exercise7.accessRouter[5].ppp[20].ppp.queue,1
NO_VOIP_DSL_rpt03_scenario_02-0-20200704-04:41:25-24420,1000,0,Exercise7.accessRouter[5].ppp[21].ppp.queue,1
NO_VOIP_DSL_rpt03_scenario_02-0-20200704-04:41:25-24420,1000,0,Exercise7.accessRouter[5].ppp[22].ppp.queue,1
NO_VOIP_DSL_rpt03_scenario_02-0-20200704-04:41:25-24420,1000,0,Exercise7.accessRouter[5].ppp[23].ppp.queue,1
NO_VOIP_DSL_rpt03_scenario_02-0-20200704-04:41:25-24420,1000,0,Exercise7.accessRouter[5].ppp[24].ppp.queue,1
NO_VOIP_DSL_rpt03_scenario_02-0-20200704-04:41:25-24420,1000,0,Exercise7.accessRouter[5].ppp[25].ppp.queue,1
NO_VOIP_DSL_rpt03_scenario_02-0-20200704-04:41:25-24420,1000,0,Exercise7.accessRouter[6].ppp[1].ppp.queue,2
NO_VOIP_DSL_rpt03_scenario_02-0-20200704-04:41:25-24420,1000,0,Exercise7.accessRouter[6].ppp[2].ppp.queue,1
NO_VOIP_DSL_rpt03_scenario_02-0-20200704-04:41:25-24420,1000,0,Exercise7.accessRouter[6].ppp[3].ppp.queue,1
NO_VOIP_DSL_rpt03_scenario_02-0-20200704-04:41:25-24420,1000,0,Exercise7.accessRouter[6].ppp[4].ppp.queue,1
NO_VOIP_DSL_rpt03_scenario_02-0-20200704-04:41:25-24420,1000,0,Exercise7.accessRouter[6].ppp[5].ppp.queue,3
NO_VOIP_DSL_rpt03_scenario_02-0-20200704-04:41:25-24420,1000,0,Exercise7.accessRouter[6].ppp[6].ppp.queue,1
NO_VOIP_DSL_rpt03_scenario_02-0-20200704-04:41:25-24420,1000,0,Exercise7.accessRouter[6].ppp[7].ppp.queue,3
NO_VOIP_DSL_rpt03_scenario_02-0-20200704-04:41:25-24420,1000,0,Exercise7.accessRouter[6].ppp[8].ppp.queue,1
NO_VOIP_DSL_rpt03_scenario_02-0-20200704-04:41:25-24420,1000,0,Exercise7.accessRouter[6].ppp[9].ppp.queue,1
NO_VOIP_DSL_rpt03_scenario_02-0-20200704-04:41:25-24420,1000,0,Exercise7.accessRouter[6].ppp[10].ppp.queue,1
NO_VOIP_DSL_rpt03_scenario_02-0-20200704-04:41:25-24420,1000,0,Exercise7.accessRouter[6].ppp[11].ppp.queue,1
NO_VOIP_DSL_rpt03_scenario_02-0-20200704-04:41:25-24420,1000,0,Exercise7.accessRouter[6].ppp[12].ppp.queue,3
NO_VOIP_DSL_rpt03_scenario_02-0-20200704-04:41:25-24420,1000,0,Exercise7.accessRouter[6].ppp[13].ppp.queue,1
NO_VOIP_DSL_rpt03_scenario_02-0-20200704-04:41:25-24420,1000,0,Exercise7.accessRouter[6].ppp[14].ppp.queue,1
NO_VOIP_DSL_rpt03_scenario_02-0-20200704-04:41:25-24420,1000,0,Exercise7.accessRouter[6].ppp[15].ppp.queue,1
NO_VOIP_DSL_rpt03_scenario_02-0-20200704-04:41:25-24420,1000,0,Exercise7.accessRouter[6].ppp[16].ppp.queue,3
NO_VOIP_DSL_rpt03_scenario_02-0-20200704-04:41:25-24420,1000,0,Exercise7.accessRouter[6].ppp[17].ppp.queue,1
NO_VOIP_DSL_rpt03_scenario_02-0-20200704-04:41:25-24420,1000,0,Exercise7.accessRouter[6].ppp[18].ppp.queue,1
NO_VOIP_DSL_rpt03_scenario_02-0-20200704-04:41:25-24420,1000,0,Exercise7.accessRouter[6].ppp[19].ppp.queue,1
NO_VOIP_DSL_rpt03_scenario_02-0-20200704-04:41:25-24420,1000,0,Exercise7.accessRouter[6].ppp[20].ppp.queue,2
NO_VOIP_DSL_rpt03_scenario_02-0-20200704-04:41:25-24420,1000,0,Exercise7.accessRouter[6].ppp[21].ppp.queue,1
NO_VOIP_DSL_rpt03_scenario_02-0-20200704-04:41:25-24420,1000,0,Exercise7.accessRouter[6].ppp[22].ppp.queue,1
NO_VOIP_DSL_rpt03_scenario_02-0-20200704-04:41:25-24420,1000,0,Exercise7.accessRouter[6].ppp[23].ppp.queue,1
NO_VOIP_DSL_rpt03_scenario_02-0-20200704-04:41:25-24420,1000,0,Exercise7.accessRouter[6].ppp[24].ppp.queue,1
NO_VOIP_DSL_rpt03_scenario_02-0-20200704-04:41:25-24420,1000,0,Exercise7.accessRouter[6].ppp[25].ppp.queue,3
NO_VOIP_DSL_rpt03_scenario_02-0-20200704-04:41:25-24420,1000,0,Exercise7.accessRouter[7].ppp[1].ppp.queue,3
NO_VOIP_DSL_rpt03_scenario_02-0-20200704-04:41:25-24420,1000,0,Exercise7.accessRouter[7].ppp[2].ppp.queue,1
NO_VOIP_DSL_rpt03_scenario_02-0-20200704-04:41:25-24420,1000,0,Exercise7.accessRouter[7].ppp[3].ppp.queue,3
NO_VOIP_DSL_rpt03_scenario_02-0-20200704-04:41:25-24420,1000,0,Exercise7.accessRouter[7].ppp[4].ppp.queue,1
NO_VOIP_DSL_rpt03_scenario_02-0-20200704-04:41:25-24420,1000,0,Exercise7.accessRouter[7].ppp[5].ppp.queue,3
NO_VOIP_DSL_rpt03_scenario_02-0-20200704-04:41:25-24420,1000,0,Exercise7.accessRouter[7].ppp[6].ppp.queue,1
NO_VOIP_DSL_rpt03_scenario_02-0-20200704-04:41:25-24420,1000,0,Exercise7.accessRouter[7].ppp[7].ppp.queue,2
NO_VOIP_DSL_rpt03_scenario_02-0-20200704-04:41:25-24420,1000,0,Exercise7.accessRouter[7].ppp[8].ppp.queue,1
NO_VOIP_DSL_rpt03_scenario_02-0-20200704-04:41:25-24420,1000,0,Exercise7.accessRouter[7].ppp[9].ppp.queue,3
NO_VOIP_DSL_rpt03_scenario_02-0-20200704-04:41:25-24420,1000,0,Exercise7.accessRouter[7].ppp[10].ppp.queue,1
NO_VOIP_DSL_rpt03_scenario_02-0-20200704-04:41:25-24420,1000,0,Exercise7.accessRouter[7].ppp[11].ppp.queue,1
NO_VOIP_DSL_rpt03_scenario_02-0-20200704-04:41:25-24420,1000,0,Exercise7.accessRouter[7].ppp[12].ppp.queue,1
NO_VOIP_DSL_rpt03_scenario_02-0-20200704-04:41:25-24420,1000,0,Exercise7.accessRouter[7].ppp[13].ppp.queue,1
NO_VOIP_DSL_rpt03_scenario_02-0-20200704-04:41:25-24420,1000,0,Exercise7.accessRouter[7].ppp[14].ppp.queue,1
NO_VOIP_DSL_rpt03_scenario_02-0-20200704-04:41:25-24420,1000,0,Exercise7.accessRouter[7].ppp[15].ppp.queue,1
NO_VOIP_DSL_rpt03_scenario_02-0-20200704-04:41:25-24420,1000,0,Exercise7.accessRouter[7].ppp[16].ppp.queue,1
NO_VOIP_DSL_rpt03_scenario_02-0-20200704-04:41:25-24420,1000,0,Exercise7.accessRouter[7].ppp[17].ppp.queue,3
NO_VOIP_DSL_rpt03_scenario_02-0-20200704-04:41:25-24420,1000,0,Exercise7.accessRouter[7].ppp[18].ppp.queue,1
NO_VOIP_DSL_rpt03_scenario_02-0-20200704-04:41:25-24420,1000,0,Exercise7.accessRouter[7].ppp[19].ppp.queue,2
NO_VOIP_DSL_rpt03_scenario_02-0-20200704-04:41:25-24420,1000,0,Exercise7.accessRouter[7].ppp[20].ppp.queue,1
NO_VOIP_DSL_rpt03_scenario_02-0-20200704-04:41:25-24420,1000,0,Exercise7.accessRouter[7].ppp[21].ppp.queue,1
NO_VOIP_DSL_rpt03_scenario_02-0-20200704-04:41:25-24420,1000,0,Exercise7.accessRouter[7].ppp[22].ppp.queue,1
NO_VOIP_DSL_rpt03_scenario_02-0-20200704-04:41:25-24420,1000,0,Exercise7.accessRouter[7].ppp[23].ppp.queue,1
NO_VOIP_DSL_rpt03_scenario_02-0-20200704-04:41:25-24420,1000,0,Exercise7.accessRouter[7].ppp[24].ppp.queue,1
NO_VOIP_DSL_rpt03_scenario_02-0-20200704-04:41:25-24420,1000,0,Exercise7.accessRouter[7].ppp[25].ppp.queue,2
NO_VOIP_DSL_rpt03_scenario_02-0-20200704-04:41:25-24420,1000,0,Exercise7.accessRouter[8].ppp[1].ppp.queue,1
NO_VOIP_DSL_rpt03_scenario_02-0-20200704-04:41:25-24420,1000,0,Exercise7.accessRouter[8].ppp[2].ppp.queue,3
NO_VOIP_DSL_rpt03_scenario_02-0-20200704-04:41:25-24420,1000,0,Exercise7.accessRouter[8].ppp[3].ppp.queue,1
NO_VOIP_DSL_rpt03_scenario_02-0-20200704-04:41:25-24420,1000,0,Exercise7.accessRouter[8].ppp[4].ppp.queue,1
NO_VOIP_DSL_rpt03_scenario_02-0-20200704-04:41:25-24420,1000,0,Exercise7.accessRouter[8].ppp[5].ppp.queue,1
NO_VOIP_DSL_rpt03_scenario_02-0-20200704-04:41:25-24420,1000,0,Exercise7.accessRouter[8].ppp[6].ppp.queue,3
NO_VOIP_DSL_rpt03_scenario_02-0-20200704-04:41:25-24420,1000,0,Exercise7.accessRouter[8].ppp[7].ppp.queue,1
NO_VOIP_DSL_rpt03_scenario_02-0-20200704-04:41:25-24420,1000,0,Exercise7.accessRouter[8].ppp[8].ppp.queue,2
NO_VOIP_DSL_rpt03_scenario_02-0-20200704-04:41:25-24420,1000,0,Exercise7.accessRouter[8].ppp[9].ppp.queue,1
NO_VOIP_DSL_rpt03_scenario_02-0-20200704-04:41:25-24420,1000,0,Exercise7.accessRouter[8].ppp[10].ppp.queue,1
NO_VOIP_DSL_rpt03_scenario_02-0-20200704-04:41:25-24420,1000,0,Exercise7.accessRouter[8].ppp[11].ppp.queue,1
NO_VOIP_DSL_rpt03_scenario_02-0-20200704-04:41:25-24420,1000,0,Exercise7.accessRouter[8].ppp[12].ppp.queue,1
NO_VOIP_DSL_rpt03_scenario_02-0-20200704-04:41:25-24420,1000,0,Exercise7.accessRouter[8].ppp[13].ppp.queue,1
NO_VOIP_DSL_rpt03_scenario_02-0-20200704-04:41:25-24420,1000,0,Exercise7.accessRouter[8].ppp[14].ppp.queue,1
NO_VOIP_DSL_rpt03_scenario_02-0-20200704-04:41:25-24420,1000,0,Exercise7.accessRouter[8].ppp[15].ppp.queue,2
NO_VOIP_DSL_rpt03_scenario_02-0-20200704-04:41:25-24420,1000,0,Exercise7.accessRouter[8].ppp[16].ppp.queue,1
NO_VOIP_DSL_rpt03_scenario_02-0-20200704-04:41:25-24420,1000,0,Exercise7.accessRouter[8].ppp[17].ppp.queue,3
NO_VOIP_DSL_rpt03_scenario_02-0-20200704-04:41:25-24420,1000,0,Exercise7.accessRouter[8].ppp[18].ppp.queue,1
NO_VOIP_DSL_rpt03_scenario_02-0-20200704-04:41:25-24420,1000,0,Exercise7.accessRouter[8].ppp[19].ppp.queue,1
NO_VOIP_DSL_rpt03_scenario_02-0-20200704-04:41:25-24420,1000,0,Exercise7.accessRouter[8].ppp[20].ppp.queue,1
NO_VOIP_DSL_rpt03_scenario_02-0-20200704-04:41:25-24420,1000,0,Exercise7.accessRouter[8].ppp[21].ppp.queue,2
NO_VOIP_DSL_rpt03_scenario_02-0-20200704-04:41:25-24420,1000,0,Exercise7.accessRouter[8].ppp[22].ppp.queue,1
NO_VOIP_DSL_rpt03_scenario_02-0-20200704-04:41:25-24420,1000,0,Exercise7.accessRouter[8].ppp[23].ppp.queue,1
NO_VOIP_DSL_rpt03_scenario_02-0-20200704-04:41:25-24420,1000,0,Exercise7.accessRouter[8].ppp[24].ppp.queue,1
NO_VOIP_DSL_rpt03_scenario_02-0-20200704-04:41:25-24420,1000,0,Exercise7.accessRouter[8].ppp[25].ppp.queue,1
NO_VOIP_DSL_rpt03_scenario_02-0-20200704-04:41:25-24420,1000,0,Exercise7.accessRouter[9].ppp[1].ppp.queue,2
NO_VOIP_DSL_rpt03_scenario_02-0-20200704-04:41:25-24420,1000,0,Exercise7.accessRouter[9].ppp[2].ppp.queue,3
NO_VOIP_DSL_rpt03_scenario_02-0-20200704-04:41:25-24420,1000,0,Exercise7.accessRouter[9].ppp[3].ppp.queue,1
NO_VOIP_DSL_rpt03_scenario_02-0-20200704-04:41:25-24420,1000,0,Exercise7.accessRouter[9].ppp[4].ppp.queue,1
NO_VOIP_DSL_rpt03_scenario_02-0-20200704-04:41:25-24420,1000,0,Exercise7.accessRouter[9].ppp[5].ppp.queue,1
NO_VOIP_DSL_rpt03_scenario_02-0-20200704-04:41:25-24420,1000,0,Exercise7.accessRouter[9].ppp[6].ppp.queue,1
NO_VOIP_DSL_rpt03_scenario_02-0-20200704-04:41:25-24420,1000,0,Exercise7.accessRouter[9].ppp[7].ppp.queue,1
NO_VOIP_DSL_rpt03_scenario_02-0-20200704-04:41:25-24420,1000,0,Exercise7.accessRouter[9].ppp[8].ppp.queue,2
NO_VOIP_DSL_rpt03_scenario_02-0-20200704-04:41:25-24420,1000,0,Exercise7.accessRouter[9].ppp[9].ppp.queue,1
NO_VOIP_DSL_rpt03_scenario_02-0-20200704-04:41:25-24420,1000,0,Exercise7.accessRouter[9].ppp[10].ppp.queue,4
NO_VOIP_DSL_rpt03_scenario_02-0-20200704-04:41:25-24420,1000,0,Exercise7.accessRouter[9].ppp[11].ppp.queue,1
NO_VOIP_DSL_rpt03_scenario_02-0-20200704-04:41:25-24420,1000,0,Exercise7.accessRouter[9].ppp[12].ppp.queue,2
NO_VOIP_DSL_rpt03_scenario_02-0-20200704-04:41:25-24420,1000,0,Exercise7.accessRouter[9].ppp[13].ppp.queue,2
NO_VOIP_DSL_rpt03_scenario_02-0-20200704-04:41:25-24420,1000,0,Exercise7.accessRouter[9].ppp[14].ppp.queue,1
NO_VOIP_DSL_rpt03_scenario_02-0-20200704-04:41:25-24420,1000,0,Exercise7.accessRouter[9].ppp[15].ppp.queue,3
NO_VOIP_DSL_rpt03_scenario_02-0-20200704-04:41:25-24420,1000,0,Exercise7.accessRouter[9].ppp[16].ppp.queue,1
NO_VOIP_DSL_rpt03_scenario_02-0-20200704-04:41:25-24420,1000,0,Exercise7.accessRouter[9].ppp[17].ppp.queue,2
NO_VOIP_DSL_rpt03_scenario_02-0-20200704-04:41:25-24420,1000,0,Exercise7.accessRouter[9].ppp[18].ppp.queue,1
NO_VOIP_DSL_rpt03_scenario_02-0-20200704-04:41:25-24420,1000,0,Exercise7.accessRouter[9].ppp[19].ppp.queue,1
NO_VOIP_DSL_rpt03_scenario_02-0-20200704-04:41:25-24420,1000,0,Exercise7.accessRouter[9].ppp[20].ppp.queue,3
NO_VOIP_DSL_rpt03_scenario_02-0-20200704-04:41:25-24420,1000,0,Exercise7.accessRouter[9].ppp[21].ppp.queue,1
NO_VOIP_DSL_rpt03_scenario_02-0-20200704-04:41:25-24420,1000,0,Exercise7.accessRouter[9].ppp[22].ppp.queue,2
NO_VOIP_DSL_rpt03_scenario_02-0-20200704-04:41:25-24420,1000,0,Exercise7.accessRouter[9].ppp[23].ppp.queue,1
NO_VOIP_DSL_rpt03_scenario_02-0-20200704-04:41:25-24420,1000,0,Exercise7.accessRouter[9].ppp[24].ppp.queue,2
NO_VOIP_DSL_rpt03_scenario_02-0-20200704-04:41:25-24420,1000,0,Exercise7.accessRouter[9].ppp[25].ppp.queue,1
NO_VOIP_DSL_rpt03_scenario_02-0-20200704-04:41:25-24420,1000,0,Exercise7.accessRouter[10].ppp[1].ppp.queue,2
NO_VOIP_DSL_rpt03_scenario_02-0-20200704-04:41:25-24420,1000,0,Exercise7.accessRouter[10].ppp[2].ppp.queue,1
NO_VOIP_DSL_rpt03_scenario_02-0-20200704-04:41:25-24420,1000,0,Exercise7.accessRouter[10].ppp[3].ppp.queue,2
NO_VOIP_DSL_rpt03_scenario_02-0-20200704-04:41:25-24420,1000,0,Exercise7.accessRouter[10].ppp[4].ppp.queue,1
NO_VOIP_DSL_rpt03_scenario_02-0-20200704-04:41:25-24420,1000,0,Exercise7.accessRouter[10].ppp[5].ppp.queue,3
NO_VOIP_DSL_rpt03_scenario_02-0-20200704-04:41:25-24420,1000,0,Exercise7.accessRouter[10].ppp[6].ppp.queue,2
NO_VOIP_DSL_rpt03_scenario_02-0-20200704-04:41:25-24420,1000,0,Exercise7.accessRouter[10].ppp[7].ppp.queue,1
NO_VOIP_DSL_rpt03_scenario_02-0-20200704-04:41:25-24420,1000,0,Exercise7.accessRouter[10].ppp[8].ppp.queue,1
NO_VOIP_DSL_rpt03_scenario_02-0-20200704-04:41:25-24420,1000,0,Exercise7.accessRouter[10].ppp[9].ppp.queue,1
NO_VOIP_DSL_rpt03_scenario_02-0-20200704-04:41:25-24420,1000,0,Exercise7.accessRouter[10].ppp[10].ppp.queue,2
NO_VOIP_DSL_rpt03_scenario_02-0-20200704-04:41:25-24420,1000,0,Exercise7.accessRouter[10].ppp[11].ppp.queue,1
NO_VOIP_DSL_rpt03_scenario_02-0-20200704-04:41:25-24420,1000,0,Exercise7.accessRouter[10].ppp[12].ppp.queue,3
NO_VOIP_DSL_rpt03_scenario_02-0-20200704-04:41:25-24420,1000,0,Exercise7.accessRouter[10].ppp[13].ppp.queue,1
NO_VOIP_DSL_rpt03_scenario_02-0-20200704-04:41:25-24420,1000,0,Exercise7.accessRouter[10].ppp[14].ppp.queue,1
NO_VOIP_DSL_rpt03_scenario_02-0-20200704-04:41:25-24420,1000,0,Exercise7.accessRouter[10].ppp[15].ppp.queue,3
NO_VOIP_DSL_rpt03_scenario_02-0-20200704-04:41:25-24420,1000,0,Exercise7.accessRouter[10].ppp[16].ppp.queue,1
NO_VOIP_DSL_rpt03_scenario_02-0-20200704-04:41:25-24420,1000,0,Exercise7.accessRouter[10].ppp[17].ppp.queue,3
NO_VOIP_DSL_rpt03_scenario_02-0-20200704-04:41:25-24420,1000,0,Exercise7.accessRouter[10].ppp[18].ppp.queue,2
NO_VOIP_DSL_rpt03_scenario_02-0-20200704-04:41:25-24420,1000,0,Exercise7.accessRouter[10].ppp[19].ppp.queue,1
NO_VOIP_DSL_rpt03_scenario_02-0-20200704-04:41:25-24420,1000,0,Exercise7.accessRouter[10].ppp[20].ppp.queue,1
NO_VOIP_DSL_rpt03_scenario_02-0-20200704-04:41:25-24420,1000,0,Exercise7.accessRouter[10].ppp[21].ppp.queue,1
NO_VOIP_DSL_rpt03_scenario_02-0-20200704-04:41:25-24420,1000,0,Exercise7.accessRouter[10].ppp[22].ppp.queue,1
NO_VOIP_DSL_rpt03_scenario_02-0-20200704-04:41:25-24420,1000,0,Exercise7.accessRouter[10].ppp[23].ppp.queue,2
NO_VOIP_DSL_rpt03_scenario_02-0-20200704-04:41:25-24420,1000,0,Exercise7.accessRouter[10].ppp[24].ppp.queue,2
NO_VOIP_DSL_rpt03_scenario_02-0-20200704-04:41:25-24420,1000,0,Exercise7.accessRouter[10].ppp[25].ppp.queue,2
NO_VOIP_DSL_rpt03_scenario_02-0-20200704-04:41:25-24420,1000,0,Exercise7.accessRouter[11].ppp[1].ppp.queue,1
NO_VOIP_DSL_rpt03_scenario_02-0-20200704-04:41:25-24420,1000,0,Exercise7.accessRouter[11].ppp[2].ppp.queue,1
NO_VOIP_DSL_rpt03_scenario_02-0-20200704-04:41:25-24420,1000,0,Exercise7.accessRouter[11].ppp[3].ppp.queue,3
NO_VOIP_DSL_rpt03_scenario_02-0-20200704-04:41:25-24420,1000,0,Exercise7.accessRouter[11].ppp[4].ppp.queue,3
NO_VOIP_DSL_rpt03_scenario_02-0-20200704-04:41:25-24420,1000,0,Exercise7.accessRouter[11].ppp[5].ppp.queue,1
NO_VOIP_DSL_rpt03_scenario_02-0-20200704-04:41:25-24420,1000,0,Exercise7.accessRouter[11].ppp[6].ppp.queue,1
NO_VOIP_DSL_rpt03_scenario_02-0-20200704-04:41:25-24420,1000,0,Exercise7.accessRouter[11].ppp[7].ppp.queue,1
NO_VOIP_DSL_rpt03_scenario_02-0-20200704-04:41:25-24420,1000,0,Exercise7.accessRouter[11].ppp[8].ppp.queue,1
NO_VOIP_DSL_rpt03_scenario_02-0-20200704-04:41:25-24420,1000,0,Exercise7.accessRouter[11].ppp[9].ppp.queue,1
NO_VOIP_DSL_rpt03_scenario_02-0-20200704-04:41:25-24420,1000,0,Exercise7.accessRouter[11].ppp[10].ppp.queue,2
NO_VOIP_DSL_rpt03_scenario_02-0-20200704-04:41:25-24420,1000,0,Exercise7.accessRouter[11].ppp[11].ppp.queue,1
NO_VOIP_DSL_rpt03_scenario_02-0-20200704-04:41:25-24420,1000,0,Exercise7.accessRouter[11].ppp[12].ppp.queue,1
NO_VOIP_DSL_rpt03_scenario_02-0-20200704-04:41:25-24420,1000,0,Exercise7.accessRouter[11].ppp[13].ppp.queue,2
NO_VOIP_DSL_rpt03_scenario_02-0-20200704-04:41:25-24420,1000,0,Exercise7.accessRouter[11].ppp[14].ppp.queue,1
NO_VOIP_DSL_rpt03_scenario_02-0-20200704-04:41:25-24420,1000,0,Exercise7.accessRouter[11].ppp[15].ppp.queue,1
NO_VOIP_DSL_rpt03_scenario_02-0-20200704-04:41:25-24420,1000,0,Exercise7.accessRouter[11].ppp[16].ppp.queue,1
NO_VOIP_DSL_rpt03_scenario_02-0-20200704-04:41:25-24420,1000,0,Exercise7.accessRouter[11].ppp[17].ppp.queue,2
NO_VOIP_DSL_rpt03_scenario_02-0-20200704-04:41:25-24420,1000,0,Exercise7.accessRouter[11].ppp[18].ppp.queue,3
NO_VOIP_DSL_rpt03_scenario_02-0-20200704-04:41:25-24420,1000,0,Exercise7.accessRouter[11].ppp[19].ppp.queue,2
NO_VOIP_DSL_rpt03_scenario_02-0-20200704-04:41:25-24420,1000,0,Exercise7.accessRouter[11].ppp[20].ppp.queue,1
NO_VOIP_DSL_rpt03_scenario_02-0-20200704-04:41:25-24420,1000,0,Exercise7.accessRouter[11].ppp[21].ppp.queue,1
NO_VOIP_DSL_rpt03_scenario_02-0-20200704-04:41:25-24420,1000,0,Exercise7.accessRouter[11].ppp[22].ppp.queue,2
NO_VOIP_DSL_rpt03_scenario_02-0-20200704-04:41:25-24420,1000,0,Exercise7.accessRouter[11].ppp[23].ppp.queue,1
NO_VOIP_DSL_rpt03_scenario_02-0-20200704-04:41:25-24420,1000,0,Exercise7.accessRouter[11].ppp[24].ppp.queue,1
NO_VOIP_DSL_rpt03_scenario_02-0-20200704-04:41:25-24420,1000,0,Exercise7.accessRouter[11].ppp[25].ppp.queue,2
NO_VOIP_DSL_rpt03_scenario_02-0-20200704-04:41:25-24420,1000,0,Exercise7.accessRouter[12].ppp[1].ppp.queue,1
NO_VOIP_DSL_rpt03_scenario_02-0-20200704-04:41:25-24420,1000,0,Exercise7.accessRouter[12].ppp[2].ppp.queue,3
NO_VOIP_DSL_rpt03_scenario_02-0-20200704-04:41:25-24420,1000,0,Exercise7.accessRouter[12].ppp[3].ppp.queue,2
NO_VOIP_DSL_rpt03_scenario_02-0-20200704-04:41:25-24420,1000,0,Exercise7.accessRouter[12].ppp[4].ppp.queue,1
NO_VOIP_DSL_rpt03_scenario_02-0-20200704-04:41:25-24420,1000,0,Exercise7.accessRouter[12].ppp[5].ppp.queue,2
NO_VOIP_DSL_rpt03_scenario_02-0-20200704-04:41:25-24420,1000,0,Exercise7.accessRouter[12].ppp[6].ppp.queue,1
NO_VOIP_DSL_rpt03_scenario_02-0-20200704-04:41:25-24420,1000,0,Exercise7.accessRouter[12].ppp[7].ppp.queue,3
NO_VOIP_DSL_rpt03_scenario_02-0-20200704-04:41:25-24420,1000,0,Exercise7.accessRouter[12].ppp[8].ppp.queue,13
NO_VOIP_DSL_rpt03_scenario_02-0-20200704-04:41:25-24420,1000,0,Exercise7.accessRouter[12].ppp[9].ppp.queue,2
NO_VOIP_DSL_rpt03_scenario_02-0-20200704-04:41:25-24420,1000,0,Exercise7.accessRouter[12].ppp[10].ppp.queue,1
NO_VOIP_DSL_rpt03_scenario_02-0-20200704-04:41:25-24420,1000,0,Exercise7.accessRouter[12].ppp[11].ppp.queue,1
NO_VOIP_DSL_rpt03_scenario_02-0-20200704-04:41:25-24420,1000,0,Exercise7.accessRouter[12].ppp[12].ppp.queue,2
NO_VOIP_DSL_rpt03_scenario_02-0-20200704-04:41:25-24420,1000,0,Exercise7.accessRouter[12].ppp[13].ppp.queue,1
NO_VOIP_DSL_rpt03_scenario_02-0-20200704-04:41:25-24420,1000,0,Exercise7.accessRouter[12].ppp[14].ppp.queue,3
NO_VOIP_DSL_rpt03_scenario_02-0-20200704-04:41:25-24420,1000,0,Exercise7.accessRouter[12].ppp[15].ppp.queue,1
NO_VOIP_DSL_rpt03_scenario_02-0-20200704-04:41:25-24420,1000,0,Exercise7.accessRouter[12].ppp[16].ppp.queue,1
NO_VOIP_DSL_rpt03_scenario_02-0-20200704-04:41:25-24420,1000,0,Exercise7.accessRouter[12].ppp[17].ppp.queue,2
NO_VOIP_DSL_rpt03_scenario_02-0-20200704-04:41:25-24420,1000,0,Exercise7.accessRouter[12].ppp[18].ppp.queue,1
NO_VOIP_DSL_rpt03_scenario_02-0-20200704-04:41:25-24420,1000,0,Exercise7.accessRouter[12].ppp[19].ppp.queue,1
NO_VOIP_DSL_rpt03_scenario_02-0-20200704-04:41:25-24420,1000,0,Exercise7.accessRouter[12].ppp[20].ppp.queue,1
NO_VOIP_DSL_rpt03_scenario_02-0-20200704-04:41:25-24420,1000,0,Exercise7.accessRouter[12].ppp[21].ppp.queue,1
NO_VOIP_DSL_rpt03_scenario_02-0-20200704-04:41:25-24420,1000,0,Exercise7.accessRouter[12].ppp[22].ppp.queue,1
NO_VOIP_DSL_rpt03_scenario_02-0-20200704-04:41:25-24420,1000,0,Exercise7.accessRouter[12].ppp[23].ppp.queue,1
NO_VOIP_DSL_rpt03_scenario_02-0-20200704-04:41:25-24420,1000,0,Exercise7.accessRouter[12].ppp[24].ppp.queue,1
NO_VOIP_DSL_rpt03_scenario_02-0-20200704-04:41:25-24420,1000,0,Exercise7.accessRouter[12].ppp[25].ppp.queue,1
NO_VOIP_DSL_rpt03_scenario_02-0-20200704-04:41:25-24420,1000,0,Exercise7.accessRouter[13].ppp[1].ppp.queue,3
NO_VOIP_DSL_rpt03_scenario_02-0-20200704-04:41:25-24420,1000,0,Exercise7.accessRouter[13].ppp[2].ppp.queue,2
NO_VOIP_DSL_rpt03_scenario_02-0-20200704-04:41:25-24420,1000,0,Exercise7.accessRouter[13].ppp[3].ppp.queue,3
NO_VOIP_DSL_rpt03_scenario_02-0-20200704-04:41:25-24420,1000,0,Exercise7.accessRouter[13].ppp[4].ppp.queue,1
NO_VOIP_DSL_rpt03_scenario_02-0-20200704-04:41:25-24420,1000,0,Exercise7.accessRouter[13].ppp[5].ppp.queue,1
NO_VOIP_DSL_rpt03_scenario_02-0-20200704-04:41:25-24420,1000,0,Exercise7.accessRouter[13].ppp[6].ppp.queue,1
NO_VOIP_DSL_rpt03_scenario_02-0-20200704-04:41:25-24420,1000,0,Exercise7.accessRouter[13].ppp[7].ppp.queue,2
NO_VOIP_DSL_rpt03_scenario_02-0-20200704-04:41:25-24420,1000,0,Exercise7.accessRouter[13].ppp[8].ppp.queue,1
NO_VOIP_DSL_rpt03_scenario_02-0-20200704-04:41:25-24420,1000,0,Exercise7.accessRouter[13].ppp[9].ppp.queue,1
NO_VOIP_DSL_rpt03_scenario_02-0-20200704-04:41:25-24420,1000,0,Exercise7.accessRouter[13].ppp[10].ppp.queue,2
NO_VOIP_DSL_rpt03_scenario_02-0-20200704-04:41:25-24420,1000,0,Exercise7.accessRouter[13].ppp[11].ppp.queue,1
NO_VOIP_DSL_rpt03_scenario_02-0-20200704-04:41:25-24420,1000,0,Exercise7.accessRouter[13].ppp[12].ppp.queue,1
NO_VOIP_DSL_rpt03_scenario_02-0-20200704-04:41:25-24420,1000,0,Exercise7.accessRouter[13].ppp[13].ppp.queue,2
NO_VOIP_DSL_rpt03_scenario_02-0-20200704-04:41:25-24420,1000,0,Exercise7.accessRouter[13].ppp[14].ppp.queue,1
NO_VOIP_DSL_rpt03_scenario_02-0-20200704-04:41:25-24420,1000,0,Exercise7.accessRouter[13].ppp[15].ppp.queue,2
NO_VOIP_DSL_rpt03_scenario_02-0-20200704-04:41:25-24420,1000,0,Exercise7.accessRouter[13].ppp[16].ppp.queue,3
NO_VOIP_DSL_rpt03_scenario_02-0-20200704-04:41:25-24420,1000,0,Exercise7.accessRouter[13].ppp[17].ppp.queue,1
NO_VOIP_DSL_rpt03_scenario_02-0-20200704-04:41:25-24420,1000,0,Exercise7.accessRouter[13].ppp[18].ppp.queue,2
NO_VOIP_DSL_rpt03_scenario_02-0-20200704-04:41:25-24420,1000,0,Exercise7.accessRouter[13].ppp[19].ppp.queue,1
NO_VOIP_DSL_rpt03_scenario_02-0-20200704-04:41:25-24420,1000,0,Exercise7.accessRouter[13].ppp[20].ppp.queue,1
NO_VOIP_DSL_rpt03_scenario_02-0-20200704-04:41:25-24420,1000,0,Exercise7.accessRouter[13].ppp[21].ppp.queue,3
NO_VOIP_DSL_rpt03_scenario_02-0-20200704-04:41:25-24420,1000,0,Exercise7.accessRouter[13].ppp[22].ppp.queue,2
NO_VOIP_DSL_rpt03_scenario_02-0-20200704-04:41:25-24420,1000,0,Exercise7.accessRouter[13].ppp[23].ppp.queue,1
NO_VOIP_DSL_rpt03_scenario_02-0-20200704-04:41:25-24420,1000,0,Exercise7.accessRouter[13].ppp[24].ppp.queue,1
NO_VOIP_DSL_rpt03_scenario_02-0-20200704-04:41:25-24420,1000,0,Exercise7.accessRouter[13].ppp[25].ppp.queue,1
NO_VOIP_DSL_rpt03_scenario_02-0-20200704-04:41:25-24420,1000,0,Exercise7.accessRouter[14].ppp[1].ppp.queue,2
NO_VOIP_DSL_rpt03_scenario_02-0-20200704-04:41:25-24420,1000,0,Exercise7.accessRouter[14].ppp[2].ppp.queue,1
NO_VOIP_DSL_rpt03_scenario_02-0-20200704-04:41:25-24420,1000,0,Exercise7.accessRouter[14].ppp[3].ppp.queue,2
NO_VOIP_DSL_rpt03_scenario_02-0-20200704-04:41:25-24420,1000,0,Exercise7.accessRouter[14].ppp[4].ppp.queue,1
NO_VOIP_DSL_rpt03_scenario_02-0-20200704-04:41:25-24420,1000,0,Exercise7.accessRouter[14].ppp[5].ppp.queue,2
NO_VOIP_DSL_rpt03_scenario_02-0-20200704-04:41:25-24420,1000,0,Exercise7.accessRouter[14].ppp[6].ppp.queue,1
NO_VOIP_DSL_rpt03_scenario_02-0-20200704-04:41:25-24420,1000,0,Exercise7.accessRouter[14].ppp[7].ppp.queue,1
NO_VOIP_DSL_rpt03_scenario_02-0-20200704-04:41:25-24420,1000,0,Exercise7.accessRouter[14].ppp[8].ppp.queue,1
NO_VOIP_DSL_rpt03_scenario_02-0-20200704-04:41:25-24420,1000,0,Exercise7.accessRouter[14].ppp[9].ppp.queue,1
NO_VOIP_DSL_rpt03_scenario_02-0-20200704-04:41:25-24420,1000,0,Exercise7.accessRouter[14].ppp[10].ppp.queue,3
NO_VOIP_DSL_rpt03_scenario_02-0-20200704-04:41:25-24420,1000,0,Exercise7.accessRouter[14].ppp[11].ppp.queue,1
NO_VOIP_DSL_rpt03_scenario_02-0-20200704-04:41:25-24420,1000,0,Exercise7.accessRouter[14].ppp[12].ppp.queue,3
NO_VOIP_DSL_rpt03_scenario_02-0-20200704-04:41:25-24420,1000,0,Exercise7.accessRouter[14].ppp[13].ppp.queue,1
NO_VOIP_DSL_rpt03_scenario_02-0-20200704-04:41:25-24420,1000,0,Exercise7.accessRouter[14].ppp[14].ppp.queue,2
NO_VOIP_DSL_rpt03_scenario_02-0-20200704-04:41:25-24420,1000,0,Exercise7.accessRouter[14].ppp[15].ppp.queue,3
NO_VOIP_DSL_rpt03_scenario_02-0-20200704-04:41:25-24420,1000,0,Exercise7.accessRouter[14].ppp[16].ppp.queue,2
NO_VOIP_DSL_rpt03_scenario_02-0-20200704-04:41:25-24420,1000,0,Exercise7.accessRouter[14].ppp[17].ppp.queue,1
NO_VOIP_DSL_rpt03_scenario_02-0-20200704-04:41:25-24420,1000,0,Exercise7.accessRouter[14].ppp[18].ppp.queue,2
NO_VOIP_DSL_rpt03_scenario_02-0-20200704-04:41:25-24420,1000,0,Exercise7.accessRouter[14].ppp[19].ppp.queue,3
NO_VOIP_DSL_rpt03_scenario_02-0-20200704-04:41:25-24420,1000,0,Exercise7.accessRouter[14].ppp[20].ppp.queue,1
NO_VOIP_DSL_rpt03_scenario_02-0-20200704-04:41:25-24420,1000,0,Exercise7.accessRouter[14].ppp[21].ppp.queue,1
NO_VOIP_DSL_rpt03_scenario_02-0-20200704-04:41:25-24420,1000,0,Exercise7.accessRouter[14].ppp[22].ppp.queue,1
NO_VOIP_DSL_rpt03_scenario_02-0-20200704-04:41:25-24420,1000,0,Exercise7.accessRouter[14].ppp[23].ppp.queue,1
NO_VOIP_DSL_rpt03_scenario_02-0-20200704-04:41:25-24420,1000,0,Exercise7.accessRouter[14].ppp[24].ppp.queue,1
NO_VOIP_DSL_rpt03_scenario_02-0-20200704-04:41:25-24420,1000,0,Exercise7.accessRouter[14].ppp[25].ppp.queue,1
NO_VOIP_DSL_rpt03_scenario_02-0-20200704-04:41:25-24420,1000,0,Exercise7.accessRouter[15].ppp[1].ppp.queue,1
NO_VOIP_DSL_rpt03_scenario_02-0-20200704-04:41:25-24420,1000,0,Exercise7.accessRouter[15].ppp[2].ppp.queue,3
NO_VOIP_DSL_rpt03_scenario_02-0-20200704-04:41:25-24420,1000,0,Exercise7.accessRouter[15].ppp[3].ppp.queue,1
NO_VOIP_DSL_rpt03_scenario_02-0-20200704-04:41:25-24420,1000,0,Exercise7.accessRouter[15].ppp[4].ppp.queue,2
NO_VOIP_DSL_rpt03_scenario_02-0-20200704-04:41:25-24420,1000,0,Exercise7.accessRouter[15].ppp[5].ppp.queue,1
NO_VOIP_DSL_rpt03_scenario_02-0-20200704-04:41:25-24420,1000,0,Exercise7.accessRouter[15].ppp[6].ppp.queue,2
NO_VOIP_DSL_rpt03_scenario_02-0-20200704-04:41:25-24420,1000,0,Exercise7.accessRouter[15].ppp[7].ppp.queue,1
NO_VOIP_DSL_rpt03_scenario_02-0-20200704-04:41:25-24420,1000,0,Exercise7.accessRouter[15].ppp[8].ppp.queue,1
NO_VOIP_DSL_rpt03_scenario_02-0-20200704-04:41:25-24420,1000,0,Exercise7.accessRouter[15].ppp[9].ppp.queue,1
NO_VOIP_DSL_rpt03_scenario_02-0-20200704-04:41:25-24420,1000,0,Exercise7.accessRouter[15].ppp[10].ppp.queue,2
NO_VOIP_DSL_rpt03_scenario_02-0-20200704-04:41:25-24420,1000,0,Exercise7.accessRouter[15].ppp[11].ppp.queue,1
NO_VOIP_DSL_rpt03_scenario_02-0-20200704-04:41:25-24420,1000,0,Exercise7.accessRouter[15].ppp[12].ppp.queue,1
NO_VOIP_DSL_rpt03_scenario_02-0-20200704-04:41:25-24420,1000,0,Exercise7.accessRouter[15].ppp[13].ppp.queue,2
NO_VOIP_DSL_rpt03_scenario_02-0-20200704-04:41:25-24420,1000,0,Exercise7.accessRouter[15].ppp[14].ppp.queue,1
NO_VOIP_DSL_rpt03_scenario_02-0-20200704-04:41:25-24420,1000,0,Exercise7.accessRouter[15].ppp[15].ppp.queue,1
NO_VOIP_DSL_rpt03_scenario_02-0-20200704-04:41:25-24420,1000,0,Exercise7.accessRouter[15].ppp[16].ppp.queue,1
NO_VOIP_DSL_rpt03_scenario_02-0-20200704-04:41:25-24420,1000,0,Exercise7.accessRouter[15].ppp[17].ppp.queue,1
NO_VOIP_DSL_rpt03_scenario_02-0-20200704-04:41:25-24420,1000,0,Exercise7.accessRouter[15].ppp[18].ppp.queue,1
NO_VOIP_DSL_rpt03_scenario_02-0-20200704-04:41:25-24420,1000,0,Exercise7.accessRouter[15].ppp[19].ppp.queue,1
NO_VOIP_DSL_rpt03_scenario_02-0-20200704-04:41:25-24420,1000,0,Exercise7.accessRouter[15].ppp[20].ppp.queue,18
NO_VOIP_DSL_rpt03_scenario_02-0-20200704-04:41:25-24420,1000,0,Exercise7.accessRouter[15].ppp[21].ppp.queue,1
NO_VOIP_DSL_rpt03_scenario_02-0-20200704-04:41:25-24420,1000,0,Exercise7.accessRouter[15].ppp[22].ppp.queue,1
NO_VOIP_DSL_rpt03_scenario_02-0-20200704-04:41:25-24420,1000,0,Exercise7.accessRouter[15].ppp[23].ppp.queue,1
NO_VOIP_DSL_rpt03_scenario_02-0-20200704-04:41:25-24420,1000,0,Exercise7.accessRouter[15].ppp[24].ppp.queue,1
NO_VOIP_DSL_rpt03_scenario_02-0-20200704-04:41:25-24420,1000,0,Exercise7.accessRouter[15].ppp[25].ppp.queue,1
NO_VOIP_DSL_rpt03_scenario_02-0-20200704-04:41:25-24420,1000,0,Exercise7.accessRouter[16].ppp[1].ppp.queue,3
NO_VOIP_DSL_rpt03_scenario_02-0-20200704-04:41:25-24420,1000,0,Exercise7.accessRouter[16].ppp[2].ppp.queue,1
NO_VOIP_DSL_rpt03_scenario_02-0-20200704-04:41:25-24420,1000,0,Exercise7.accessRouter[16].ppp[3].ppp.queue,1
NO_VOIP_DSL_rpt03_scenario_02-0-20200704-04:41:25-24420,1000,0,Exercise7.accessRouter[16].ppp[4].ppp.queue,1
NO_VOIP_DSL_rpt03_scenario_02-0-20200704-04:41:25-24420,1000,0,Exercise7.accessRouter[16].ppp[5].ppp.queue,2
NO_VOIP_DSL_rpt03_scenario_02-0-20200704-04:41:25-24420,1000,0,Exercise7.accessRouter[16].ppp[6].ppp.queue,1
NO_VOIP_DSL_rpt03_scenario_02-0-20200704-04:41:25-24420,1000,0,Exercise7.accessRouter[16].ppp[7].ppp.queue,2
NO_VOIP_DSL_rpt03_scenario_02-0-20200704-04:41:25-24420,1000,0,Exercise7.accessRouter[16].ppp[8].ppp.queue,1
NO_VOIP_DSL_rpt03_scenario_02-0-20200704-04:41:25-24420,1000,0,Exercise7.accessRouter[16].ppp[9].ppp.queue,1
NO_VOIP_DSL_rpt03_scenario_02-0-20200704-04:41:25-24420,1000,0,Exercise7.accessRouter[16].ppp[10].ppp.queue,1
NO_VOIP_DSL_rpt03_scenario_02-0-20200704-04:41:25-24420,1000,0,Exercise7.accessRouter[16].ppp[11].ppp.queue,1
NO_VOIP_DSL_rpt03_scenario_02-0-20200704-04:41:25-24420,1000,0,Exercise7.accessRouter[16].ppp[12].ppp.queue,2
NO_VOIP_DSL_rpt03_scenario_02-0-20200704-04:41:25-24420,1000,0,Exercise7.accessRouter[16].ppp[13].ppp.queue,1
NO_VOIP_DSL_rpt03_scenario_02-0-20200704-04:41:25-24420,1000,0,Exercise7.accessRouter[16].ppp[14].ppp.queue,2
NO_VOIP_DSL_rpt03_scenario_02-0-20200704-04:41:25-24420,1000,0,Exercise7.accessRouter[16].ppp[15].ppp.queue,1
NO_VOIP_DSL_rpt03_scenario_02-0-20200704-04:41:25-24420,1000,0,Exercise7.accessRouter[16].ppp[16].ppp.queue,2
NO_VOIP_DSL_rpt03_scenario_02-0-20200704-04:41:25-24420,1000,0,Exercise7.accessRouter[16].ppp[17].ppp.queue,3
NO_VOIP_DSL_rpt03_scenario_02-0-20200704-04:41:25-24420,1000,0,Exercise7.accessRouter[16].ppp[18].ppp.queue,2
NO_VOIP_DSL_rpt03_scenario_02-0-20200704-04:41:25-24420,1000,0,Exercise7.accessRouter[16].ppp[19].ppp.queue,1
NO_VOIP_DSL_rpt03_scenario_02-0-20200704-04:41:25-24420,1000,0,Exercise7.accessRouter[16].ppp[20].ppp.queue,1
NO_VOIP_DSL_rpt03_scenario_02-0-20200704-04:41:25-24420,1000,0,Exercise7.accessRouter[16].ppp[21].ppp.queue,2
NO_VOIP_DSL_rpt03_scenario_02-0-20200704-04:41:25-24420,1000,0,Exercise7.accessRouter[16].ppp[22].ppp.queue,1
NO_VOIP_DSL_rpt03_scenario_02-0-20200704-04:41:25-24420,1000,0,Exercise7.accessRouter[16].ppp[23].ppp.queue,2
NO_VOIP_DSL_rpt03_scenario_02-0-20200704-04:41:25-24420,1000,0,Exercise7.accessRouter[16].ppp[24].ppp.queue,1
NO_VOIP_DSL_rpt03_scenario_02-0-20200704-04:41:25-24420,1000,0,Exercise7.accessRouter[16].ppp[25].ppp.queue,1
NO_VOIP_DSL_rpt03_scenario_02-0-20200704-04:41:25-24420,1000,0,Exercise7.accessRouter[17].ppp[1].ppp.queue,1
NO_VOIP_DSL_rpt03_scenario_02-0-20200704-04:41:25-24420,1000,0,Exercise7.accessRouter[17].ppp[2].ppp.queue,3
NO_VOIP_DSL_rpt03_scenario_02-0-20200704-04:41:25-24420,1000,0,Exercise7.accessRouter[17].ppp[3].ppp.queue,2
NO_VOIP_DSL_rpt03_scenario_02-0-20200704-04:41:25-24420,1000,0,Exercise7.accessRouter[17].ppp[4].ppp.queue,3
NO_VOIP_DSL_rpt03_scenario_02-0-20200704-04:41:25-24420,1000,0,Exercise7.accessRouter[17].ppp[5].ppp.queue,1
NO_VOIP_DSL_rpt03_scenario_02-0-20200704-04:41:25-24420,1000,0,Exercise7.accessRouter[17].ppp[6].ppp.queue,1
NO_VOIP_DSL_rpt03_scenario_02-0-20200704-04:41:25-24420,1000,0,Exercise7.accessRouter[17].ppp[7].ppp.queue,2
NO_VOIP_DSL_rpt03_scenario_02-0-20200704-04:41:25-24420,1000,0,Exercise7.accessRouter[17].ppp[8].ppp.queue,3
NO_VOIP_DSL_rpt03_scenario_02-0-20200704-04:41:25-24420,1000,0,Exercise7.accessRouter[17].ppp[9].ppp.queue,1
NO_VOIP_DSL_rpt03_scenario_02-0-20200704-04:41:25-24420,1000,0,Exercise7.accessRouter[17].ppp[10].ppp.queue,1
NO_VOIP_DSL_rpt03_scenario_02-0-20200704-04:41:25-24420,1000,0,Exercise7.accessRouter[17].ppp[11].ppp.queue,2
NO_VOIP_DSL_rpt03_scenario_02-0-20200704-04:41:25-24420,1000,0,Exercise7.accessRouter[17].ppp[12].ppp.queue,2
NO_VOIP_DSL_rpt03_scenario_02-0-20200704-04:41:25-24420,1000,0,Exercise7.accessRouter[17].ppp[13].ppp.queue,1
NO_VOIP_DSL_rpt03_scenario_02-0-20200704-04:41:25-24420,1000,0,Exercise7.accessRouter[17].ppp[14].ppp.queue,1
NO_VOIP_DSL_rpt03_scenario_02-0-20200704-04:41:25-24420,1000,0,Exercise7.accessRouter[17].ppp[15].ppp.queue,1
NO_VOIP_DSL_rpt03_scenario_02-0-20200704-04:41:25-24420,1000,0,Exercise7.accessRouter[17].ppp[16].ppp.queue,1
NO_VOIP_DSL_rpt03_scenario_02-0-20200704-04:41:25-24420,1000,0,Exercise7.accessRouter[17].ppp[17].ppp.queue,1
NO_VOIP_DSL_rpt03_scenario_02-0-20200704-04:41:25-24420,1000,0,Exercise7.accessRouter[17].ppp[18].ppp.queue,1
NO_VOIP_DSL_rpt03_scenario_02-0-20200704-04:41:25-24420,1000,0,Exercise7.accessRouter[17].ppp[19].ppp.queue,1
NO_VOIP_DSL_rpt03_scenario_02-0-20200704-04:41:25-24420,1000,0,Exercise7.accessRouter[17].ppp[20].ppp.queue,1
NO_VOIP_DSL_rpt03_scenario_02-0-20200704-04:41:25-24420,1000,0,Exercise7.accessRouter[17].ppp[21].ppp.queue,1
NO_VOIP_DSL_rpt03_scenario_02-0-20200704-04:41:25-24420,1000,0,Exercise7.accessRouter[17].ppp[22].ppp.queue,3
NO_VOIP_DSL_rpt03_scenario_02-0-20200704-04:41:25-24420,1000,0,Exercise7.accessRouter[17].ppp[23].ppp.queue,2
NO_VOIP_DSL_rpt03_scenario_02-0-20200704-04:41:25-24420,1000,0,Exercise7.accessRouter[17].ppp[24].ppp.queue,3
NO_VOIP_DSL_rpt03_scenario_02-0-20200704-04:41:25-24420,1000,0,Exercise7.accessRouter[17].ppp[25].ppp.queue,1
NO_VOIP_DSL_rpt03_scenario_02-0-20200704-04:41:25-24420,1000,0,Exercise7.accessRouter[18].ppp[1].ppp.queue,3
NO_VOIP_DSL_rpt03_scenario_02-0-20200704-04:41:25-24420,1000,0,Exercise7.accessRouter[18].ppp[2].ppp.queue,1
NO_VOIP_DSL_rpt03_scenario_02-0-20200704-04:41:25-24420,1000,0,Exercise7.accessRouter[18].ppp[3].ppp.queue,1
NO_VOIP_DSL_rpt03_scenario_02-0-20200704-04:41:25-24420,1000,0,Exercise7.accessRouter[18].ppp[4].ppp.queue,1
NO_VOIP_DSL_rpt03_scenario_02-0-20200704-04:41:25-24420,1000,0,Exercise7.accessRouter[18].ppp[5].ppp.queue,1
NO_VOIP_DSL_rpt03_scenario_02-0-20200704-04:41:25-24420,1000,0,Exercise7.accessRouter[18].ppp[6].ppp.queue,1
NO_VOIP_DSL_rpt03_scenario_02-0-20200704-04:41:25-24420,1000,0,Exercise7.accessRouter[18].ppp[7].ppp.queue,1
NO_VOIP_DSL_rpt03_scenario_02-0-20200704-04:41:25-24420,1000,0,Exercise7.accessRouter[18].ppp[8].ppp.queue,3
NO_VOIP_DSL_rpt03_scenario_02-0-20200704-04:41:25-24420,1000,0,Exercise7.accessRouter[18].ppp[9].ppp.queue,1
NO_VOIP_DSL_rpt03_scenario_02-0-20200704-04:41:25-24420,1000,0,Exercise7.accessRouter[18].ppp[10].ppp.queue,2
NO_VOIP_DSL_rpt03_scenario_02-0-20200704-04:41:25-24420,1000,0,Exercise7.accessRouter[18].ppp[11].ppp.queue,3
NO_VOIP_DSL_rpt03_scenario_02-0-20200704-04:41:25-24420,1000,0,Exercise7.accessRouter[18].ppp[12].ppp.queue,3
NO_VOIP_DSL_rpt03_scenario_02-0-20200704-04:41:25-24420,1000,0,Exercise7.accessRouter[18].ppp[13].ppp.queue,1
NO_VOIP_DSL_rpt03_scenario_02-0-20200704-04:41:25-24420,1000,0,Exercise7.accessRouter[18].ppp[14].ppp.queue,1
NO_VOIP_DSL_rpt03_scenario_02-0-20200704-04:41:25-24420,1000,0,Exercise7.accessRouter[18].ppp[15].ppp.queue,1
NO_VOIP_DSL_rpt03_scenario_02-0-20200704-04:41:25-24420,1000,0,Exercise7.accessRouter[18].ppp[16].ppp.queue,1
NO_VOIP_DSL_rpt03_scenario_02-0-20200704-04:41:25-24420,1000,0,Exercise7.accessRouter[18].ppp[17].ppp.queue,1
NO_VOIP_DSL_rpt03_scenario_02-0-20200704-04:41:25-24420,1000,0,Exercise7.accessRouter[18].ppp[18].ppp.queue,2
NO_VOIP_DSL_rpt03_scenario_02-0-20200704-04:41:25-24420,1000,0,Exercise7.accessRouter[18].ppp[19].ppp.queue,1
NO_VOIP_DSL_rpt03_scenario_02-0-20200704-04:41:25-24420,1000,0,Exercise7.accessRouter[18].ppp[20].ppp.queue,1
NO_VOIP_DSL_rpt03_scenario_02-0-20200704-04:41:25-24420,1000,0,Exercise7.accessRouter[18].ppp[21].ppp.queue,3
NO_VOIP_DSL_rpt03_scenario_02-0-20200704-04:41:25-24420,1000,0,Exercise7.accessRouter[18].ppp[22].ppp.queue,2
NO_VOIP_DSL_rpt03_scenario_02-0-20200704-04:41:25-24420,1000,0,Exercise7.accessRouter[18].ppp[23].ppp.queue,3
NO_VOIP_DSL_rpt03_scenario_02-0-20200704-04:41:25-24420,1000,0,Exercise7.accessRouter[18].ppp[24].ppp.queue,1
NO_VOIP_DSL_rpt03_scenario_02-0-20200704-04:41:25-24420,1000,0,Exercise7.accessRouter[18].ppp[25].ppp.queue,1
NO_VOIP_DSL_rpt03_scenario_02-0-20200704-04:41:25-24420,1000,0,Exercise7.accessRouter[19].ppp[1].ppp.queue,1
NO_VOIP_DSL_rpt03_scenario_02-0-20200704-04:41:25-24420,1000,0,Exercise7.accessRouter[19].ppp[2].ppp.queue,1
NO_VOIP_DSL_rpt03_scenario_02-0-20200704-04:41:25-24420,1000,0,Exercise7.accessRouter[19].ppp[3].ppp.queue,2
NO_VOIP_DSL_rpt03_scenario_02-0-20200704-04:41:25-24420,1000,0,Exercise7.accessRouter[19].ppp[4].ppp.queue,1
NO_VOIP_DSL_rpt03_scenario_02-0-20200704-04:41:25-24420,1000,0,Exercise7.accessRouter[19].ppp[5].ppp.queue,3
NO_VOIP_DSL_rpt03_scenario_02-0-20200704-04:41:25-24420,1000,0,Exercise7.accessRouter[19].ppp[6].ppp.queue,1
NO_VOIP_DSL_rpt03_scenario_02-0-20200704-04:41:25-24420,1000,0,Exercise7.accessRouter[19].ppp[7].ppp.queue,1
NO_VOIP_DSL_rpt03_scenario_02-0-20200704-04:41:25-24420,1000,0,Exercise7.accessRouter[19].ppp[8].ppp.queue,2
NO_VOIP_DSL_rpt03_scenario_02-0-20200704-04:41:25-24420,1000,0,Exercise7.accessRouter[19].ppp[9].ppp.queue,1
NO_VOIP_DSL_rpt03_scenario_02-0-20200704-04:41:25-24420,1000,0,Exercise7.accessRouter[19].ppp[10].ppp.queue,1
NO_VOIP_DSL_rpt03_scenario_02-0-20200704-04:41:25-24420,1000,0,Exercise7.accessRouter[19].ppp[11].ppp.queue,1
NO_VOIP_DSL_rpt03_scenario_02-0-20200704-04:41:25-24420,1000,0,Exercise7.accessRouter[19].ppp[12].ppp.queue,1
NO_VOIP_DSL_rpt03_scenario_02-0-20200704-04:41:25-24420,1000,0,Exercise7.accessRouter[19].ppp[13].ppp.queue,1
NO_VOIP_DSL_rpt03_scenario_02-0-20200704-04:41:25-24420,1000,0,Exercise7.accessRouter[19].ppp[14].ppp.queue,1
NO_VOIP_DSL_rpt03_scenario_02-0-20200704-04:41:25-24420,1000,0,Exercise7.accessRouter[19].ppp[15].ppp.queue,1
NO_VOIP_DSL_rpt03_scenario_02-0-20200704-04:41:25-24420,1000,0,Exercise7.accessRouter[19].ppp[16].ppp.queue,3
NO_VOIP_DSL_rpt03_scenario_02-0-20200704-04:41:25-24420,1000,0,Exercise7.accessRouter[19].ppp[17].ppp.queue,2
NO_VOIP_DSL_rpt03_scenario_02-0-20200704-04:41:25-24420,1000,0,Exercise7.accessRouter[19].ppp[18].ppp.queue,3
NO_VOIP_DSL_rpt03_scenario_02-0-20200704-04:41:25-24420,1000,0,Exercise7.accessRouter[19].ppp[19].ppp.queue,3
NO_VOIP_DSL_rpt03_scenario_02-0-20200704-04:41:25-24420,1000,0,Exercise7.accessRouter[19].ppp[20].ppp.queue,1
NO_VOIP_DSL_rpt03_scenario_02-0-20200704-04:41:25-24420,1000,0,Exercise7.accessRouter[19].ppp[21].ppp.queue,1
NO_VOIP_DSL_rpt03_scenario_02-0-20200704-04:41:25-24420,1000,0,Exercise7.accessRouter[19].ppp[22].ppp.queue,1
NO_VOIP_DSL_rpt03_scenario_02-0-20200704-04:41:25-24420,1000,0,Exercise7.accessRouter[19].ppp[23].ppp.queue,2
NO_VOIP_DSL_rpt03_scenario_02-0-20200704-04:41:25-24420,1000,0,Exercise7.accessRouter[19].ppp[24].ppp.queue,1
NO_VOIP_DSL_rpt03_scenario_02-0-20200704-04:41:25-24420,1000,0,Exercise7.accessRouter[19].ppp[25].ppp.queue,1
NO_VOIP_DSL_rpt03_scenario_02-0-20200704-04:41:25-24420,1000,0,Exercise7.accessRouter[20].ppp[1].ppp.queue,1
NO_VOIP_DSL_rpt03_scenario_02-0-20200704-04:41:25-24420,1000,0,Exercise7.accessRouter[20].ppp[2].ppp.queue,1
NO_VOIP_DSL_rpt03_scenario_02-0-20200704-04:41:25-24420,1000,0,Exercise7.accessRouter[20].ppp[3].ppp.queue,1
NO_VOIP_DSL_rpt03_scenario_02-0-20200704-04:41:25-24420,1000,0,Exercise7.accessRouter[20].ppp[4].ppp.queue,3
NO_VOIP_DSL_rpt03_scenario_02-0-20200704-04:41:25-24420,1000,0,Exercise7.accessRouter[20].ppp[5].ppp.queue,2
NO_VOIP_DSL_rpt03_scenario_02-0-20200704-04:41:25-24420,1000,0,Exercise7.accessRouter[20].ppp[6].ppp.queue,1
NO_VOIP_DSL_rpt03_scenario_02-0-20200704-04:41:25-24420,1000,0,Exercise7.accessRouter[20].ppp[7].ppp.queue,3
NO_VOIP_DSL_rpt03_scenario_02-0-20200704-04:41:25-24420,1000,0,Exercise7.accessRouter[20].ppp[8].ppp.queue,1
NO_VOIP_DSL_rpt03_scenario_02-0-20200704-04:41:25-24420,1000,0,Exercise7.accessRouter[20].ppp[9].ppp.queue,3
NO_VOIP_DSL_rpt03_scenario_02-0-20200704-04:41:25-24420,1000,0,Exercise7.accessRouter[20].ppp[10].ppp.queue,1
NO_VOIP_DSL_rpt03_scenario_02-0-20200704-04:41:25-24420,1000,0,Exercise7.accessRouter[20].ppp[11].ppp.queue,1
NO_VOIP_DSL_rpt03_scenario_02-0-20200704-04:41:25-24420,1000,0,Exercise7.accessRouter[20].ppp[12].ppp.queue,1
NO_VOIP_DSL_rpt03_scenario_02-0-20200704-04:41:25-24420,1000,0,Exercise7.accessRouter[20].ppp[13].ppp.queue,1
NO_VOIP_DSL_rpt03_scenario_02-0-20200704-04:41:25-24420,1000,0,Exercise7.accessRouter[20].ppp[14].ppp.queue,1
NO_VOIP_DSL_rpt03_scenario_02-0-20200704-04:41:25-24420,1000,0,Exercise7.accessRouter[20].ppp[15].ppp.queue,3
NO_VOIP_DSL_rpt03_scenario_02-0-20200704-04:41:25-24420,1000,0,Exercise7.accessRouter[20].ppp[16].ppp.queue,1
NO_VOIP_DSL_rpt03_scenario_02-0-20200704-04:41:25-24420,1000,0,Exercise7.accessRouter[20].ppp[17].ppp.queue,1
NO_VOIP_DSL_rpt03_scenario_02-0-20200704-04:41:25-24420,1000,0,Exercise7.accessRouter[20].ppp[18].ppp.queue,1
NO_VOIP_DSL_rpt03_scenario_02-0-20200704-04:41:25-24420,1000,0,Exercise7.accessRouter[20].ppp[19].ppp.queue,3
NO_VOIP_DSL_rpt03_scenario_02-0-20200704-04:41:25-24420,1000,0,Exercise7.accessRouter[20].ppp[20].ppp.queue,2
NO_VOIP_DSL_rpt03_scenario_02-0-20200704-04:41:25-24420,1000,0,Exercise7.accessRouter[20].ppp[21].ppp.queue,1
NO_VOIP_DSL_rpt03_scenario_02-0-20200704-04:41:25-24420,1000,0,Exercise7.accessRouter[20].ppp[22].ppp.queue,1
NO_VOIP_DSL_rpt03_scenario_02-0-20200704-04:41:25-24420,1000,0,Exercise7.accessRouter[20].ppp[23].ppp.queue,3
NO_VOIP_DSL_rpt03_scenario_02-0-20200704-04:41:25-24420,1000,0,Exercise7.accessRouter[20].ppp[24].ppp.queue,1
NO_VOIP_DSL_rpt03_scenario_02-0-20200704-04:41:25-24420,1000,0,Exercise7.accessRouter[20].ppp[25].ppp.queue,1
NO_VOIP_DSL_rpt03_scenario_02-0-20200704-04:41:25-24420,1000,0,Exercise7.accessRouter[21].ppp[1].ppp.queue,1
NO_VOIP_DSL_rpt03_scenario_02-0-20200704-04:41:25-24420,1000,0,Exercise7.accessRouter[21].ppp[2].ppp.queue,1
NO_VOIP_DSL_rpt03_scenario_02-0-20200704-04:41:25-24420,1000,0,Exercise7.accessRouter[21].ppp[3].ppp.queue,1
NO_VOIP_DSL_rpt03_scenario_02-0-20200704-04:41:25-24420,1000,0,Exercise7.accessRouter[21].ppp[4].ppp.queue,2
NO_VOIP_DSL_rpt03_scenario_02-0-20200704-04:41:25-24420,1000,0,Exercise7.accessRouter[21].ppp[5].ppp.queue,1
NO_VOIP_DSL_rpt03_scenario_02-0-20200704-04:41:25-24420,1000,0,Exercise7.accessRouter[21].ppp[6].ppp.queue,2
NO_VOIP_DSL_rpt03_scenario_02-0-20200704-04:41:25-24420,1000,0,Exercise7.accessRouter[21].ppp[7].ppp.queue,3
NO_VOIP_DSL_rpt03_scenario_02-0-20200704-04:41:25-24420,1000,0,Exercise7.accessRouter[21].ppp[8].ppp.queue,1
NO_VOIP_DSL_rpt03_scenario_02-0-20200704-04:41:25-24420,1000,0,Exercise7.accessRouter[21].ppp[9].ppp.queue,3
NO_VOIP_DSL_rpt03_scenario_02-0-20200704-04:41:25-24420,1000,0,Exercise7.accessRouter[21].ppp[10].ppp.queue,1
NO_VOIP_DSL_rpt03_scenario_02-0-20200704-04:41:25-24420,1000,0,Exercise7.accessRouter[21].ppp[11].ppp.queue,1
NO_VOIP_DSL_rpt03_scenario_02-0-20200704-04:41:25-24420,1000,0,Exercise7.accessRouter[21].ppp[12].ppp.queue,1
NO_VOIP_DSL_rpt03_scenario_02-0-20200704-04:41:25-24420,1000,0,Exercise7.accessRouter[21].ppp[13].ppp.queue,1
NO_VOIP_DSL_rpt03_scenario_02-0-20200704-04:41:25-24420,1000,0,Exercise7.accessRouter[21].ppp[14].ppp.queue,3
NO_VOIP_DSL_rpt03_scenario_02-0-20200704-04:41:25-24420,1000,0,Exercise7.accessRouter[21].ppp[15].ppp.queue,1
NO_VOIP_DSL_rpt03_scenario_02-0-20200704-04:41:25-24420,1000,0,Exercise7.accessRouter[21].ppp[16].ppp.queue,13
NO_VOIP_DSL_rpt03_scenario_02-0-20200704-04:41:25-24420,1000,0,Exercise7.accessRouter[21].ppp[17].ppp.queue,1
NO_VOIP_DSL_rpt03_scenario_02-0-20200704-04:41:25-24420,1000,0,Exercise7.accessRouter[21].ppp[18].ppp.queue,3
NO_VOIP_DSL_rpt03_scenario_02-0-20200704-04:41:25-24420,1000,0,Exercise7.accessRouter[21].ppp[19].ppp.queue,1
NO_VOIP_DSL_rpt03_scenario_02-0-20200704-04:41:25-24420,1000,0,Exercise7.accessRouter[21].ppp[20].ppp.queue,1
NO_VOIP_DSL_rpt03_scenario_02-0-20200704-04:41:25-24420,1000,0,Exercise7.accessRouter[21].ppp[21].ppp.queue,1
NO_VOIP_DSL_rpt03_scenario_02-0-20200704-04:41:25-24420,1000,0,Exercise7.accessRouter[21].ppp[22].ppp.queue,1
NO_VOIP_DSL_rpt03_scenario_02-0-20200704-04:41:25-24420,1000,0,Exercise7.accessRouter[21].ppp[23].ppp.queue,3
NO_VOIP_DSL_rpt03_scenario_02-0-20200704-04:41:25-24420,1000,0,Exercise7.accessRouter[21].ppp[24].ppp.queue,1
NO_VOIP_DSL_rpt03_scenario_02-0-20200704-04:41:25-24420,1000,0,Exercise7.accessRouter[21].ppp[25].ppp.queue,1
NO_VOIP_DSL_rpt03_scenario_02-0-20200704-04:41:25-24420,1000,0,Exercise7.accessRouter[22].ppp[1].ppp.queue,1
NO_VOIP_DSL_rpt03_scenario_02-0-20200704-04:41:25-24420,1000,0,Exercise7.accessRouter[22].ppp[2].ppp.queue,1
NO_VOIP_DSL_rpt03_scenario_02-0-20200704-04:41:25-24420,1000,0,Exercise7.accessRouter[22].ppp[3].ppp.queue,2
NO_VOIP_DSL_rpt03_scenario_02-0-20200704-04:41:25-24420,1000,0,Exercise7.accessRouter[22].ppp[4].ppp.queue,1
NO_VOIP_DSL_rpt03_scenario_02-0-20200704-04:41:25-24420,1000,0,Exercise7.accessRouter[22].ppp[5].ppp.queue,3
NO_VOIP_DSL_rpt03_scenario_02-0-20200704-04:41:25-24420,1000,0,Exercise7.accessRouter[22].ppp[6].ppp.queue,3
NO_VOIP_DSL_rpt03_scenario_02-0-20200704-04:41:25-24420,1000,0,Exercise7.accessRouter[22].ppp[7].ppp.queue,1
NO_VOIP_DSL_rpt03_scenario_02-0-20200704-04:41:25-24420,1000,0,Exercise7.accessRouter[22].ppp[8].ppp.queue,1
NO_VOIP_DSL_rpt03_scenario_02-0-20200704-04:41:25-24420,1000,0,Exercise7.accessRouter[22].ppp[9].ppp.queue,1
NO_VOIP_DSL_rpt03_scenario_02-0-20200704-04:41:25-24420,1000,0,Exercise7.accessRouter[22].ppp[10].ppp.queue,1
NO_VOIP_DSL_rpt03_scenario_02-0-20200704-04:41:25-24420,1000,0,Exercise7.accessRouter[22].ppp[11].ppp.queue,1
NO_VOIP_DSL_rpt03_scenario_02-0-20200704-04:41:25-24420,1000,0,Exercise7.accessRouter[22].ppp[12].ppp.queue,2
NO_VOIP_DSL_rpt03_scenario_02-0-20200704-04:41:25-24420,1000,0,Exercise7.accessRouter[22].ppp[13].ppp.queue,1
NO_VOIP_DSL_rpt03_scenario_02-0-20200704-04:41:25-24420,1000,0,Exercise7.accessRouter[22].ppp[14].ppp.queue,1
NO_VOIP_DSL_rpt03_scenario_02-0-20200704-04:41:25-24420,1000,0,Exercise7.accessRouter[22].ppp[15].ppp.queue,1
NO_VOIP_DSL_rpt03_scenario_02-0-20200704-04:41:25-24420,1000,0,Exercise7.accessRouter[22].ppp[16].ppp.queue,2
NO_VOIP_DSL_rpt03_scenario_02-0-20200704-04:41:25-24420,1000,0,Exercise7.accessRouter[22].ppp[17].ppp.queue,1
NO_VOIP_DSL_rpt03_scenario_02-0-20200704-04:41:25-24420,1000,0,Exercise7.accessRouter[22].ppp[18].ppp.queue,1
NO_VOIP_DSL_rpt03_scenario_02-0-20200704-04:41:25-24420,1000,0,Exercise7.accessRouter[22].ppp[19].ppp.queue,1
NO_VOIP_DSL_rpt03_scenario_02-0-20200704-04:41:25-24420,1000,0,Exercise7.accessRouter[22].ppp[20].ppp.queue,1
NO_VOIP_DSL_rpt03_scenario_02-0-20200704-04:41:25-24420,1000,0,Exercise7.accessRouter[22].ppp[21].ppp.queue,1
NO_VOIP_DSL_rpt03_scenario_02-0-20200704-04:41:25-24420,1000,0,Exercise7.accessRouter[22].ppp[22].ppp.queue,1
NO_VOIP_DSL_rpt03_scenario_02-0-20200704-04:41:25-24420,1000,0,Exercise7.accessRouter[22].ppp[23].ppp.queue,1
NO_VOIP_DSL_rpt03_scenario_02-0-20200704-04:41:25-24420,1000,0,Exercise7.accessRouter[22].ppp[24].ppp.queue,1
NO_VOIP_DSL_rpt03_scenario_02-0-20200704-04:41:25-24420,1000,0,Exercise7.accessRouter[22].ppp[25].ppp.queue,3
NO_VOIP_DSL_rpt03_scenario_02-0-20200704-04:41:25-24420,1000,0,Exercise7.accessRouter[23].ppp[1].ppp.queue,3
NO_VOIP_DSL_rpt03_scenario_02-0-20200704-04:41:25-24420,1000,0,Exercise7.accessRouter[23].ppp[2].ppp.queue,1
NO_VOIP_DSL_rpt03_scenario_02-0-20200704-04:41:25-24420,1000,0,Exercise7.accessRouter[23].ppp[3].ppp.queue,1
NO_VOIP_DSL_rpt03_scenario_02-0-20200704-04:41:25-24420,1000,0,Exercise7.accessRouter[23].ppp[4].ppp.queue,3
NO_VOIP_DSL_rpt03_scenario_02-0-20200704-04:41:25-24420,1000,0,Exercise7.accessRouter[23].ppp[5].ppp.queue,1
NO_VOIP_DSL_rpt03_scenario_02-0-20200704-04:41:25-24420,1000,0,Exercise7.accessRouter[23].ppp[6].ppp.queue,2
NO_VOIP_DSL_rpt03_scenario_02-0-20200704-04:41:25-24420,1000,0,Exercise7.accessRouter[23].ppp[7].ppp.queue,1
NO_VOIP_DSL_rpt03_scenario_02-0-20200704-04:41:25-24420,1000,0,Exercise7.accessRouter[23].ppp[8].ppp.queue,1
NO_VOIP_DSL_rpt03_scenario_02-0-20200704-04:41:25-24420,1000,0,Exercise7.accessRouter[23].ppp[9].ppp.queue,2
NO_VOIP_DSL_rpt03_scenario_02-0-20200704-04:41:25-24420,1000,0,Exercise7.accessRouter[23].ppp[10].ppp.queue,1
NO_VOIP_DSL_rpt03_scenario_02-0-20200704-04:41:25-24420,1000,0,Exercise7.accessRouter[23].ppp[11].ppp.queue,1
NO_VOIP_DSL_rpt03_scenario_02-0-20200704-04:41:25-24420,1000,0,Exercise7.accessRouter[23].ppp[12].ppp.queue,2
NO_VOIP_DSL_rpt03_scenario_02-0-20200704-04:41:25-24420,1000,0,Exercise7.accessRouter[23].ppp[13].ppp.queue,2
NO_VOIP_DSL_rpt03_scenario_02-0-20200704-04:41:25-24420,1000,0,Exercise7.accessRouter[23].ppp[14].ppp.queue,3
NO_VOIP_DSL_rpt03_scenario_02-0-20200704-04:41:25-24420,1000,0,Exercise7.accessRouter[23].ppp[15].ppp.queue,2
NO_VOIP_DSL_rpt03_scenario_02-0-20200704-04:41:25-24420,1000,0,Exercise7.accessRouter[23].ppp[16].ppp.queue,1
NO_VOIP_DSL_rpt03_scenario_02-0-20200704-04:41:25-24420,1000,0,Exercise7.accessRouter[23].ppp[17].ppp.queue,1
NO_VOIP_DSL_rpt03_scenario_02-0-20200704-04:41:25-24420,1000,0,Exercise7.accessRouter[23].ppp[18].ppp.queue,1
NO_VOIP_DSL_rpt03_scenario_02-0-20200704-04:41:25-24420,1000,0,Exercise7.accessRouter[23].ppp[19].ppp.queue,1
NO_VOIP_DSL_rpt03_scenario_02-0-20200704-04:41:25-24420,1000,0,Exercise7.accessRouter[23].ppp[20].ppp.queue,1
NO_VOIP_DSL_rpt03_scenario_02-0-20200704-04:41:25-24420,1000,0,Exercise7.accessRouter[23].ppp[21].ppp.queue,1
NO_VOIP_DSL_rpt03_scenario_02-0-20200704-04:41:25-24420,1000,0,Exercise7.accessRouter[23].ppp[22].ppp.queue,3
NO_VOIP_DSL_rpt03_scenario_02-0-20200704-04:41:25-24420,1000,0,Exercise7.accessRouter[23].ppp[23].ppp.queue,1
NO_VOIP_DSL_rpt03_scenario_02-0-20200704-04:41:25-24420,1000,0,Exercise7.accessRouter[23].ppp[24].ppp.queue,1
NO_VOIP_DSL_rpt03_scenario_02-0-20200704-04:41:25-24420,1000,0,Exercise7.accessRouter[23].ppp[25].ppp.queue,1
NO_VOIP_DSL_rpt03_scenario_02-0-20200704-04:41:25-24420,1000,0,Exercise7.accessRouter[24].ppp[1].ppp.queue,1
NO_VOIP_DSL_rpt03_scenario_02-0-20200704-04:41:25-24420,1000,0,Exercise7.accessRouter[24].ppp[2].ppp.queue,1
NO_VOIP_DSL_rpt03_scenario_02-0-20200704-04:41:25-24420,1000,0,Exercise7.accessRouter[24].ppp[3].ppp.queue,3
NO_VOIP_DSL_rpt03_scenario_02-0-20200704-04:41:25-24420,1000,0,Exercise7.accessRouter[24].ppp[4].ppp.queue,1
NO_VOIP_DSL_rpt03_scenario_02-0-20200704-04:41:25-24420,1000,0,Exercise7.accessRouter[24].ppp[5].ppp.queue,3
NO_VOIP_DSL_rpt03_scenario_02-0-20200704-04:41:25-24420,1000,0,Exercise7.accessRouter[24].ppp[6].ppp.queue,1
NO_VOIP_DSL_rpt03_scenario_02-0-20200704-04:41:25-24420,1000,0,Exercise7.accessRouter[24].ppp[7].ppp.queue,1
NO_VOIP_DSL_rpt03_scenario_02-0-20200704-04:41:25-24420,1000,0,Exercise7.accessRouter[24].ppp[8].ppp.queue,1
NO_VOIP_DSL_rpt03_scenario_02-0-20200704-04:41:25-24420,1000,0,Exercise7.accessRouter[24].ppp[9].ppp.queue,1
NO_VOIP_DSL_rpt03_scenario_02-0-20200704-04:41:25-24420,1000,0,Exercise7.accessRouter[24].ppp[10].ppp.queue,1
NO_VOIP_DSL_rpt03_scenario_02-0-20200704-04:41:25-24420,1000,0,Exercise7.accessRouter[24].ppp[11].ppp.queue,1
NO_VOIP_DSL_rpt03_scenario_02-0-20200704-04:41:25-24420,1000,0,Exercise7.accessRouter[24].ppp[12].ppp.queue,3
NO_VOIP_DSL_rpt03_scenario_02-0-20200704-04:41:25-24420,1000,0,Exercise7.accessRouter[24].ppp[13].ppp.queue,3
NO_VOIP_DSL_rpt03_scenario_02-0-20200704-04:41:25-24420,1000,0,Exercise7.accessRouter[24].ppp[14].ppp.queue,1
NO_VOIP_DSL_rpt03_scenario_02-0-20200704-04:41:25-24420,1000,0,Exercise7.accessRouter[24].ppp[15].ppp.queue,2
NO_VOIP_DSL_rpt03_scenario_02-0-20200704-04:41:25-24420,1000,0,Exercise7.accessRouter[24].ppp[16].ppp.queue,1
NO_VOIP_DSL_rpt03_scenario_02-0-20200704-04:41:25-24420,1000,0,Exercise7.accessRouter[24].ppp[17].ppp.queue,1
NO_VOIP_DSL_rpt03_scenario_02-0-20200704-04:41:25-24420,1000,0,Exercise7.accessRouter[24].ppp[18].ppp.queue,2
NO_VOIP_DSL_rpt03_scenario_02-0-20200704-04:41:25-24420,1000,0,Exercise7.accessRouter[24].ppp[19].ppp.queue,2
NO_VOIP_DSL_rpt03_scenario_02-0-20200704-04:41:25-24420,1000,0,Exercise7.accessRouter[24].ppp[20].ppp.queue,1
NO_VOIP_DSL_rpt03_scenario_02-0-20200704-04:41:25-24420,1000,0,Exercise7.accessRouter[24].ppp[21].ppp.queue,2
NO_VOIP_DSL_rpt03_scenario_02-0-20200704-04:41:25-24420,1000,0,Exercise7.accessRouter[24].ppp[22].ppp.queue,1
NO_VOIP_DSL_rpt03_scenario_02-0-20200704-04:41:25-24420,1000,0,Exercise7.accessRouter[24].ppp[23].ppp.queue,1
NO_VOIP_DSL_rpt03_scenario_02-0-20200704-04:41:25-24420,1000,0,Exercise7.accessRouter[24].ppp[24].ppp.queue,1
NO_VOIP_DSL_rpt03_scenario_02-0-20200704-04:41:25-24420,1000,0,Exercise7.accessRouter[24].ppp[25].ppp.queue,2
