run,time,repetition,Module,packetDropQueueOverflow:count,Average
NO_VOIP_ISDN_rpt03_scenario_01-0-20200702-14:34:26-11980,1000,0,Exercise7.accessRouter[0].ppp[1].ppp.queue,322,369.9216
NO_VOIP_ISDN_rpt03_scenario_01-0-20200702-14:34:26-11980,1000,0,Exercise7.accessRouter[0].ppp[2].ppp.queue,334,369.9216
NO_VOIP_ISDN_rpt03_scenario_01-0-20200702-14:34:26-11980,1000,0,Exercise7.accessRouter[0].ppp[3].ppp.queue,366,369.9216
NO_VOIP_ISDN_rpt03_scenario_01-0-20200702-14:34:26-11980,1000,0,Exercise7.accessRouter[0].ppp[4].ppp.queue,343,369.9216
NO_VOIP_ISDN_rpt03_scenario_01-0-20200702-14:34:26-11980,1000,0,Exercise7.accessRouter[0].ppp[5].ppp.queue,448,369.9216
NO_VOIP_ISDN_rpt03_scenario_01-0-20200702-14:34:26-11980,1000,0,Exercise7.accessRouter[0].ppp[6].ppp.queue,320,369.9216
NO_VOIP_ISDN_rpt03_scenario_01-0-20200702-14:34:26-11980,1000,0,Exercise7.accessRouter[0].ppp[7].ppp.queue,389,369.9216
NO_VOIP_ISDN_rpt03_scenario_01-0-20200702-14:34:26-11980,1000,0,Exercise7.accessRouter[0].ppp[8].ppp.queue,227,369.9216
NO_VOIP_ISDN_rpt03_scenario_01-0-20200702-14:34:26-11980,1000,0,Exercise7.accessRouter[0].ppp[9].ppp.queue,399,369.9216
NO_VOIP_ISDN_rpt03_scenario_01-0-20200702-14:34:26-11980,1000,0,Exercise7.accessRouter[0].ppp[10].ppp.queue,448,369.9216
NO_VOIP_ISDN_rpt03_scenario_01-0-20200702-14:34:26-11980,1000,0,Exercise7.accessRouter[0].ppp[11].ppp.queue,232,369.9216
NO_VOIP_ISDN_rpt03_scenario_01-0-20200702-14:34:26-11980,1000,0,Exercise7.accessRouter[0].ppp[12].ppp.queue,413,369.9216
NO_VOIP_ISDN_rpt03_scenario_01-0-20200702-14:34:26-11980,1000,0,Exercise7.accessRouter[0].ppp[13].ppp.queue,346,369.9216
NO_VOIP_ISDN_rpt03_scenario_01-0-20200702-14:34:26-11980,1000,0,Exercise7.accessRouter[0].ppp[14].ppp.queue,341,369.9216
NO_VOIP_ISDN_rpt03_scenario_01-0-20200702-14:34:26-11980,1000,0,Exercise7.accessRouter[0].ppp[15].ppp.queue,435,369.9216
NO_VOIP_ISDN_rpt03_scenario_01-0-20200702-14:34:26-11980,1000,0,Exercise7.accessRouter[0].ppp[16].ppp.queue,487,369.9216
NO_VOIP_ISDN_rpt03_scenario_01-0-20200702-14:34:26-11980,1000,0,Exercise7.accessRouter[0].ppp[17].ppp.queue,336,369.9216
NO_VOIP_ISDN_rpt03_scenario_01-0-20200702-14:34:26-11980,1000,0,Exercise7.accessRouter[0].ppp[18].ppp.queue,332,369.9216
NO_VOIP_ISDN_rpt03_scenario_01-0-20200702-14:34:26-11980,1000,0,Exercise7.accessRouter[0].ppp[19].ppp.queue,237,369.9216
NO_VOIP_ISDN_rpt03_scenario_01-0-20200702-14:34:26-11980,1000,0,Exercise7.accessRouter[0].ppp[20].ppp.queue,401,369.9216
NO_VOIP_ISDN_rpt03_scenario_01-0-20200702-14:34:26-11980,1000,0,Exercise7.accessRouter[0].ppp[21].ppp.queue,431,369.9216
NO_VOIP_ISDN_rpt03_scenario_01-0-20200702-14:34:26-11980,1000,0,Exercise7.accessRouter[0].ppp[22].ppp.queue,430,369.9216
NO_VOIP_ISDN_rpt03_scenario_01-0-20200702-14:34:26-11980,1000,0,Exercise7.accessRouter[0].ppp[23].ppp.queue,204,369.9216
NO_VOIP_ISDN_rpt03_scenario_01-0-20200702-14:34:26-11980,1000,0,Exercise7.accessRouter[0].ppp[24].ppp.queue,342,369.9216
NO_VOIP_ISDN_rpt03_scenario_01-0-20200702-14:34:26-11980,1000,0,Exercise7.accessRouter[0].ppp[25].ppp.queue,234,369.9216
NO_VOIP_ISDN_rpt03_scenario_01-0-20200702-14:34:26-11980,1000,0,Exercise7.accessRouter[1].ppp[1].ppp.queue,445,369.9216
NO_VOIP_ISDN_rpt03_scenario_01-0-20200702-14:34:26-11980,1000,0,Exercise7.accessRouter[1].ppp[2].ppp.queue,320,369.9216
NO_VOIP_ISDN_rpt03_scenario_01-0-20200702-14:34:26-11980,1000,0,Exercise7.accessRouter[1].ppp[3].ppp.queue,403,369.9216
NO_VOIP_ISDN_rpt03_scenario_01-0-20200702-14:34:26-11980,1000,0,Exercise7.accessRouter[1].ppp[4].ppp.queue,461,369.9216
NO_VOIP_ISDN_rpt03_scenario_01-0-20200702-14:34:26-11980,1000,0,Exercise7.accessRouter[1].ppp[5].ppp.queue,366,369.9216
NO_VOIP_ISDN_rpt03_scenario_01-0-20200702-14:34:26-11980,1000,0,Exercise7.accessRouter[1].ppp[6].ppp.queue,343,369.9216
NO_VOIP_ISDN_rpt03_scenario_01-0-20200702-14:34:26-11980,1000,0,Exercise7.accessRouter[1].ppp[7].ppp.queue,449,369.9216
NO_VOIP_ISDN_rpt03_scenario_01-0-20200702-14:34:26-11980,1000,0,Exercise7.accessRouter[1].ppp[8].ppp.queue,263,369.9216
NO_VOIP_ISDN_rpt03_scenario_01-0-20200702-14:34:26-11980,1000,0,Exercise7.accessRouter[1].ppp[9].ppp.queue,308,369.9216
NO_VOIP_ISDN_rpt03_scenario_01-0-20200702-14:34:26-11980,1000,0,Exercise7.accessRouter[1].ppp[10].ppp.queue,421,369.9216
NO_VOIP_ISDN_rpt03_scenario_01-0-20200702-14:34:26-11980,1000,0,Exercise7.accessRouter[1].ppp[11].ppp.queue,372,369.9216
NO_VOIP_ISDN_rpt03_scenario_01-0-20200702-14:34:26-11980,1000,0,Exercise7.accessRouter[1].ppp[12].ppp.queue,348,369.9216
NO_VOIP_ISDN_rpt03_scenario_01-0-20200702-14:34:26-11980,1000,0,Exercise7.accessRouter[1].ppp[13].ppp.queue,367,369.9216
NO_VOIP_ISDN_rpt03_scenario_01-0-20200702-14:34:26-11980,1000,0,Exercise7.accessRouter[1].ppp[14].ppp.queue,311,369.9216
NO_VOIP_ISDN_rpt03_scenario_01-0-20200702-14:34:26-11980,1000,0,Exercise7.accessRouter[1].ppp[15].ppp.queue,270,369.9216
NO_VOIP_ISDN_rpt03_scenario_01-0-20200702-14:34:26-11980,1000,0,Exercise7.accessRouter[1].ppp[16].ppp.queue,378,369.9216
NO_VOIP_ISDN_rpt03_scenario_01-0-20200702-14:34:26-11980,1000,0,Exercise7.accessRouter[1].ppp[17].ppp.queue,266,369.9216
NO_VOIP_ISDN_rpt03_scenario_01-0-20200702-14:34:26-11980,1000,0,Exercise7.accessRouter[1].ppp[18].ppp.queue,430,369.9216
NO_VOIP_ISDN_rpt03_scenario_01-0-20200702-14:34:26-11980,1000,0,Exercise7.accessRouter[1].ppp[19].ppp.queue,508,369.9216
NO_VOIP_ISDN_rpt03_scenario_01-0-20200702-14:34:26-11980,1000,0,Exercise7.accessRouter[1].ppp[20].ppp.queue,369,369.9216
NO_VOIP_ISDN_rpt03_scenario_01-0-20200702-14:34:26-11980,1000,0,Exercise7.accessRouter[1].ppp[21].ppp.queue,424,369.9216
NO_VOIP_ISDN_rpt03_scenario_01-0-20200702-14:34:26-11980,1000,0,Exercise7.accessRouter[1].ppp[22].ppp.queue,378,369.9216
NO_VOIP_ISDN_rpt03_scenario_01-0-20200702-14:34:26-11980,1000,0,Exercise7.accessRouter[1].ppp[23].ppp.queue,362,369.9216
NO_VOIP_ISDN_rpt03_scenario_01-0-20200702-14:34:26-11980,1000,0,Exercise7.accessRouter[1].ppp[24].ppp.queue,471,369.9216
NO_VOIP_ISDN_rpt03_scenario_01-0-20200702-14:34:26-11980,1000,0,Exercise7.accessRouter[1].ppp[25].ppp.queue,355,369.9216
NO_VOIP_ISDN_rpt03_scenario_01-0-20200702-14:34:26-11980,1000,0,Exercise7.accessRouter[2].ppp[1].ppp.queue,280,369.9216
NO_VOIP_ISDN_rpt03_scenario_01-0-20200702-14:34:26-11980,1000,0,Exercise7.accessRouter[2].ppp[2].ppp.queue,279,369.9216
NO_VOIP_ISDN_rpt03_scenario_01-0-20200702-14:34:26-11980,1000,0,Exercise7.accessRouter[2].ppp[3].ppp.queue,430,369.9216
NO_VOIP_ISDN_rpt03_scenario_01-0-20200702-14:34:26-11980,1000,0,Exercise7.accessRouter[2].ppp[4].ppp.queue,376,369.9216
NO_VOIP_ISDN_rpt03_scenario_01-0-20200702-14:34:26-11980,1000,0,Exercise7.accessRouter[2].ppp[5].ppp.queue,371,369.9216
NO_VOIP_ISDN_rpt03_scenario_01-0-20200702-14:34:26-11980,1000,0,Exercise7.accessRouter[2].ppp[6].ppp.queue,311,369.9216
NO_VOIP_ISDN_rpt03_scenario_01-0-20200702-14:34:26-11980,1000,0,Exercise7.accessRouter[2].ppp[7].ppp.queue,508,369.9216
NO_VOIP_ISDN_rpt03_scenario_01-0-20200702-14:34:26-11980,1000,0,Exercise7.accessRouter[2].ppp[8].ppp.queue,397,369.9216
NO_VOIP_ISDN_rpt03_scenario_01-0-20200702-14:34:26-11980,1000,0,Exercise7.accessRouter[2].ppp[9].ppp.queue,287,369.9216
NO_VOIP_ISDN_rpt03_scenario_01-0-20200702-14:34:26-11980,1000,0,Exercise7.accessRouter[2].ppp[10].ppp.queue,404,369.9216
NO_VOIP_ISDN_rpt03_scenario_01-0-20200702-14:34:26-11980,1000,0,Exercise7.accessRouter[2].ppp[11].ppp.queue,326,369.9216
NO_VOIP_ISDN_rpt03_scenario_01-0-20200702-14:34:26-11980,1000,0,Exercise7.accessRouter[2].ppp[12].ppp.queue,432,369.9216
NO_VOIP_ISDN_rpt03_scenario_01-0-20200702-14:34:26-11980,1000,0,Exercise7.accessRouter[2].ppp[13].ppp.queue,306,369.9216
NO_VOIP_ISDN_rpt03_scenario_01-0-20200702-14:34:26-11980,1000,0,Exercise7.accessRouter[2].ppp[14].ppp.queue,366,369.9216
NO_VOIP_ISDN_rpt03_scenario_01-0-20200702-14:34:26-11980,1000,0,Exercise7.accessRouter[2].ppp[15].ppp.queue,455,369.9216
NO_VOIP_ISDN_rpt03_scenario_01-0-20200702-14:34:26-11980,1000,0,Exercise7.accessRouter[2].ppp[16].ppp.queue,355,369.9216
NO_VOIP_ISDN_rpt03_scenario_01-0-20200702-14:34:26-11980,1000,0,Exercise7.accessRouter[2].ppp[17].ppp.queue,302,369.9216
NO_VOIP_ISDN_rpt03_scenario_01-0-20200702-14:34:26-11980,1000,0,Exercise7.accessRouter[2].ppp[18].ppp.queue,261,369.9216
NO_VOIP_ISDN_rpt03_scenario_01-0-20200702-14:34:26-11980,1000,0,Exercise7.accessRouter[2].ppp[19].ppp.queue,387,369.9216
NO_VOIP_ISDN_rpt03_scenario_01-0-20200702-14:34:26-11980,1000,0,Exercise7.accessRouter[2].ppp[20].ppp.queue,330,369.9216
NO_VOIP_ISDN_rpt03_scenario_01-0-20200702-14:34:26-11980,1000,0,Exercise7.accessRouter[2].ppp[21].ppp.queue,261,369.9216
NO_VOIP_ISDN_rpt03_scenario_01-0-20200702-14:34:26-11980,1000,0,Exercise7.accessRouter[2].ppp[22].ppp.queue,307,369.9216
NO_VOIP_ISDN_rpt03_scenario_01-0-20200702-14:34:26-11980,1000,0,Exercise7.accessRouter[2].ppp[23].ppp.queue,435,369.9216
NO_VOIP_ISDN_rpt03_scenario_01-0-20200702-14:34:26-11980,1000,0,Exercise7.accessRouter[2].ppp[24].ppp.queue,398,369.9216
NO_VOIP_ISDN_rpt03_scenario_01-0-20200702-14:34:26-11980,1000,0,Exercise7.accessRouter[2].ppp[25].ppp.queue,457,369.9216
NO_VOIP_ISDN_rpt03_scenario_01-0-20200702-14:34:26-11980,1000,0,Exercise7.accessRouter[3].ppp[1].ppp.queue,514,369.9216
NO_VOIP_ISDN_rpt03_scenario_01-0-20200702-14:34:26-11980,1000,0,Exercise7.accessRouter[3].ppp[2].ppp.queue,385,369.9216
NO_VOIP_ISDN_rpt03_scenario_01-0-20200702-14:34:26-11980,1000,0,Exercise7.accessRouter[3].ppp[3].ppp.queue,394,369.9216
NO_VOIP_ISDN_rpt03_scenario_01-0-20200702-14:34:26-11980,1000,0,Exercise7.accessRouter[3].ppp[4].ppp.queue,370,369.9216
NO_VOIP_ISDN_rpt03_scenario_01-0-20200702-14:34:26-11980,1000,0,Exercise7.accessRouter[3].ppp[5].ppp.queue,409,369.9216
NO_VOIP_ISDN_rpt03_scenario_01-0-20200702-14:34:26-11980,1000,0,Exercise7.accessRouter[3].ppp[6].ppp.queue,343,369.9216
NO_VOIP_ISDN_rpt03_scenario_01-0-20200702-14:34:26-11980,1000,0,Exercise7.accessRouter[3].ppp[7].ppp.queue,475,369.9216
NO_VOIP_ISDN_rpt03_scenario_01-0-20200702-14:34:26-11980,1000,0,Exercise7.accessRouter[3].ppp[8].ppp.queue,411,369.9216
NO_VOIP_ISDN_rpt03_scenario_01-0-20200702-14:34:26-11980,1000,0,Exercise7.accessRouter[3].ppp[9].ppp.queue,396,369.9216
NO_VOIP_ISDN_rpt03_scenario_01-0-20200702-14:34:26-11980,1000,0,Exercise7.accessRouter[3].ppp[10].ppp.queue,390,369.9216
NO_VOIP_ISDN_rpt03_scenario_01-0-20200702-14:34:26-11980,1000,0,Exercise7.accessRouter[3].ppp[11].ppp.queue,443,369.9216
NO_VOIP_ISDN_rpt03_scenario_01-0-20200702-14:34:26-11980,1000,0,Exercise7.accessRouter[3].ppp[12].ppp.queue,419,369.9216
NO_VOIP_ISDN_rpt03_scenario_01-0-20200702-14:34:26-11980,1000,0,Exercise7.accessRouter[3].ppp[13].ppp.queue,307,369.9216
NO_VOIP_ISDN_rpt03_scenario_01-0-20200702-14:34:26-11980,1000,0,Exercise7.accessRouter[3].ppp[14].ppp.queue,374,369.9216
NO_VOIP_ISDN_rpt03_scenario_01-0-20200702-14:34:26-11980,1000,0,Exercise7.accessRouter[3].ppp[15].ppp.queue,282,369.9216
NO_VOIP_ISDN_rpt03_scenario_01-0-20200702-14:34:26-11980,1000,0,Exercise7.accessRouter[3].ppp[16].ppp.queue,299,369.9216
NO_VOIP_ISDN_rpt03_scenario_01-0-20200702-14:34:26-11980,1000,0,Exercise7.accessRouter[3].ppp[17].ppp.queue,365,369.9216
NO_VOIP_ISDN_rpt03_scenario_01-0-20200702-14:34:26-11980,1000,0,Exercise7.accessRouter[3].ppp[18].ppp.queue,342,369.9216
NO_VOIP_ISDN_rpt03_scenario_01-0-20200702-14:34:26-11980,1000,0,Exercise7.accessRouter[3].ppp[19].ppp.queue,482,369.9216
NO_VOIP_ISDN_rpt03_scenario_01-0-20200702-14:34:26-11980,1000,0,Exercise7.accessRouter[3].ppp[20].ppp.queue,386,369.9216
NO_VOIP_ISDN_rpt03_scenario_01-0-20200702-14:34:26-11980,1000,0,Exercise7.accessRouter[3].ppp[21].ppp.queue,444,369.9216
NO_VOIP_ISDN_rpt03_scenario_01-0-20200702-14:34:26-11980,1000,0,Exercise7.accessRouter[3].ppp[22].ppp.queue,441,369.9216
NO_VOIP_ISDN_rpt03_scenario_01-0-20200702-14:34:26-11980,1000,0,Exercise7.accessRouter[3].ppp[23].ppp.queue,427,369.9216
NO_VOIP_ISDN_rpt03_scenario_01-0-20200702-14:34:26-11980,1000,0,Exercise7.accessRouter[3].ppp[24].ppp.queue,435,369.9216
NO_VOIP_ISDN_rpt03_scenario_01-0-20200702-14:34:26-11980,1000,0,Exercise7.accessRouter[3].ppp[25].ppp.queue,433,369.9216
NO_VOIP_ISDN_rpt03_scenario_01-0-20200702-14:34:26-11980,1000,0,Exercise7.accessRouter[4].ppp[1].ppp.queue,431,369.9216
NO_VOIP_ISDN_rpt03_scenario_01-0-20200702-14:34:26-11980,1000,0,Exercise7.accessRouter[4].ppp[2].ppp.queue,403,369.9216
NO_VOIP_ISDN_rpt03_scenario_01-0-20200702-14:34:26-11980,1000,0,Exercise7.accessRouter[4].ppp[3].ppp.queue,452,369.9216
NO_VOIP_ISDN_rpt03_scenario_01-0-20200702-14:34:26-11980,1000,0,Exercise7.accessRouter[4].ppp[4].ppp.queue,429,369.9216
NO_VOIP_ISDN_rpt03_scenario_01-0-20200702-14:34:26-11980,1000,0,Exercise7.accessRouter[4].ppp[5].ppp.queue,426,369.9216
NO_VOIP_ISDN_rpt03_scenario_01-0-20200702-14:34:26-11980,1000,0,Exercise7.accessRouter[4].ppp[6].ppp.queue,208,369.9216
NO_VOIP_ISDN_rpt03_scenario_01-0-20200702-14:34:26-11980,1000,0,Exercise7.accessRouter[4].ppp[7].ppp.queue,391,369.9216
NO_VOIP_ISDN_rpt03_scenario_01-0-20200702-14:34:26-11980,1000,0,Exercise7.accessRouter[4].ppp[8].ppp.queue,555,369.9216
NO_VOIP_ISDN_rpt03_scenario_01-0-20200702-14:34:26-11980,1000,0,Exercise7.accessRouter[4].ppp[9].ppp.queue,330,369.9216
NO_VOIP_ISDN_rpt03_scenario_01-0-20200702-14:34:26-11980,1000,0,Exercise7.accessRouter[4].ppp[10].ppp.queue,204,369.9216
NO_VOIP_ISDN_rpt03_scenario_01-0-20200702-14:34:26-11980,1000,0,Exercise7.accessRouter[4].ppp[11].ppp.queue,457,369.9216
NO_VOIP_ISDN_rpt03_scenario_01-0-20200702-14:34:26-11980,1000,0,Exercise7.accessRouter[4].ppp[12].ppp.queue,380,369.9216
NO_VOIP_ISDN_rpt03_scenario_01-0-20200702-14:34:26-11980,1000,0,Exercise7.accessRouter[4].ppp[13].ppp.queue,442,369.9216
NO_VOIP_ISDN_rpt03_scenario_01-0-20200702-14:34:26-11980,1000,0,Exercise7.accessRouter[4].ppp[14].ppp.queue,383,369.9216
NO_VOIP_ISDN_rpt03_scenario_01-0-20200702-14:34:26-11980,1000,0,Exercise7.accessRouter[4].ppp[15].ppp.queue,333,369.9216
NO_VOIP_ISDN_rpt03_scenario_01-0-20200702-14:34:26-11980,1000,0,Exercise7.accessRouter[4].ppp[16].ppp.queue,377,369.9216
NO_VOIP_ISDN_rpt03_scenario_01-0-20200702-14:34:26-11980,1000,0,Exercise7.accessRouter[4].ppp[17].ppp.queue,511,369.9216
NO_VOIP_ISDN_rpt03_scenario_01-0-20200702-14:34:26-11980,1000,0,Exercise7.accessRouter[4].ppp[18].ppp.queue,380,369.9216
NO_VOIP_ISDN_rpt03_scenario_01-0-20200702-14:34:26-11980,1000,0,Exercise7.accessRouter[4].ppp[19].ppp.queue,459,369.9216
NO_VOIP_ISDN_rpt03_scenario_01-0-20200702-14:34:26-11980,1000,0,Exercise7.accessRouter[4].ppp[20].ppp.queue,412,369.9216
NO_VOIP_ISDN_rpt03_scenario_01-0-20200702-14:34:26-11980,1000,0,Exercise7.accessRouter[4].ppp[21].ppp.queue,431,369.9216
NO_VOIP_ISDN_rpt03_scenario_01-0-20200702-14:34:26-11980,1000,0,Exercise7.accessRouter[4].ppp[22].ppp.queue,268,369.9216
NO_VOIP_ISDN_rpt03_scenario_01-0-20200702-14:34:26-11980,1000,0,Exercise7.accessRouter[4].ppp[23].ppp.queue,340,369.9216
NO_VOIP_ISDN_rpt03_scenario_01-0-20200702-14:34:26-11980,1000,0,Exercise7.accessRouter[4].ppp[24].ppp.queue,305,369.9216
NO_VOIP_ISDN_rpt03_scenario_01-0-20200702-14:34:26-11980,1000,0,Exercise7.accessRouter[4].ppp[25].ppp.queue,350,369.9216
NO_VOIP_ISDN_rpt03_scenario_01-0-20200702-14:34:26-11980,1000,0,Exercise7.accessRouter[5].ppp[1].ppp.queue,447,369.9216
NO_VOIP_ISDN_rpt03_scenario_01-0-20200702-14:34:26-11980,1000,0,Exercise7.accessRouter[5].ppp[2].ppp.queue,289,369.9216
NO_VOIP_ISDN_rpt03_scenario_01-0-20200702-14:34:26-11980,1000,0,Exercise7.accessRouter[5].ppp[3].ppp.queue,350,369.9216
NO_VOIP_ISDN_rpt03_scenario_01-0-20200702-14:34:26-11980,1000,0,Exercise7.accessRouter[5].ppp[4].ppp.queue,447,369.9216
NO_VOIP_ISDN_rpt03_scenario_01-0-20200702-14:34:26-11980,1000,0,Exercise7.accessRouter[5].ppp[5].ppp.queue,460,369.9216
NO_VOIP_ISDN_rpt03_scenario_01-0-20200702-14:34:26-11980,1000,0,Exercise7.accessRouter[5].ppp[6].ppp.queue,268,369.9216
NO_VOIP_ISDN_rpt03_scenario_01-0-20200702-14:34:26-11980,1000,0,Exercise7.accessRouter[5].ppp[7].ppp.queue,482,369.9216
NO_VOIP_ISDN_rpt03_scenario_01-0-20200702-14:34:26-11980,1000,0,Exercise7.accessRouter[5].ppp[8].ppp.queue,417,369.9216
NO_VOIP_ISDN_rpt03_scenario_01-0-20200702-14:34:26-11980,1000,0,Exercise7.accessRouter[5].ppp[9].ppp.queue,291,369.9216
NO_VOIP_ISDN_rpt03_scenario_01-0-20200702-14:34:26-11980,1000,0,Exercise7.accessRouter[5].ppp[10].ppp.queue,283,369.9216
NO_VOIP_ISDN_rpt03_scenario_01-0-20200702-14:34:26-11980,1000,0,Exercise7.accessRouter[5].ppp[11].ppp.queue,429,369.9216
NO_VOIP_ISDN_rpt03_scenario_01-0-20200702-14:34:26-11980,1000,0,Exercise7.accessRouter[5].ppp[12].ppp.queue,412,369.9216
NO_VOIP_ISDN_rpt03_scenario_01-0-20200702-14:34:26-11980,1000,0,Exercise7.accessRouter[5].ppp[13].ppp.queue,449,369.9216
NO_VOIP_ISDN_rpt03_scenario_01-0-20200702-14:34:26-11980,1000,0,Exercise7.accessRouter[5].ppp[14].ppp.queue,412,369.9216
NO_VOIP_ISDN_rpt03_scenario_01-0-20200702-14:34:26-11980,1000,0,Exercise7.accessRouter[5].ppp[15].ppp.queue,365,369.9216
NO_VOIP_ISDN_rpt03_scenario_01-0-20200702-14:34:26-11980,1000,0,Exercise7.accessRouter[5].ppp[16].ppp.queue,305,369.9216
NO_VOIP_ISDN_rpt03_scenario_01-0-20200702-14:34:26-11980,1000,0,Exercise7.accessRouter[5].ppp[17].ppp.queue,452,369.9216
NO_VOIP_ISDN_rpt03_scenario_01-0-20200702-14:34:26-11980,1000,0,Exercise7.accessRouter[5].ppp[18].ppp.queue,338,369.9216
NO_VOIP_ISDN_rpt03_scenario_01-0-20200702-14:34:26-11980,1000,0,Exercise7.accessRouter[5].ppp[19].ppp.queue,277,369.9216
NO_VOIP_ISDN_rpt03_scenario_01-0-20200702-14:34:26-11980,1000,0,Exercise7.accessRouter[5].ppp[20].ppp.queue,352,369.9216
NO_VOIP_ISDN_rpt03_scenario_01-0-20200702-14:34:26-11980,1000,0,Exercise7.accessRouter[5].ppp[21].ppp.queue,324,369.9216
NO_VOIP_ISDN_rpt03_scenario_01-0-20200702-14:34:26-11980,1000,0,Exercise7.accessRouter[5].ppp[22].ppp.queue,519,369.9216
NO_VOIP_ISDN_rpt03_scenario_01-0-20200702-14:34:26-11980,1000,0,Exercise7.accessRouter[5].ppp[23].ppp.queue,283,369.9216
NO_VOIP_ISDN_rpt03_scenario_01-0-20200702-14:34:26-11980,1000,0,Exercise7.accessRouter[5].ppp[24].ppp.queue,476,369.9216
NO_VOIP_ISDN_rpt03_scenario_01-0-20200702-14:34:26-11980,1000,0,Exercise7.accessRouter[5].ppp[25].ppp.queue,265,369.9216
NO_VOIP_ISDN_rpt03_scenario_01-0-20200702-14:34:26-11980,1000,0,Exercise7.accessRouter[6].ppp[1].ppp.queue,516,369.9216
NO_VOIP_ISDN_rpt03_scenario_01-0-20200702-14:34:26-11980,1000,0,Exercise7.accessRouter[6].ppp[2].ppp.queue,307,369.9216
NO_VOIP_ISDN_rpt03_scenario_01-0-20200702-14:34:26-11980,1000,0,Exercise7.accessRouter[6].ppp[3].ppp.queue,491,369.9216
NO_VOIP_ISDN_rpt03_scenario_01-0-20200702-14:34:26-11980,1000,0,Exercise7.accessRouter[6].ppp[4].ppp.queue,342,369.9216
NO_VOIP_ISDN_rpt03_scenario_01-0-20200702-14:34:26-11980,1000,0,Exercise7.accessRouter[6].ppp[5].ppp.queue,292,369.9216
NO_VOIP_ISDN_rpt03_scenario_01-0-20200702-14:34:26-11980,1000,0,Exercise7.accessRouter[6].ppp[6].ppp.queue,439,369.9216
NO_VOIP_ISDN_rpt03_scenario_01-0-20200702-14:34:26-11980,1000,0,Exercise7.accessRouter[6].ppp[7].ppp.queue,255,369.9216
NO_VOIP_ISDN_rpt03_scenario_01-0-20200702-14:34:26-11980,1000,0,Exercise7.accessRouter[6].ppp[8].ppp.queue,527,369.9216
NO_VOIP_ISDN_rpt03_scenario_01-0-20200702-14:34:26-11980,1000,0,Exercise7.accessRouter[6].ppp[9].ppp.queue,261,369.9216
NO_VOIP_ISDN_rpt03_scenario_01-0-20200702-14:34:26-11980,1000,0,Exercise7.accessRouter[6].ppp[10].ppp.queue,238,369.9216
NO_VOIP_ISDN_rpt03_scenario_01-0-20200702-14:34:26-11980,1000,0,Exercise7.accessRouter[6].ppp[11].ppp.queue,498,369.9216
NO_VOIP_ISDN_rpt03_scenario_01-0-20200702-14:34:26-11980,1000,0,Exercise7.accessRouter[6].ppp[12].ppp.queue,364,369.9216
NO_VOIP_ISDN_rpt03_scenario_01-0-20200702-14:34:26-11980,1000,0,Exercise7.accessRouter[6].ppp[13].ppp.queue,490,369.9216
NO_VOIP_ISDN_rpt03_scenario_01-0-20200702-14:34:26-11980,1000,0,Exercise7.accessRouter[6].ppp[14].ppp.queue,373,369.9216
NO_VOIP_ISDN_rpt03_scenario_01-0-20200702-14:34:26-11980,1000,0,Exercise7.accessRouter[6].ppp[15].ppp.queue,331,369.9216
NO_VOIP_ISDN_rpt03_scenario_01-0-20200702-14:34:26-11980,1000,0,Exercise7.accessRouter[6].ppp[16].ppp.queue,203,369.9216
NO_VOIP_ISDN_rpt03_scenario_01-0-20200702-14:34:26-11980,1000,0,Exercise7.accessRouter[6].ppp[17].ppp.queue,450,369.9216
NO_VOIP_ISDN_rpt03_scenario_01-0-20200702-14:34:26-11980,1000,0,Exercise7.accessRouter[6].ppp[18].ppp.queue,444,369.9216
NO_VOIP_ISDN_rpt03_scenario_01-0-20200702-14:34:26-11980,1000,0,Exercise7.accessRouter[6].ppp[19].ppp.queue,351,369.9216
NO_VOIP_ISDN_rpt03_scenario_01-0-20200702-14:34:26-11980,1000,0,Exercise7.accessRouter[6].ppp[20].ppp.queue,235,369.9216
NO_VOIP_ISDN_rpt03_scenario_01-0-20200702-14:34:26-11980,1000,0,Exercise7.accessRouter[6].ppp[21].ppp.queue,401,369.9216
NO_VOIP_ISDN_rpt03_scenario_01-0-20200702-14:34:26-11980,1000,0,Exercise7.accessRouter[6].ppp[22].ppp.queue,505,369.9216
NO_VOIP_ISDN_rpt03_scenario_01-0-20200702-14:34:26-11980,1000,0,Exercise7.accessRouter[6].ppp[23].ppp.queue,308,369.9216
NO_VOIP_ISDN_rpt03_scenario_01-0-20200702-14:34:26-11980,1000,0,Exercise7.accessRouter[6].ppp[24].ppp.queue,401,369.9216
NO_VOIP_ISDN_rpt03_scenario_01-0-20200702-14:34:26-11980,1000,0,Exercise7.accessRouter[6].ppp[25].ppp.queue,442,369.9216
NO_VOIP_ISDN_rpt03_scenario_01-0-20200702-14:34:26-11980,1000,0,Exercise7.accessRouter[7].ppp[1].ppp.queue,389,369.9216
NO_VOIP_ISDN_rpt03_scenario_01-0-20200702-14:34:26-11980,1000,0,Exercise7.accessRouter[7].ppp[2].ppp.queue,389,369.9216
NO_VOIP_ISDN_rpt03_scenario_01-0-20200702-14:34:26-11980,1000,0,Exercise7.accessRouter[7].ppp[3].ppp.queue,251,369.9216
NO_VOIP_ISDN_rpt03_scenario_01-0-20200702-14:34:26-11980,1000,0,Exercise7.accessRouter[7].ppp[4].ppp.queue,483,369.9216
NO_VOIP_ISDN_rpt03_scenario_01-0-20200702-14:34:26-11980,1000,0,Exercise7.accessRouter[7].ppp[5].ppp.queue,411,369.9216
NO_VOIP_ISDN_rpt03_scenario_01-0-20200702-14:34:26-11980,1000,0,Exercise7.accessRouter[7].ppp[6].ppp.queue,308,369.9216
NO_VOIP_ISDN_rpt03_scenario_01-0-20200702-14:34:26-11980,1000,0,Exercise7.accessRouter[7].ppp[7].ppp.queue,449,369.9216
NO_VOIP_ISDN_rpt03_scenario_01-0-20200702-14:34:26-11980,1000,0,Exercise7.accessRouter[7].ppp[8].ppp.queue,415,369.9216
NO_VOIP_ISDN_rpt03_scenario_01-0-20200702-14:34:26-11980,1000,0,Exercise7.accessRouter[7].ppp[9].ppp.queue,279,369.9216
NO_VOIP_ISDN_rpt03_scenario_01-0-20200702-14:34:26-11980,1000,0,Exercise7.accessRouter[7].ppp[10].ppp.queue,415,369.9216
NO_VOIP_ISDN_rpt03_scenario_01-0-20200702-14:34:26-11980,1000,0,Exercise7.accessRouter[7].ppp[11].ppp.queue,335,369.9216
NO_VOIP_ISDN_rpt03_scenario_01-0-20200702-14:34:26-11980,1000,0,Exercise7.accessRouter[7].ppp[12].ppp.queue,392,369.9216
NO_VOIP_ISDN_rpt03_scenario_01-0-20200702-14:34:26-11980,1000,0,Exercise7.accessRouter[7].ppp[13].ppp.queue,388,369.9216
NO_VOIP_ISDN_rpt03_scenario_01-0-20200702-14:34:26-11980,1000,0,Exercise7.accessRouter[7].ppp[14].ppp.queue,383,369.9216
NO_VOIP_ISDN_rpt03_scenario_01-0-20200702-14:34:26-11980,1000,0,Exercise7.accessRouter[7].ppp[15].ppp.queue,398,369.9216
NO_VOIP_ISDN_rpt03_scenario_01-0-20200702-14:34:26-11980,1000,0,Exercise7.accessRouter[7].ppp[16].ppp.queue,455,369.9216
NO_VOIP_ISDN_rpt03_scenario_01-0-20200702-14:34:26-11980,1000,0,Exercise7.accessRouter[7].ppp[17].ppp.queue,268,369.9216
NO_VOIP_ISDN_rpt03_scenario_01-0-20200702-14:34:26-11980,1000,0,Exercise7.accessRouter[7].ppp[18].ppp.queue,309,369.9216
NO_VOIP_ISDN_rpt03_scenario_01-0-20200702-14:34:26-11980,1000,0,Exercise7.accessRouter[7].ppp[19].ppp.queue,476,369.9216
NO_VOIP_ISDN_rpt03_scenario_01-0-20200702-14:34:26-11980,1000,0,Exercise7.accessRouter[7].ppp[20].ppp.queue,382,369.9216
NO_VOIP_ISDN_rpt03_scenario_01-0-20200702-14:34:26-11980,1000,0,Exercise7.accessRouter[7].ppp[21].ppp.queue,388,369.9216
NO_VOIP_ISDN_rpt03_scenario_01-0-20200702-14:34:26-11980,1000,0,Exercise7.accessRouter[7].ppp[22].ppp.queue,329,369.9216
NO_VOIP_ISDN_rpt03_scenario_01-0-20200702-14:34:26-11980,1000,0,Exercise7.accessRouter[7].ppp[23].ppp.queue,345,369.9216
NO_VOIP_ISDN_rpt03_scenario_01-0-20200702-14:34:26-11980,1000,0,Exercise7.accessRouter[7].ppp[24].ppp.queue,310,369.9216
NO_VOIP_ISDN_rpt03_scenario_01-0-20200702-14:34:26-11980,1000,0,Exercise7.accessRouter[7].ppp[25].ppp.queue,317,369.9216
NO_VOIP_ISDN_rpt03_scenario_01-0-20200702-14:34:26-11980,1000,0,Exercise7.accessRouter[8].ppp[1].ppp.queue,399,369.9216
NO_VOIP_ISDN_rpt03_scenario_01-0-20200702-14:34:26-11980,1000,0,Exercise7.accessRouter[8].ppp[2].ppp.queue,413,369.9216
NO_VOIP_ISDN_rpt03_scenario_01-0-20200702-14:34:26-11980,1000,0,Exercise7.accessRouter[8].ppp[3].ppp.queue,399,369.9216
NO_VOIP_ISDN_rpt03_scenario_01-0-20200702-14:34:26-11980,1000,0,Exercise7.accessRouter[8].ppp[4].ppp.queue,377,369.9216
NO_VOIP_ISDN_rpt03_scenario_01-0-20200702-14:34:26-11980,1000,0,Exercise7.accessRouter[8].ppp[5].ppp.queue,365,369.9216
NO_VOIP_ISDN_rpt03_scenario_01-0-20200702-14:34:26-11980,1000,0,Exercise7.accessRouter[8].ppp[6].ppp.queue,306,369.9216
NO_VOIP_ISDN_rpt03_scenario_01-0-20200702-14:34:26-11980,1000,0,Exercise7.accessRouter[8].ppp[7].ppp.queue,346,369.9216
NO_VOIP_ISDN_rpt03_scenario_01-0-20200702-14:34:26-11980,1000,0,Exercise7.accessRouter[8].ppp[8].ppp.queue,262,369.9216
NO_VOIP_ISDN_rpt03_scenario_01-0-20200702-14:34:26-11980,1000,0,Exercise7.accessRouter[8].ppp[9].ppp.queue,349,369.9216
NO_VOIP_ISDN_rpt03_scenario_01-0-20200702-14:34:26-11980,1000,0,Exercise7.accessRouter[8].ppp[10].ppp.queue,201,369.9216
NO_VOIP_ISDN_rpt03_scenario_01-0-20200702-14:34:26-11980,1000,0,Exercise7.accessRouter[8].ppp[11].ppp.queue,529,369.9216
NO_VOIP_ISDN_rpt03_scenario_01-0-20200702-14:34:26-11980,1000,0,Exercise7.accessRouter[8].ppp[12].ppp.queue,387,369.9216
NO_VOIP_ISDN_rpt03_scenario_01-0-20200702-14:34:26-11980,1000,0,Exercise7.accessRouter[8].ppp[13].ppp.queue,352,369.9216
NO_VOIP_ISDN_rpt03_scenario_01-0-20200702-14:34:26-11980,1000,0,Exercise7.accessRouter[8].ppp[14].ppp.queue,319,369.9216
NO_VOIP_ISDN_rpt03_scenario_01-0-20200702-14:34:26-11980,1000,0,Exercise7.accessRouter[8].ppp[15].ppp.queue,333,369.9216
NO_VOIP_ISDN_rpt03_scenario_01-0-20200702-14:34:26-11980,1000,0,Exercise7.accessRouter[8].ppp[16].ppp.queue,378,369.9216
NO_VOIP_ISDN_rpt03_scenario_01-0-20200702-14:34:26-11980,1000,0,Exercise7.accessRouter[8].ppp[17].ppp.queue,296,369.9216
NO_VOIP_ISDN_rpt03_scenario_01-0-20200702-14:34:26-11980,1000,0,Exercise7.accessRouter[8].ppp[18].ppp.queue,321,369.9216
NO_VOIP_ISDN_rpt03_scenario_01-0-20200702-14:34:26-11980,1000,0,Exercise7.accessRouter[8].ppp[19].ppp.queue,507,369.9216
NO_VOIP_ISDN_rpt03_scenario_01-0-20200702-14:34:26-11980,1000,0,Exercise7.accessRouter[8].ppp[20].ppp.queue,416,369.9216
NO_VOIP_ISDN_rpt03_scenario_01-0-20200702-14:34:26-11980,1000,0,Exercise7.accessRouter[8].ppp[21].ppp.queue,263,369.9216
NO_VOIP_ISDN_rpt03_scenario_01-0-20200702-14:34:26-11980,1000,0,Exercise7.accessRouter[8].ppp[22].ppp.queue,436,369.9216
NO_VOIP_ISDN_rpt03_scenario_01-0-20200702-14:34:26-11980,1000,0,Exercise7.accessRouter[8].ppp[23].ppp.queue,410,369.9216
NO_VOIP_ISDN_rpt03_scenario_01-0-20200702-14:34:26-11980,1000,0,Exercise7.accessRouter[8].ppp[24].ppp.queue,311,369.9216
NO_VOIP_ISDN_rpt03_scenario_01-0-20200702-14:34:26-11980,1000,0,Exercise7.accessRouter[8].ppp[25].ppp.queue,464,369.9216
NO_VOIP_ISDN_rpt03_scenario_01-0-20200702-14:34:26-11980,1000,0,Exercise7.accessRouter[9].ppp[1].ppp.queue,376,369.9216
NO_VOIP_ISDN_rpt03_scenario_01-0-20200702-14:34:26-11980,1000,0,Exercise7.accessRouter[9].ppp[2].ppp.queue,426,369.9216
NO_VOIP_ISDN_rpt03_scenario_01-0-20200702-14:34:26-11980,1000,0,Exercise7.accessRouter[9].ppp[3].ppp.queue,226,369.9216
NO_VOIP_ISDN_rpt03_scenario_01-0-20200702-14:34:26-11980,1000,0,Exercise7.accessRouter[9].ppp[4].ppp.queue,318,369.9216
NO_VOIP_ISDN_rpt03_scenario_01-0-20200702-14:34:26-11980,1000,0,Exercise7.accessRouter[9].ppp[5].ppp.queue,506,369.9216
NO_VOIP_ISDN_rpt03_scenario_01-0-20200702-14:34:26-11980,1000,0,Exercise7.accessRouter[9].ppp[6].ppp.queue,480,369.9216
NO_VOIP_ISDN_rpt03_scenario_01-0-20200702-14:34:26-11980,1000,0,Exercise7.accessRouter[9].ppp[7].ppp.queue,406,369.9216
NO_VOIP_ISDN_rpt03_scenario_01-0-20200702-14:34:26-11980,1000,0,Exercise7.accessRouter[9].ppp[8].ppp.queue,440,369.9216
NO_VOIP_ISDN_rpt03_scenario_01-0-20200702-14:34:26-11980,1000,0,Exercise7.accessRouter[9].ppp[9].ppp.queue,536,369.9216
NO_VOIP_ISDN_rpt03_scenario_01-0-20200702-14:34:26-11980,1000,0,Exercise7.accessRouter[9].ppp[10].ppp.queue,359,369.9216
NO_VOIP_ISDN_rpt03_scenario_01-0-20200702-14:34:26-11980,1000,0,Exercise7.accessRouter[9].ppp[11].ppp.queue,342,369.9216
NO_VOIP_ISDN_rpt03_scenario_01-0-20200702-14:34:26-11980,1000,0,Exercise7.accessRouter[9].ppp[12].ppp.queue,402,369.9216
NO_VOIP_ISDN_rpt03_scenario_01-0-20200702-14:34:26-11980,1000,0,Exercise7.accessRouter[9].ppp[13].ppp.queue,457,369.9216
NO_VOIP_ISDN_rpt03_scenario_01-0-20200702-14:34:26-11980,1000,0,Exercise7.accessRouter[9].ppp[14].ppp.queue,487,369.9216
NO_VOIP_ISDN_rpt03_scenario_01-0-20200702-14:34:26-11980,1000,0,Exercise7.accessRouter[9].ppp[15].ppp.queue,457,369.9216
NO_VOIP_ISDN_rpt03_scenario_01-0-20200702-14:34:26-11980,1000,0,Exercise7.accessRouter[9].ppp[16].ppp.queue,374,369.9216
NO_VOIP_ISDN_rpt03_scenario_01-0-20200702-14:34:26-11980,1000,0,Exercise7.accessRouter[9].ppp[17].ppp.queue,345,369.9216
NO_VOIP_ISDN_rpt03_scenario_01-0-20200702-14:34:26-11980,1000,0,Exercise7.accessRouter[9].ppp[18].ppp.queue,338,369.9216
NO_VOIP_ISDN_rpt03_scenario_01-0-20200702-14:34:26-11980,1000,0,Exercise7.accessRouter[9].ppp[19].ppp.queue,361,369.9216
NO_VOIP_ISDN_rpt03_scenario_01-0-20200702-14:34:26-11980,1000,0,Exercise7.accessRouter[9].ppp[20].ppp.queue,152,369.9216
NO_VOIP_ISDN_rpt03_scenario_01-0-20200702-14:34:26-11980,1000,0,Exercise7.accessRouter[9].ppp[21].ppp.queue,561,369.9216
NO_VOIP_ISDN_rpt03_scenario_01-0-20200702-14:34:26-11980,1000,0,Exercise7.accessRouter[9].ppp[22].ppp.queue,574,369.9216
NO_VOIP_ISDN_rpt03_scenario_01-0-20200702-14:34:26-11980,1000,0,Exercise7.accessRouter[9].ppp[23].ppp.queue,375,369.9216
NO_VOIP_ISDN_rpt03_scenario_01-0-20200702-14:34:26-11980,1000,0,Exercise7.accessRouter[9].ppp[24].ppp.queue,408,369.9216
NO_VOIP_ISDN_rpt03_scenario_01-0-20200702-14:34:26-11980,1000,0,Exercise7.accessRouter[9].ppp[25].ppp.queue,410,369.9216
NO_VOIP_ISDN_rpt03_scenario_01-0-20200702-14:34:26-11980,1000,0,Exercise7.accessRouter[10].ppp[1].ppp.queue,399,369.9216
NO_VOIP_ISDN_rpt03_scenario_01-0-20200702-14:34:26-11980,1000,0,Exercise7.accessRouter[10].ppp[2].ppp.queue,308,369.9216
NO_VOIP_ISDN_rpt03_scenario_01-0-20200702-14:34:26-11980,1000,0,Exercise7.accessRouter[10].ppp[3].ppp.queue,341,369.9216
NO_VOIP_ISDN_rpt03_scenario_01-0-20200702-14:34:26-11980,1000,0,Exercise7.accessRouter[10].ppp[4].ppp.queue,443,369.9216
NO_VOIP_ISDN_rpt03_scenario_01-0-20200702-14:34:26-11980,1000,0,Exercise7.accessRouter[10].ppp[5].ppp.queue,365,369.9216
NO_VOIP_ISDN_rpt03_scenario_01-0-20200702-14:34:26-11980,1000,0,Exercise7.accessRouter[10].ppp[6].ppp.queue,260,369.9216
NO_VOIP_ISDN_rpt03_scenario_01-0-20200702-14:34:26-11980,1000,0,Exercise7.accessRouter[10].ppp[7].ppp.queue,391,369.9216
NO_VOIP_ISDN_rpt03_scenario_01-0-20200702-14:34:26-11980,1000,0,Exercise7.accessRouter[10].ppp[8].ppp.queue,304,369.9216
NO_VOIP_ISDN_rpt03_scenario_01-0-20200702-14:34:26-11980,1000,0,Exercise7.accessRouter[10].ppp[9].ppp.queue,442,369.9216
NO_VOIP_ISDN_rpt03_scenario_01-0-20200702-14:34:26-11980,1000,0,Exercise7.accessRouter[10].ppp[10].ppp.queue,330,369.9216
NO_VOIP_ISDN_rpt03_scenario_01-0-20200702-14:34:26-11980,1000,0,Exercise7.accessRouter[10].ppp[11].ppp.queue,163,369.9216
NO_VOIP_ISDN_rpt03_scenario_01-0-20200702-14:34:26-11980,1000,0,Exercise7.accessRouter[10].ppp[12].ppp.queue,264,369.9216
NO_VOIP_ISDN_rpt03_scenario_01-0-20200702-14:34:26-11980,1000,0,Exercise7.accessRouter[10].ppp[13].ppp.queue,333,369.9216
NO_VOIP_ISDN_rpt03_scenario_01-0-20200702-14:34:26-11980,1000,0,Exercise7.accessRouter[10].ppp[14].ppp.queue,308,369.9216
NO_VOIP_ISDN_rpt03_scenario_01-0-20200702-14:34:26-11980,1000,0,Exercise7.accessRouter[10].ppp[15].ppp.queue,459,369.9216
NO_VOIP_ISDN_rpt03_scenario_01-0-20200702-14:34:26-11980,1000,0,Exercise7.accessRouter[10].ppp[16].ppp.queue,264,369.9216
NO_VOIP_ISDN_rpt03_scenario_01-0-20200702-14:34:26-11980,1000,0,Exercise7.accessRouter[10].ppp[17].ppp.queue,413,369.9216
NO_VOIP_ISDN_rpt03_scenario_01-0-20200702-14:34:26-11980,1000,0,Exercise7.accessRouter[10].ppp[18].ppp.queue,506,369.9216
NO_VOIP_ISDN_rpt03_scenario_01-0-20200702-14:34:26-11980,1000,0,Exercise7.accessRouter[10].ppp[19].ppp.queue,369,369.9216
NO_VOIP_ISDN_rpt03_scenario_01-0-20200702-14:34:26-11980,1000,0,Exercise7.accessRouter[10].ppp[20].ppp.queue,474,369.9216
NO_VOIP_ISDN_rpt03_scenario_01-0-20200702-14:34:26-11980,1000,0,Exercise7.accessRouter[10].ppp[21].ppp.queue,119,369.9216
NO_VOIP_ISDN_rpt03_scenario_01-0-20200702-14:34:26-11980,1000,0,Exercise7.accessRouter[10].ppp[22].ppp.queue,270,369.9216
NO_VOIP_ISDN_rpt03_scenario_01-0-20200702-14:34:26-11980,1000,0,Exercise7.accessRouter[10].ppp[23].ppp.queue,275,369.9216
NO_VOIP_ISDN_rpt03_scenario_01-0-20200702-14:34:26-11980,1000,0,Exercise7.accessRouter[10].ppp[24].ppp.queue,329,369.9216
NO_VOIP_ISDN_rpt03_scenario_01-0-20200702-14:34:26-11980,1000,0,Exercise7.accessRouter[10].ppp[25].ppp.queue,258,369.9216
NO_VOIP_ISDN_rpt03_scenario_01-0-20200702-14:34:26-11980,1000,0,Exercise7.accessRouter[11].ppp[1].ppp.queue,285,369.9216
NO_VOIP_ISDN_rpt03_scenario_01-0-20200702-14:34:26-11980,1000,0,Exercise7.accessRouter[11].ppp[2].ppp.queue,276,369.9216
NO_VOIP_ISDN_rpt03_scenario_01-0-20200702-14:34:26-11980,1000,0,Exercise7.accessRouter[11].ppp[3].ppp.queue,300,369.9216
NO_VOIP_ISDN_rpt03_scenario_01-0-20200702-14:34:26-11980,1000,0,Exercise7.accessRouter[11].ppp[4].ppp.queue,364,369.9216
NO_VOIP_ISDN_rpt03_scenario_01-0-20200702-14:34:26-11980,1000,0,Exercise7.accessRouter[11].ppp[5].ppp.queue,403,369.9216
NO_VOIP_ISDN_rpt03_scenario_01-0-20200702-14:34:26-11980,1000,0,Exercise7.accessRouter[11].ppp[6].ppp.queue,397,369.9216
NO_VOIP_ISDN_rpt03_scenario_01-0-20200702-14:34:26-11980,1000,0,Exercise7.accessRouter[11].ppp[7].ppp.queue,449,369.9216
NO_VOIP_ISDN_rpt03_scenario_01-0-20200702-14:34:26-11980,1000,0,Exercise7.accessRouter[11].ppp[8].ppp.queue,265,369.9216
NO_VOIP_ISDN_rpt03_scenario_01-0-20200702-14:34:26-11980,1000,0,Exercise7.accessRouter[11].ppp[9].ppp.queue,451,369.9216
NO_VOIP_ISDN_rpt03_scenario_01-0-20200702-14:34:26-11980,1000,0,Exercise7.accessRouter[11].ppp[10].ppp.queue,389,369.9216
NO_VOIP_ISDN_rpt03_scenario_01-0-20200702-14:34:26-11980,1000,0,Exercise7.accessRouter[11].ppp[11].ppp.queue,489,369.9216
NO_VOIP_ISDN_rpt03_scenario_01-0-20200702-14:34:26-11980,1000,0,Exercise7.accessRouter[11].ppp[12].ppp.queue,253,369.9216
NO_VOIP_ISDN_rpt03_scenario_01-0-20200702-14:34:26-11980,1000,0,Exercise7.accessRouter[11].ppp[13].ppp.queue,413,369.9216
NO_VOIP_ISDN_rpt03_scenario_01-0-20200702-14:34:26-11980,1000,0,Exercise7.accessRouter[11].ppp[14].ppp.queue,204,369.9216
NO_VOIP_ISDN_rpt03_scenario_01-0-20200702-14:34:26-11980,1000,0,Exercise7.accessRouter[11].ppp[15].ppp.queue,428,369.9216
NO_VOIP_ISDN_rpt03_scenario_01-0-20200702-14:34:26-11980,1000,0,Exercise7.accessRouter[11].ppp[16].ppp.queue,288,369.9216
NO_VOIP_ISDN_rpt03_scenario_01-0-20200702-14:34:26-11980,1000,0,Exercise7.accessRouter[11].ppp[17].ppp.queue,427,369.9216
NO_VOIP_ISDN_rpt03_scenario_01-0-20200702-14:34:26-11980,1000,0,Exercise7.accessRouter[11].ppp[18].ppp.queue,347,369.9216
NO_VOIP_ISDN_rpt03_scenario_01-0-20200702-14:34:26-11980,1000,0,Exercise7.accessRouter[11].ppp[19].ppp.queue,400,369.9216
NO_VOIP_ISDN_rpt03_scenario_01-0-20200702-14:34:26-11980,1000,0,Exercise7.accessRouter[11].ppp[20].ppp.queue,382,369.9216
NO_VOIP_ISDN_rpt03_scenario_01-0-20200702-14:34:26-11980,1000,0,Exercise7.accessRouter[11].ppp[21].ppp.queue,365,369.9216
NO_VOIP_ISDN_rpt03_scenario_01-0-20200702-14:34:26-11980,1000,0,Exercise7.accessRouter[11].ppp[22].ppp.queue,310,369.9216
NO_VOIP_ISDN_rpt03_scenario_01-0-20200702-14:34:26-11980,1000,0,Exercise7.accessRouter[11].ppp[23].ppp.queue,394,369.9216
NO_VOIP_ISDN_rpt03_scenario_01-0-20200702-14:34:26-11980,1000,0,Exercise7.accessRouter[11].ppp[24].ppp.queue,415,369.9216
NO_VOIP_ISDN_rpt03_scenario_01-0-20200702-14:34:26-11980,1000,0,Exercise7.accessRouter[11].ppp[25].ppp.queue,398,369.9216
NO_VOIP_ISDN_rpt03_scenario_01-0-20200702-14:34:26-11980,1000,0,Exercise7.accessRouter[12].ppp[1].ppp.queue,453,369.9216
NO_VOIP_ISDN_rpt03_scenario_01-0-20200702-14:34:26-11980,1000,0,Exercise7.accessRouter[12].ppp[2].ppp.queue,361,369.9216
NO_VOIP_ISDN_rpt03_scenario_01-0-20200702-14:34:26-11980,1000,0,Exercise7.accessRouter[12].ppp[3].ppp.queue,376,369.9216
NO_VOIP_ISDN_rpt03_scenario_01-0-20200702-14:34:26-11980,1000,0,Exercise7.accessRouter[12].ppp[4].ppp.queue,373,369.9216
NO_VOIP_ISDN_rpt03_scenario_01-0-20200702-14:34:26-11980,1000,0,Exercise7.accessRouter[12].ppp[5].ppp.queue,363,369.9216
NO_VOIP_ISDN_rpt03_scenario_01-0-20200702-14:34:26-11980,1000,0,Exercise7.accessRouter[12].ppp[6].ppp.queue,347,369.9216
NO_VOIP_ISDN_rpt03_scenario_01-0-20200702-14:34:26-11980,1000,0,Exercise7.accessRouter[12].ppp[7].ppp.queue,375,369.9216
NO_VOIP_ISDN_rpt03_scenario_01-0-20200702-14:34:26-11980,1000,0,Exercise7.accessRouter[12].ppp[8].ppp.queue,281,369.9216
NO_VOIP_ISDN_rpt03_scenario_01-0-20200702-14:34:26-11980,1000,0,Exercise7.accessRouter[12].ppp[9].ppp.queue,289,369.9216
NO_VOIP_ISDN_rpt03_scenario_01-0-20200702-14:34:26-11980,1000,0,Exercise7.accessRouter[12].ppp[10].ppp.queue,334,369.9216
NO_VOIP_ISDN_rpt03_scenario_01-0-20200702-14:34:26-11980,1000,0,Exercise7.accessRouter[12].ppp[11].ppp.queue,268,369.9216
NO_VOIP_ISDN_rpt03_scenario_01-0-20200702-14:34:26-11980,1000,0,Exercise7.accessRouter[12].ppp[12].ppp.queue,356,369.9216
NO_VOIP_ISDN_rpt03_scenario_01-0-20200702-14:34:26-11980,1000,0,Exercise7.accessRouter[12].ppp[13].ppp.queue,376,369.9216
NO_VOIP_ISDN_rpt03_scenario_01-0-20200702-14:34:26-11980,1000,0,Exercise7.accessRouter[12].ppp[14].ppp.queue,304,369.9216
NO_VOIP_ISDN_rpt03_scenario_01-0-20200702-14:34:26-11980,1000,0,Exercise7.accessRouter[12].ppp[15].ppp.queue,351,369.9216
NO_VOIP_ISDN_rpt03_scenario_01-0-20200702-14:34:26-11980,1000,0,Exercise7.accessRouter[12].ppp[16].ppp.queue,359,369.9216
NO_VOIP_ISDN_rpt03_scenario_01-0-20200702-14:34:26-11980,1000,0,Exercise7.accessRouter[12].ppp[17].ppp.queue,329,369.9216
NO_VOIP_ISDN_rpt03_scenario_01-0-20200702-14:34:26-11980,1000,0,Exercise7.accessRouter[12].ppp[18].ppp.queue,359,369.9216
NO_VOIP_ISDN_rpt03_scenario_01-0-20200702-14:34:26-11980,1000,0,Exercise7.accessRouter[12].ppp[19].ppp.queue,476,369.9216
NO_VOIP_ISDN_rpt03_scenario_01-0-20200702-14:34:26-11980,1000,0,Exercise7.accessRouter[12].ppp[20].ppp.queue,330,369.9216
NO_VOIP_ISDN_rpt03_scenario_01-0-20200702-14:34:26-11980,1000,0,Exercise7.accessRouter[12].ppp[21].ppp.queue,438,369.9216
NO_VOIP_ISDN_rpt03_scenario_01-0-20200702-14:34:26-11980,1000,0,Exercise7.accessRouter[12].ppp[22].ppp.queue,281,369.9216
NO_VOIP_ISDN_rpt03_scenario_01-0-20200702-14:34:26-11980,1000,0,Exercise7.accessRouter[12].ppp[23].ppp.queue,384,369.9216
NO_VOIP_ISDN_rpt03_scenario_01-0-20200702-14:34:26-11980,1000,0,Exercise7.accessRouter[12].ppp[24].ppp.queue,395,369.9216
NO_VOIP_ISDN_rpt03_scenario_01-0-20200702-14:34:26-11980,1000,0,Exercise7.accessRouter[12].ppp[25].ppp.queue,302,369.9216
NO_VOIP_ISDN_rpt03_scenario_01-0-20200702-14:34:26-11980,1000,0,Exercise7.accessRouter[13].ppp[1].ppp.queue,504,369.9216
NO_VOIP_ISDN_rpt03_scenario_01-0-20200702-14:34:26-11980,1000,0,Exercise7.accessRouter[13].ppp[2].ppp.queue,450,369.9216
NO_VOIP_ISDN_rpt03_scenario_01-0-20200702-14:34:26-11980,1000,0,Exercise7.accessRouter[13].ppp[3].ppp.queue,267,369.9216
NO_VOIP_ISDN_rpt03_scenario_01-0-20200702-14:34:26-11980,1000,0,Exercise7.accessRouter[13].ppp[4].ppp.queue,398,369.9216
NO_VOIP_ISDN_rpt03_scenario_01-0-20200702-14:34:26-11980,1000,0,Exercise7.accessRouter[13].ppp[5].ppp.queue,486,369.9216
NO_VOIP_ISDN_rpt03_scenario_01-0-20200702-14:34:26-11980,1000,0,Exercise7.accessRouter[13].ppp[6].ppp.queue,404,369.9216
NO_VOIP_ISDN_rpt03_scenario_01-0-20200702-14:34:26-11980,1000,0,Exercise7.accessRouter[13].ppp[7].ppp.queue,462,369.9216
NO_VOIP_ISDN_rpt03_scenario_01-0-20200702-14:34:26-11980,1000,0,Exercise7.accessRouter[13].ppp[8].ppp.queue,312,369.9216
NO_VOIP_ISDN_rpt03_scenario_01-0-20200702-14:34:26-11980,1000,0,Exercise7.accessRouter[13].ppp[9].ppp.queue,398,369.9216
NO_VOIP_ISDN_rpt03_scenario_01-0-20200702-14:34:26-11980,1000,0,Exercise7.accessRouter[13].ppp[10].ppp.queue,477,369.9216
NO_VOIP_ISDN_rpt03_scenario_01-0-20200702-14:34:26-11980,1000,0,Exercise7.accessRouter[13].ppp[11].ppp.queue,347,369.9216
NO_VOIP_ISDN_rpt03_scenario_01-0-20200702-14:34:26-11980,1000,0,Exercise7.accessRouter[13].ppp[12].ppp.queue,369,369.9216
NO_VOIP_ISDN_rpt03_scenario_01-0-20200702-14:34:26-11980,1000,0,Exercise7.accessRouter[13].ppp[13].ppp.queue,344,369.9216
NO_VOIP_ISDN_rpt03_scenario_01-0-20200702-14:34:26-11980,1000,0,Exercise7.accessRouter[13].ppp[14].ppp.queue,400,369.9216
NO_VOIP_ISDN_rpt03_scenario_01-0-20200702-14:34:26-11980,1000,0,Exercise7.accessRouter[13].ppp[15].ppp.queue,451,369.9216
NO_VOIP_ISDN_rpt03_scenario_01-0-20200702-14:34:26-11980,1000,0,Exercise7.accessRouter[13].ppp[16].ppp.queue,395,369.9216
NO_VOIP_ISDN_rpt03_scenario_01-0-20200702-14:34:26-11980,1000,0,Exercise7.accessRouter[13].ppp[17].ppp.queue,398,369.9216
NO_VOIP_ISDN_rpt03_scenario_01-0-20200702-14:34:26-11980,1000,0,Exercise7.accessRouter[13].ppp[18].ppp.queue,358,369.9216
NO_VOIP_ISDN_rpt03_scenario_01-0-20200702-14:34:26-11980,1000,0,Exercise7.accessRouter[13].ppp[19].ppp.queue,376,369.9216
NO_VOIP_ISDN_rpt03_scenario_01-0-20200702-14:34:26-11980,1000,0,Exercise7.accessRouter[13].ppp[20].ppp.queue,223,369.9216
NO_VOIP_ISDN_rpt03_scenario_01-0-20200702-14:34:26-11980,1000,0,Exercise7.accessRouter[13].ppp[21].ppp.queue,441,369.9216
NO_VOIP_ISDN_rpt03_scenario_01-0-20200702-14:34:26-11980,1000,0,Exercise7.accessRouter[13].ppp[22].ppp.queue,259,369.9216
NO_VOIP_ISDN_rpt03_scenario_01-0-20200702-14:34:26-11980,1000,0,Exercise7.accessRouter[13].ppp[23].ppp.queue,411,369.9216
NO_VOIP_ISDN_rpt03_scenario_01-0-20200702-14:34:26-11980,1000,0,Exercise7.accessRouter[13].ppp[24].ppp.queue,490,369.9216
NO_VOIP_ISDN_rpt03_scenario_01-0-20200702-14:34:26-11980,1000,0,Exercise7.accessRouter[13].ppp[25].ppp.queue,362,369.9216
NO_VOIP_ISDN_rpt03_scenario_01-0-20200702-14:34:26-11980,1000,0,Exercise7.accessRouter[14].ppp[1].ppp.queue,403,369.9216
NO_VOIP_ISDN_rpt03_scenario_01-0-20200702-14:34:26-11980,1000,0,Exercise7.accessRouter[14].ppp[2].ppp.queue,290,369.9216
NO_VOIP_ISDN_rpt03_scenario_01-0-20200702-14:34:26-11980,1000,0,Exercise7.accessRouter[14].ppp[3].ppp.queue,369,369.9216
NO_VOIP_ISDN_rpt03_scenario_01-0-20200702-14:34:26-11980,1000,0,Exercise7.accessRouter[14].ppp[4].ppp.queue,479,369.9216
NO_VOIP_ISDN_rpt03_scenario_01-0-20200702-14:34:26-11980,1000,0,Exercise7.accessRouter[14].ppp[5].ppp.queue,432,369.9216
NO_VOIP_ISDN_rpt03_scenario_01-0-20200702-14:34:26-11980,1000,0,Exercise7.accessRouter[14].ppp[6].ppp.queue,244,369.9216
NO_VOIP_ISDN_rpt03_scenario_01-0-20200702-14:34:26-11980,1000,0,Exercise7.accessRouter[14].ppp[7].ppp.queue,340,369.9216
NO_VOIP_ISDN_rpt03_scenario_01-0-20200702-14:34:26-11980,1000,0,Exercise7.accessRouter[14].ppp[8].ppp.queue,438,369.9216
NO_VOIP_ISDN_rpt03_scenario_01-0-20200702-14:34:26-11980,1000,0,Exercise7.accessRouter[14].ppp[9].ppp.queue,402,369.9216
NO_VOIP_ISDN_rpt03_scenario_01-0-20200702-14:34:26-11980,1000,0,Exercise7.accessRouter[14].ppp[10].ppp.queue,354,369.9216
NO_VOIP_ISDN_rpt03_scenario_01-0-20200702-14:34:26-11980,1000,0,Exercise7.accessRouter[14].ppp[11].ppp.queue,378,369.9216
NO_VOIP_ISDN_rpt03_scenario_01-0-20200702-14:34:26-11980,1000,0,Exercise7.accessRouter[14].ppp[12].ppp.queue,484,369.9216
NO_VOIP_ISDN_rpt03_scenario_01-0-20200702-14:34:26-11980,1000,0,Exercise7.accessRouter[14].ppp[13].ppp.queue,389,369.9216
NO_VOIP_ISDN_rpt03_scenario_01-0-20200702-14:34:26-11980,1000,0,Exercise7.accessRouter[14].ppp[14].ppp.queue,321,369.9216
NO_VOIP_ISDN_rpt03_scenario_01-0-20200702-14:34:26-11980,1000,0,Exercise7.accessRouter[14].ppp[15].ppp.queue,349,369.9216
NO_VOIP_ISDN_rpt03_scenario_01-0-20200702-14:34:26-11980,1000,0,Exercise7.accessRouter[14].ppp[16].ppp.queue,412,369.9216
NO_VOIP_ISDN_rpt03_scenario_01-0-20200702-14:34:26-11980,1000,0,Exercise7.accessRouter[14].ppp[17].ppp.queue,371,369.9216
NO_VOIP_ISDN_rpt03_scenario_01-0-20200702-14:34:26-11980,1000,0,Exercise7.accessRouter[14].ppp[18].ppp.queue,300,369.9216
NO_VOIP_ISDN_rpt03_scenario_01-0-20200702-14:34:26-11980,1000,0,Exercise7.accessRouter[14].ppp[19].ppp.queue,335,369.9216
NO_VOIP_ISDN_rpt03_scenario_01-0-20200702-14:34:26-11980,1000,0,Exercise7.accessRouter[14].ppp[20].ppp.queue,333,369.9216
NO_VOIP_ISDN_rpt03_scenario_01-0-20200702-14:34:26-11980,1000,0,Exercise7.accessRouter[14].ppp[21].ppp.queue,362,369.9216
NO_VOIP_ISDN_rpt03_scenario_01-0-20200702-14:34:26-11980,1000,0,Exercise7.accessRouter[14].ppp[22].ppp.queue,340,369.9216
NO_VOIP_ISDN_rpt03_scenario_01-0-20200702-14:34:26-11980,1000,0,Exercise7.accessRouter[14].ppp[23].ppp.queue,355,369.9216
NO_VOIP_ISDN_rpt03_scenario_01-0-20200702-14:34:26-11980,1000,0,Exercise7.accessRouter[14].ppp[24].ppp.queue,339,369.9216
NO_VOIP_ISDN_rpt03_scenario_01-0-20200702-14:34:26-11980,1000,0,Exercise7.accessRouter[14].ppp[25].ppp.queue,379,369.9216
NO_VOIP_ISDN_rpt03_scenario_01-0-20200702-14:34:26-11980,1000,0,Exercise7.accessRouter[15].ppp[1].ppp.queue,242,369.9216
NO_VOIP_ISDN_rpt03_scenario_01-0-20200702-14:34:26-11980,1000,0,Exercise7.accessRouter[15].ppp[2].ppp.queue,193,369.9216
NO_VOIP_ISDN_rpt03_scenario_01-0-20200702-14:34:26-11980,1000,0,Exercise7.accessRouter[15].ppp[3].ppp.queue,423,369.9216
NO_VOIP_ISDN_rpt03_scenario_01-0-20200702-14:34:26-11980,1000,0,Exercise7.accessRouter[15].ppp[4].ppp.queue,363,369.9216
NO_VOIP_ISDN_rpt03_scenario_01-0-20200702-14:34:26-11980,1000,0,Exercise7.accessRouter[15].ppp[5].ppp.queue,461,369.9216
NO_VOIP_ISDN_rpt03_scenario_01-0-20200702-14:34:26-11980,1000,0,Exercise7.accessRouter[15].ppp[6].ppp.queue,437,369.9216
NO_VOIP_ISDN_rpt03_scenario_01-0-20200702-14:34:26-11980,1000,0,Exercise7.accessRouter[15].ppp[7].ppp.queue,372,369.9216
NO_VOIP_ISDN_rpt03_scenario_01-0-20200702-14:34:26-11980,1000,0,Exercise7.accessRouter[15].ppp[8].ppp.queue,341,369.9216
NO_VOIP_ISDN_rpt03_scenario_01-0-20200702-14:34:26-11980,1000,0,Exercise7.accessRouter[15].ppp[9].ppp.queue,482,369.9216
NO_VOIP_ISDN_rpt03_scenario_01-0-20200702-14:34:26-11980,1000,0,Exercise7.accessRouter[15].ppp[10].ppp.queue,406,369.9216
NO_VOIP_ISDN_rpt03_scenario_01-0-20200702-14:34:26-11980,1000,0,Exercise7.accessRouter[15].ppp[11].ppp.queue,331,369.9216
NO_VOIP_ISDN_rpt03_scenario_01-0-20200702-14:34:26-11980,1000,0,Exercise7.accessRouter[15].ppp[12].ppp.queue,369,369.9216
NO_VOIP_ISDN_rpt03_scenario_01-0-20200702-14:34:26-11980,1000,0,Exercise7.accessRouter[15].ppp[13].ppp.queue,403,369.9216
NO_VOIP_ISDN_rpt03_scenario_01-0-20200702-14:34:26-11980,1000,0,Exercise7.accessRouter[15].ppp[14].ppp.queue,385,369.9216
NO_VOIP_ISDN_rpt03_scenario_01-0-20200702-14:34:26-11980,1000,0,Exercise7.accessRouter[15].ppp[15].ppp.queue,271,369.9216
NO_VOIP_ISDN_rpt03_scenario_01-0-20200702-14:34:26-11980,1000,0,Exercise7.accessRouter[15].ppp[16].ppp.queue,426,369.9216
NO_VOIP_ISDN_rpt03_scenario_01-0-20200702-14:34:26-11980,1000,0,Exercise7.accessRouter[15].ppp[17].ppp.queue,398,369.9216
NO_VOIP_ISDN_rpt03_scenario_01-0-20200702-14:34:26-11980,1000,0,Exercise7.accessRouter[15].ppp[18].ppp.queue,395,369.9216
NO_VOIP_ISDN_rpt03_scenario_01-0-20200702-14:34:26-11980,1000,0,Exercise7.accessRouter[15].ppp[19].ppp.queue,310,369.9216
NO_VOIP_ISDN_rpt03_scenario_01-0-20200702-14:34:26-11980,1000,0,Exercise7.accessRouter[15].ppp[20].ppp.queue,355,369.9216
NO_VOIP_ISDN_rpt03_scenario_01-0-20200702-14:34:26-11980,1000,0,Exercise7.accessRouter[15].ppp[21].ppp.queue,228,369.9216
NO_VOIP_ISDN_rpt03_scenario_01-0-20200702-14:34:26-11980,1000,0,Exercise7.accessRouter[15].ppp[22].ppp.queue,140,369.9216
NO_VOIP_ISDN_rpt03_scenario_01-0-20200702-14:34:26-11980,1000,0,Exercise7.accessRouter[15].ppp[23].ppp.queue,281,369.9216
NO_VOIP_ISDN_rpt03_scenario_01-0-20200702-14:34:26-11980,1000,0,Exercise7.accessRouter[15].ppp[24].ppp.queue,403,369.9216
NO_VOIP_ISDN_rpt03_scenario_01-0-20200702-14:34:26-11980,1000,0,Exercise7.accessRouter[15].ppp[25].ppp.queue,436,369.9216
NO_VOIP_ISDN_rpt03_scenario_01-0-20200702-14:34:26-11980,1000,0,Exercise7.accessRouter[16].ppp[1].ppp.queue,387,369.9216
NO_VOIP_ISDN_rpt03_scenario_01-0-20200702-14:34:26-11980,1000,0,Exercise7.accessRouter[16].ppp[2].ppp.queue,367,369.9216
NO_VOIP_ISDN_rpt03_scenario_01-0-20200702-14:34:26-11980,1000,0,Exercise7.accessRouter[16].ppp[3].ppp.queue,284,369.9216
NO_VOIP_ISDN_rpt03_scenario_01-0-20200702-14:34:26-11980,1000,0,Exercise7.accessRouter[16].ppp[4].ppp.queue,407,369.9216
NO_VOIP_ISDN_rpt03_scenario_01-0-20200702-14:34:26-11980,1000,0,Exercise7.accessRouter[16].ppp[5].ppp.queue,333,369.9216
NO_VOIP_ISDN_rpt03_scenario_01-0-20200702-14:34:26-11980,1000,0,Exercise7.accessRouter[16].ppp[6].ppp.queue,402,369.9216
NO_VOIP_ISDN_rpt03_scenario_01-0-20200702-14:34:26-11980,1000,0,Exercise7.accessRouter[16].ppp[7].ppp.queue,439,369.9216
NO_VOIP_ISDN_rpt03_scenario_01-0-20200702-14:34:26-11980,1000,0,Exercise7.accessRouter[16].ppp[8].ppp.queue,307,369.9216
NO_VOIP_ISDN_rpt03_scenario_01-0-20200702-14:34:26-11980,1000,0,Exercise7.accessRouter[16].ppp[9].ppp.queue,304,369.9216
NO_VOIP_ISDN_rpt03_scenario_01-0-20200702-14:34:26-11980,1000,0,Exercise7.accessRouter[16].ppp[10].ppp.queue,380,369.9216
NO_VOIP_ISDN_rpt03_scenario_01-0-20200702-14:34:26-11980,1000,0,Exercise7.accessRouter[16].ppp[11].ppp.queue,352,369.9216
NO_VOIP_ISDN_rpt03_scenario_01-0-20200702-14:34:26-11980,1000,0,Exercise7.accessRouter[16].ppp[12].ppp.queue,509,369.9216
NO_VOIP_ISDN_rpt03_scenario_01-0-20200702-14:34:26-11980,1000,0,Exercise7.accessRouter[16].ppp[13].ppp.queue,263,369.9216
NO_VOIP_ISDN_rpt03_scenario_01-0-20200702-14:34:26-11980,1000,0,Exercise7.accessRouter[16].ppp[14].ppp.queue,313,369.9216
NO_VOIP_ISDN_rpt03_scenario_01-0-20200702-14:34:26-11980,1000,0,Exercise7.accessRouter[16].ppp[15].ppp.queue,423,369.9216
NO_VOIP_ISDN_rpt03_scenario_01-0-20200702-14:34:26-11980,1000,0,Exercise7.accessRouter[16].ppp[16].ppp.queue,417,369.9216
NO_VOIP_ISDN_rpt03_scenario_01-0-20200702-14:34:26-11980,1000,0,Exercise7.accessRouter[16].ppp[17].ppp.queue,420,369.9216
NO_VOIP_ISDN_rpt03_scenario_01-0-20200702-14:34:26-11980,1000,0,Exercise7.accessRouter[16].ppp[18].ppp.queue,340,369.9216
NO_VOIP_ISDN_rpt03_scenario_01-0-20200702-14:34:26-11980,1000,0,Exercise7.accessRouter[16].ppp[19].ppp.queue,436,369.9216
NO_VOIP_ISDN_rpt03_scenario_01-0-20200702-14:34:26-11980,1000,0,Exercise7.accessRouter[16].ppp[20].ppp.queue,321,369.9216
NO_VOIP_ISDN_rpt03_scenario_01-0-20200702-14:34:26-11980,1000,0,Exercise7.accessRouter[16].ppp[21].ppp.queue,426,369.9216
NO_VOIP_ISDN_rpt03_scenario_01-0-20200702-14:34:26-11980,1000,0,Exercise7.accessRouter[16].ppp[22].ppp.queue,296,369.9216
NO_VOIP_ISDN_rpt03_scenario_01-0-20200702-14:34:26-11980,1000,0,Exercise7.accessRouter[16].ppp[23].ppp.queue,478,369.9216
NO_VOIP_ISDN_rpt03_scenario_01-0-20200702-14:34:26-11980,1000,0,Exercise7.accessRouter[16].ppp[24].ppp.queue,242,369.9216
NO_VOIP_ISDN_rpt03_scenario_01-0-20200702-14:34:26-11980,1000,0,Exercise7.accessRouter[16].ppp[25].ppp.queue,380,369.9216
NO_VOIP_ISDN_rpt03_scenario_01-0-20200702-14:34:26-11980,1000,0,Exercise7.accessRouter[17].ppp[1].ppp.queue,298,369.9216
NO_VOIP_ISDN_rpt03_scenario_01-0-20200702-14:34:26-11980,1000,0,Exercise7.accessRouter[17].ppp[2].ppp.queue,289,369.9216
NO_VOIP_ISDN_rpt03_scenario_01-0-20200702-14:34:26-11980,1000,0,Exercise7.accessRouter[17].ppp[3].ppp.queue,158,369.9216
NO_VOIP_ISDN_rpt03_scenario_01-0-20200702-14:34:26-11980,1000,0,Exercise7.accessRouter[17].ppp[4].ppp.queue,348,369.9216
NO_VOIP_ISDN_rpt03_scenario_01-0-20200702-14:34:26-11980,1000,0,Exercise7.accessRouter[17].ppp[5].ppp.queue,331,369.9216
NO_VOIP_ISDN_rpt03_scenario_01-0-20200702-14:34:26-11980,1000,0,Exercise7.accessRouter[17].ppp[6].ppp.queue,302,369.9216
NO_VOIP_ISDN_rpt03_scenario_01-0-20200702-14:34:26-11980,1000,0,Exercise7.accessRouter[17].ppp[7].ppp.queue,285,369.9216
NO_VOIP_ISDN_rpt03_scenario_01-0-20200702-14:34:26-11980,1000,0,Exercise7.accessRouter[17].ppp[8].ppp.queue,371,369.9216
NO_VOIP_ISDN_rpt03_scenario_01-0-20200702-14:34:26-11980,1000,0,Exercise7.accessRouter[17].ppp[9].ppp.queue,352,369.9216
NO_VOIP_ISDN_rpt03_scenario_01-0-20200702-14:34:26-11980,1000,0,Exercise7.accessRouter[17].ppp[10].ppp.queue,328,369.9216
NO_VOIP_ISDN_rpt03_scenario_01-0-20200702-14:34:26-11980,1000,0,Exercise7.accessRouter[17].ppp[11].ppp.queue,388,369.9216
NO_VOIP_ISDN_rpt03_scenario_01-0-20200702-14:34:26-11980,1000,0,Exercise7.accessRouter[17].ppp[12].ppp.queue,295,369.9216
NO_VOIP_ISDN_rpt03_scenario_01-0-20200702-14:34:26-11980,1000,0,Exercise7.accessRouter[17].ppp[13].ppp.queue,256,369.9216
NO_VOIP_ISDN_rpt03_scenario_01-0-20200702-14:34:26-11980,1000,0,Exercise7.accessRouter[17].ppp[14].ppp.queue,374,369.9216
NO_VOIP_ISDN_rpt03_scenario_01-0-20200702-14:34:26-11980,1000,0,Exercise7.accessRouter[17].ppp[15].ppp.queue,383,369.9216
NO_VOIP_ISDN_rpt03_scenario_01-0-20200702-14:34:26-11980,1000,0,Exercise7.accessRouter[17].ppp[16].ppp.queue,382,369.9216
NO_VOIP_ISDN_rpt03_scenario_01-0-20200702-14:34:26-11980,1000,0,Exercise7.accessRouter[17].ppp[17].ppp.queue,318,369.9216
NO_VOIP_ISDN_rpt03_scenario_01-0-20200702-14:34:26-11980,1000,0,Exercise7.accessRouter[17].ppp[18].ppp.queue,354,369.9216
NO_VOIP_ISDN_rpt03_scenario_01-0-20200702-14:34:26-11980,1000,0,Exercise7.accessRouter[17].ppp[19].ppp.queue,360,369.9216
NO_VOIP_ISDN_rpt03_scenario_01-0-20200702-14:34:26-11980,1000,0,Exercise7.accessRouter[17].ppp[20].ppp.queue,272,369.9216
NO_VOIP_ISDN_rpt03_scenario_01-0-20200702-14:34:26-11980,1000,0,Exercise7.accessRouter[17].ppp[21].ppp.queue,478,369.9216
NO_VOIP_ISDN_rpt03_scenario_01-0-20200702-14:34:26-11980,1000,0,Exercise7.accessRouter[17].ppp[22].ppp.queue,296,369.9216
NO_VOIP_ISDN_rpt03_scenario_01-0-20200702-14:34:26-11980,1000,0,Exercise7.accessRouter[17].ppp[23].ppp.queue,186,369.9216
NO_VOIP_ISDN_rpt03_scenario_01-0-20200702-14:34:26-11980,1000,0,Exercise7.accessRouter[17].ppp[24].ppp.queue,459,369.9216
NO_VOIP_ISDN_rpt03_scenario_01-0-20200702-14:34:26-11980,1000,0,Exercise7.accessRouter[17].ppp[25].ppp.queue,515,369.9216
NO_VOIP_ISDN_rpt03_scenario_01-0-20200702-14:34:26-11980,1000,0,Exercise7.accessRouter[18].ppp[1].ppp.queue,255,369.9216
NO_VOIP_ISDN_rpt03_scenario_01-0-20200702-14:34:26-11980,1000,0,Exercise7.accessRouter[18].ppp[2].ppp.queue,268,369.9216
NO_VOIP_ISDN_rpt03_scenario_01-0-20200702-14:34:26-11980,1000,0,Exercise7.accessRouter[18].ppp[3].ppp.queue,401,369.9216
NO_VOIP_ISDN_rpt03_scenario_01-0-20200702-14:34:26-11980,1000,0,Exercise7.accessRouter[18].ppp[4].ppp.queue,405,369.9216
NO_VOIP_ISDN_rpt03_scenario_01-0-20200702-14:34:26-11980,1000,0,Exercise7.accessRouter[18].ppp[5].ppp.queue,397,369.9216
NO_VOIP_ISDN_rpt03_scenario_01-0-20200702-14:34:26-11980,1000,0,Exercise7.accessRouter[18].ppp[6].ppp.queue,348,369.9216
NO_VOIP_ISDN_rpt03_scenario_01-0-20200702-14:34:26-11980,1000,0,Exercise7.accessRouter[18].ppp[7].ppp.queue,275,369.9216
NO_VOIP_ISDN_rpt03_scenario_01-0-20200702-14:34:26-11980,1000,0,Exercise7.accessRouter[18].ppp[8].ppp.queue,392,369.9216
NO_VOIP_ISDN_rpt03_scenario_01-0-20200702-14:34:26-11980,1000,0,Exercise7.accessRouter[18].ppp[9].ppp.queue,556,369.9216
NO_VOIP_ISDN_rpt03_scenario_01-0-20200702-14:34:26-11980,1000,0,Exercise7.accessRouter[18].ppp[10].ppp.queue,474,369.9216
NO_VOIP_ISDN_rpt03_scenario_01-0-20200702-14:34:26-11980,1000,0,Exercise7.accessRouter[18].ppp[11].ppp.queue,306,369.9216
NO_VOIP_ISDN_rpt03_scenario_01-0-20200702-14:34:26-11980,1000,0,Exercise7.accessRouter[18].ppp[12].ppp.queue,450,369.9216
NO_VOIP_ISDN_rpt03_scenario_01-0-20200702-14:34:26-11980,1000,0,Exercise7.accessRouter[18].ppp[13].ppp.queue,250,369.9216
NO_VOIP_ISDN_rpt03_scenario_01-0-20200702-14:34:26-11980,1000,0,Exercise7.accessRouter[18].ppp[14].ppp.queue,335,369.9216
NO_VOIP_ISDN_rpt03_scenario_01-0-20200702-14:34:26-11980,1000,0,Exercise7.accessRouter[18].ppp[15].ppp.queue,395,369.9216
NO_VOIP_ISDN_rpt03_scenario_01-0-20200702-14:34:26-11980,1000,0,Exercise7.accessRouter[18].ppp[16].ppp.queue,385,369.9216
NO_VOIP_ISDN_rpt03_scenario_01-0-20200702-14:34:26-11980,1000,0,Exercise7.accessRouter[18].ppp[17].ppp.queue,320,369.9216
NO_VOIP_ISDN_rpt03_scenario_01-0-20200702-14:34:26-11980,1000,0,Exercise7.accessRouter[18].ppp[18].ppp.queue,390,369.9216
NO_VOIP_ISDN_rpt03_scenario_01-0-20200702-14:34:26-11980,1000,0,Exercise7.accessRouter[18].ppp[19].ppp.queue,357,369.9216
NO_VOIP_ISDN_rpt03_scenario_01-0-20200702-14:34:26-11980,1000,0,Exercise7.accessRouter[18].ppp[20].ppp.queue,519,369.9216
NO_VOIP_ISDN_rpt03_scenario_01-0-20200702-14:34:26-11980,1000,0,Exercise7.accessRouter[18].ppp[21].ppp.queue,420,369.9216
NO_VOIP_ISDN_rpt03_scenario_01-0-20200702-14:34:26-11980,1000,0,Exercise7.accessRouter[18].ppp[22].ppp.queue,499,369.9216
NO_VOIP_ISDN_rpt03_scenario_01-0-20200702-14:34:26-11980,1000,0,Exercise7.accessRouter[18].ppp[23].ppp.queue,338,369.9216
NO_VOIP_ISDN_rpt03_scenario_01-0-20200702-14:34:26-11980,1000,0,Exercise7.accessRouter[18].ppp[24].ppp.queue,353,369.9216
NO_VOIP_ISDN_rpt03_scenario_01-0-20200702-14:34:26-11980,1000,0,Exercise7.accessRouter[18].ppp[25].ppp.queue,362,369.9216
NO_VOIP_ISDN_rpt03_scenario_01-0-20200702-14:34:26-11980,1000,0,Exercise7.accessRouter[19].ppp[1].ppp.queue,338,369.9216
NO_VOIP_ISDN_rpt03_scenario_01-0-20200702-14:34:26-11980,1000,0,Exercise7.accessRouter[19].ppp[2].ppp.queue,302,369.9216
NO_VOIP_ISDN_rpt03_scenario_01-0-20200702-14:34:26-11980,1000,0,Exercise7.accessRouter[19].ppp[3].ppp.queue,281,369.9216
NO_VOIP_ISDN_rpt03_scenario_01-0-20200702-14:34:26-11980,1000,0,Exercise7.accessRouter[19].ppp[4].ppp.queue,437,369.9216
NO_VOIP_ISDN_rpt03_scenario_01-0-20200702-14:34:26-11980,1000,0,Exercise7.accessRouter[19].ppp[5].ppp.queue,370,369.9216
NO_VOIP_ISDN_rpt03_scenario_01-0-20200702-14:34:26-11980,1000,0,Exercise7.accessRouter[19].ppp[6].ppp.queue,233,369.9216
NO_VOIP_ISDN_rpt03_scenario_01-0-20200702-14:34:26-11980,1000,0,Exercise7.accessRouter[19].ppp[7].ppp.queue,412,369.9216
NO_VOIP_ISDN_rpt03_scenario_01-0-20200702-14:34:26-11980,1000,0,Exercise7.accessRouter[19].ppp[8].ppp.queue,473,369.9216
NO_VOIP_ISDN_rpt03_scenario_01-0-20200702-14:34:26-11980,1000,0,Exercise7.accessRouter[19].ppp[9].ppp.queue,305,369.9216
NO_VOIP_ISDN_rpt03_scenario_01-0-20200702-14:34:26-11980,1000,0,Exercise7.accessRouter[19].ppp[10].ppp.queue,528,369.9216
NO_VOIP_ISDN_rpt03_scenario_01-0-20200702-14:34:26-11980,1000,0,Exercise7.accessRouter[19].ppp[11].ppp.queue,348,369.9216
NO_VOIP_ISDN_rpt03_scenario_01-0-20200702-14:34:26-11980,1000,0,Exercise7.accessRouter[19].ppp[12].ppp.queue,348,369.9216
NO_VOIP_ISDN_rpt03_scenario_01-0-20200702-14:34:26-11980,1000,0,Exercise7.accessRouter[19].ppp[13].ppp.queue,535,369.9216
NO_VOIP_ISDN_rpt03_scenario_01-0-20200702-14:34:26-11980,1000,0,Exercise7.accessRouter[19].ppp[14].ppp.queue,349,369.9216
NO_VOIP_ISDN_rpt03_scenario_01-0-20200702-14:34:26-11980,1000,0,Exercise7.accessRouter[19].ppp[15].ppp.queue,465,369.9216
NO_VOIP_ISDN_rpt03_scenario_01-0-20200702-14:34:26-11980,1000,0,Exercise7.accessRouter[19].ppp[16].ppp.queue,360,369.9216
NO_VOIP_ISDN_rpt03_scenario_01-0-20200702-14:34:26-11980,1000,0,Exercise7.accessRouter[19].ppp[17].ppp.queue,518,369.9216
NO_VOIP_ISDN_rpt03_scenario_01-0-20200702-14:34:26-11980,1000,0,Exercise7.accessRouter[19].ppp[18].ppp.queue,361,369.9216
NO_VOIP_ISDN_rpt03_scenario_01-0-20200702-14:34:26-11980,1000,0,Exercise7.accessRouter[19].ppp[19].ppp.queue,343,369.9216
NO_VOIP_ISDN_rpt03_scenario_01-0-20200702-14:34:26-11980,1000,0,Exercise7.accessRouter[19].ppp[20].ppp.queue,317,369.9216
NO_VOIP_ISDN_rpt03_scenario_01-0-20200702-14:34:26-11980,1000,0,Exercise7.accessRouter[19].ppp[21].ppp.queue,313,369.9216
NO_VOIP_ISDN_rpt03_scenario_01-0-20200702-14:34:26-11980,1000,0,Exercise7.accessRouter[19].ppp[22].ppp.queue,435,369.9216
NO_VOIP_ISDN_rpt03_scenario_01-0-20200702-14:34:26-11980,1000,0,Exercise7.accessRouter[19].ppp[23].ppp.queue,470,369.9216
NO_VOIP_ISDN_rpt03_scenario_01-0-20200702-14:34:26-11980,1000,0,Exercise7.accessRouter[19].ppp[24].ppp.queue,374,369.9216
NO_VOIP_ISDN_rpt03_scenario_01-0-20200702-14:34:26-11980,1000,0,Exercise7.accessRouter[19].ppp[25].ppp.queue,367,369.9216
NO_VOIP_ISDN_rpt03_scenario_01-0-20200702-14:34:26-11980,1000,0,Exercise7.accessRouter[20].ppp[1].ppp.queue,375,369.9216
NO_VOIP_ISDN_rpt03_scenario_01-0-20200702-14:34:26-11980,1000,0,Exercise7.accessRouter[20].ppp[2].ppp.queue,459,369.9216
NO_VOIP_ISDN_rpt03_scenario_01-0-20200702-14:34:26-11980,1000,0,Exercise7.accessRouter[20].ppp[3].ppp.queue,411,369.9216
NO_VOIP_ISDN_rpt03_scenario_01-0-20200702-14:34:26-11980,1000,0,Exercise7.accessRouter[20].ppp[4].ppp.queue,360,369.9216
NO_VOIP_ISDN_rpt03_scenario_01-0-20200702-14:34:26-11980,1000,0,Exercise7.accessRouter[20].ppp[5].ppp.queue,560,369.9216
NO_VOIP_ISDN_rpt03_scenario_01-0-20200702-14:34:26-11980,1000,0,Exercise7.accessRouter[20].ppp[6].ppp.queue,361,369.9216
NO_VOIP_ISDN_rpt03_scenario_01-0-20200702-14:34:26-11980,1000,0,Exercise7.accessRouter[20].ppp[7].ppp.queue,271,369.9216
NO_VOIP_ISDN_rpt03_scenario_01-0-20200702-14:34:26-11980,1000,0,Exercise7.accessRouter[20].ppp[8].ppp.queue,291,369.9216
NO_VOIP_ISDN_rpt03_scenario_01-0-20200702-14:34:26-11980,1000,0,Exercise7.accessRouter[20].ppp[9].ppp.queue,484,369.9216
NO_VOIP_ISDN_rpt03_scenario_01-0-20200702-14:34:26-11980,1000,0,Exercise7.accessRouter[20].ppp[10].ppp.queue,339,369.9216
NO_VOIP_ISDN_rpt03_scenario_01-0-20200702-14:34:26-11980,1000,0,Exercise7.accessRouter[20].ppp[11].ppp.queue,323,369.9216
NO_VOIP_ISDN_rpt03_scenario_01-0-20200702-14:34:26-11980,1000,0,Exercise7.accessRouter[20].ppp[12].ppp.queue,411,369.9216
NO_VOIP_ISDN_rpt03_scenario_01-0-20200702-14:34:26-11980,1000,0,Exercise7.accessRouter[20].ppp[13].ppp.queue,370,369.9216
NO_VOIP_ISDN_rpt03_scenario_01-0-20200702-14:34:26-11980,1000,0,Exercise7.accessRouter[20].ppp[14].ppp.queue,390,369.9216
NO_VOIP_ISDN_rpt03_scenario_01-0-20200702-14:34:26-11980,1000,0,Exercise7.accessRouter[20].ppp[15].ppp.queue,390,369.9216
NO_VOIP_ISDN_rpt03_scenario_01-0-20200702-14:34:26-11980,1000,0,Exercise7.accessRouter[20].ppp[16].ppp.queue,228,369.9216
NO_VOIP_ISDN_rpt03_scenario_01-0-20200702-14:34:26-11980,1000,0,Exercise7.accessRouter[20].ppp[17].ppp.queue,279,369.9216
NO_VOIP_ISDN_rpt03_scenario_01-0-20200702-14:34:26-11980,1000,0,Exercise7.accessRouter[20].ppp[18].ppp.queue,343,369.9216
NO_VOIP_ISDN_rpt03_scenario_01-0-20200702-14:34:26-11980,1000,0,Exercise7.accessRouter[20].ppp[19].ppp.queue,264,369.9216
NO_VOIP_ISDN_rpt03_scenario_01-0-20200702-14:34:26-11980,1000,0,Exercise7.accessRouter[20].ppp[20].ppp.queue,301,369.9216
NO_VOIP_ISDN_rpt03_scenario_01-0-20200702-14:34:26-11980,1000,0,Exercise7.accessRouter[20].ppp[21].ppp.queue,411,369.9216
NO_VOIP_ISDN_rpt03_scenario_01-0-20200702-14:34:26-11980,1000,0,Exercise7.accessRouter[20].ppp[22].ppp.queue,396,369.9216
NO_VOIP_ISDN_rpt03_scenario_01-0-20200702-14:34:26-11980,1000,0,Exercise7.accessRouter[20].ppp[23].ppp.queue,341,369.9216
NO_VOIP_ISDN_rpt03_scenario_01-0-20200702-14:34:26-11980,1000,0,Exercise7.accessRouter[20].ppp[24].ppp.queue,369,369.9216
NO_VOIP_ISDN_rpt03_scenario_01-0-20200702-14:34:26-11980,1000,0,Exercise7.accessRouter[20].ppp[25].ppp.queue,449,369.9216
NO_VOIP_ISDN_rpt03_scenario_01-0-20200702-14:34:26-11980,1000,0,Exercise7.accessRouter[21].ppp[1].ppp.queue,416,369.9216
NO_VOIP_ISDN_rpt03_scenario_01-0-20200702-14:34:26-11980,1000,0,Exercise7.accessRouter[21].ppp[2].ppp.queue,372,369.9216
NO_VOIP_ISDN_rpt03_scenario_01-0-20200702-14:34:26-11980,1000,0,Exercise7.accessRouter[21].ppp[3].ppp.queue,566,369.9216
NO_VOIP_ISDN_rpt03_scenario_01-0-20200702-14:34:26-11980,1000,0,Exercise7.accessRouter[21].ppp[4].ppp.queue,378,369.9216
NO_VOIP_ISDN_rpt03_scenario_01-0-20200702-14:34:26-11980,1000,0,Exercise7.accessRouter[21].ppp[5].ppp.queue,398,369.9216
NO_VOIP_ISDN_rpt03_scenario_01-0-20200702-14:34:26-11980,1000,0,Exercise7.accessRouter[21].ppp[6].ppp.queue,364,369.9216
NO_VOIP_ISDN_rpt03_scenario_01-0-20200702-14:34:26-11980,1000,0,Exercise7.accessRouter[21].ppp[7].ppp.queue,415,369.9216
NO_VOIP_ISDN_rpt03_scenario_01-0-20200702-14:34:26-11980,1000,0,Exercise7.accessRouter[21].ppp[8].ppp.queue,457,369.9216
NO_VOIP_ISDN_rpt03_scenario_01-0-20200702-14:34:26-11980,1000,0,Exercise7.accessRouter[21].ppp[9].ppp.queue,489,369.9216
NO_VOIP_ISDN_rpt03_scenario_01-0-20200702-14:34:26-11980,1000,0,Exercise7.accessRouter[21].ppp[10].ppp.queue,263,369.9216
NO_VOIP_ISDN_rpt03_scenario_01-0-20200702-14:34:26-11980,1000,0,Exercise7.accessRouter[21].ppp[11].ppp.queue,377,369.9216
NO_VOIP_ISDN_rpt03_scenario_01-0-20200702-14:34:26-11980,1000,0,Exercise7.accessRouter[21].ppp[12].ppp.queue,475,369.9216
NO_VOIP_ISDN_rpt03_scenario_01-0-20200702-14:34:26-11980,1000,0,Exercise7.accessRouter[21].ppp[13].ppp.queue,385,369.9216
NO_VOIP_ISDN_rpt03_scenario_01-0-20200702-14:34:26-11980,1000,0,Exercise7.accessRouter[21].ppp[14].ppp.queue,516,369.9216
NO_VOIP_ISDN_rpt03_scenario_01-0-20200702-14:34:26-11980,1000,0,Exercise7.accessRouter[21].ppp[15].ppp.queue,437,369.9216
NO_VOIP_ISDN_rpt03_scenario_01-0-20200702-14:34:26-11980,1000,0,Exercise7.accessRouter[21].ppp[16].ppp.queue,401,369.9216
NO_VOIP_ISDN_rpt03_scenario_01-0-20200702-14:34:26-11980,1000,0,Exercise7.accessRouter[21].ppp[17].ppp.queue,309,369.9216
NO_VOIP_ISDN_rpt03_scenario_01-0-20200702-14:34:26-11980,1000,0,Exercise7.accessRouter[21].ppp[18].ppp.queue,363,369.9216
NO_VOIP_ISDN_rpt03_scenario_01-0-20200702-14:34:26-11980,1000,0,Exercise7.accessRouter[21].ppp[19].ppp.queue,390,369.9216
NO_VOIP_ISDN_rpt03_scenario_01-0-20200702-14:34:26-11980,1000,0,Exercise7.accessRouter[21].ppp[20].ppp.queue,375,369.9216
NO_VOIP_ISDN_rpt03_scenario_01-0-20200702-14:34:26-11980,1000,0,Exercise7.accessRouter[21].ppp[21].ppp.queue,330,369.9216
NO_VOIP_ISDN_rpt03_scenario_01-0-20200702-14:34:26-11980,1000,0,Exercise7.accessRouter[21].ppp[22].ppp.queue,324,369.9216
NO_VOIP_ISDN_rpt03_scenario_01-0-20200702-14:34:26-11980,1000,0,Exercise7.accessRouter[21].ppp[23].ppp.queue,413,369.9216
NO_VOIP_ISDN_rpt03_scenario_01-0-20200702-14:34:26-11980,1000,0,Exercise7.accessRouter[21].ppp[24].ppp.queue,267,369.9216
NO_VOIP_ISDN_rpt03_scenario_01-0-20200702-14:34:26-11980,1000,0,Exercise7.accessRouter[21].ppp[25].ppp.queue,370,369.9216
NO_VOIP_ISDN_rpt03_scenario_01-0-20200702-14:34:26-11980,1000,0,Exercise7.accessRouter[22].ppp[1].ppp.queue,496,369.9216
NO_VOIP_ISDN_rpt03_scenario_01-0-20200702-14:34:26-11980,1000,0,Exercise7.accessRouter[22].ppp[2].ppp.queue,348,369.9216
NO_VOIP_ISDN_rpt03_scenario_01-0-20200702-14:34:26-11980,1000,0,Exercise7.accessRouter[22].ppp[3].ppp.queue,291,369.9216
NO_VOIP_ISDN_rpt03_scenario_01-0-20200702-14:34:26-11980,1000,0,Exercise7.accessRouter[22].ppp[4].ppp.queue,364,369.9216
NO_VOIP_ISDN_rpt03_scenario_01-0-20200702-14:34:26-11980,1000,0,Exercise7.accessRouter[22].ppp[5].ppp.queue,374,369.9216
NO_VOIP_ISDN_rpt03_scenario_01-0-20200702-14:34:26-11980,1000,0,Exercise7.accessRouter[22].ppp[6].ppp.queue,396,369.9216
NO_VOIP_ISDN_rpt03_scenario_01-0-20200702-14:34:26-11980,1000,0,Exercise7.accessRouter[22].ppp[7].ppp.queue,394,369.9216
NO_VOIP_ISDN_rpt03_scenario_01-0-20200702-14:34:26-11980,1000,0,Exercise7.accessRouter[22].ppp[8].ppp.queue,377,369.9216
NO_VOIP_ISDN_rpt03_scenario_01-0-20200702-14:34:26-11980,1000,0,Exercise7.accessRouter[22].ppp[9].ppp.queue,408,369.9216
NO_VOIP_ISDN_rpt03_scenario_01-0-20200702-14:34:26-11980,1000,0,Exercise7.accessRouter[22].ppp[10].ppp.queue,475,369.9216
NO_VOIP_ISDN_rpt03_scenario_01-0-20200702-14:34:26-11980,1000,0,Exercise7.accessRouter[22].ppp[11].ppp.queue,345,369.9216
NO_VOIP_ISDN_rpt03_scenario_01-0-20200702-14:34:26-11980,1000,0,Exercise7.accessRouter[22].ppp[12].ppp.queue,350,369.9216
NO_VOIP_ISDN_rpt03_scenario_01-0-20200702-14:34:26-11980,1000,0,Exercise7.accessRouter[22].ppp[13].ppp.queue,317,369.9216
NO_VOIP_ISDN_rpt03_scenario_01-0-20200702-14:34:26-11980,1000,0,Exercise7.accessRouter[22].ppp[14].ppp.queue,363,369.9216
NO_VOIP_ISDN_rpt03_scenario_01-0-20200702-14:34:26-11980,1000,0,Exercise7.accessRouter[22].ppp[15].ppp.queue,325,369.9216
NO_VOIP_ISDN_rpt03_scenario_01-0-20200702-14:34:26-11980,1000,0,Exercise7.accessRouter[22].ppp[16].ppp.queue,329,369.9216
NO_VOIP_ISDN_rpt03_scenario_01-0-20200702-14:34:26-11980,1000,0,Exercise7.accessRouter[22].ppp[17].ppp.queue,296,369.9216
NO_VOIP_ISDN_rpt03_scenario_01-0-20200702-14:34:26-11980,1000,0,Exercise7.accessRouter[22].ppp[18].ppp.queue,337,369.9216
NO_VOIP_ISDN_rpt03_scenario_01-0-20200702-14:34:26-11980,1000,0,Exercise7.accessRouter[22].ppp[19].ppp.queue,373,369.9216
NO_VOIP_ISDN_rpt03_scenario_01-0-20200702-14:34:26-11980,1000,0,Exercise7.accessRouter[22].ppp[20].ppp.queue,381,369.9216
NO_VOIP_ISDN_rpt03_scenario_01-0-20200702-14:34:26-11980,1000,0,Exercise7.accessRouter[22].ppp[21].ppp.queue,391,369.9216
NO_VOIP_ISDN_rpt03_scenario_01-0-20200702-14:34:26-11980,1000,0,Exercise7.accessRouter[22].ppp[22].ppp.queue,314,369.9216
NO_VOIP_ISDN_rpt03_scenario_01-0-20200702-14:34:26-11980,1000,0,Exercise7.accessRouter[22].ppp[23].ppp.queue,371,369.9216
NO_VOIP_ISDN_rpt03_scenario_01-0-20200702-14:34:26-11980,1000,0,Exercise7.accessRouter[22].ppp[24].ppp.queue,258,369.9216
NO_VOIP_ISDN_rpt03_scenario_01-0-20200702-14:34:26-11980,1000,0,Exercise7.accessRouter[22].ppp[25].ppp.queue,267,369.9216
NO_VOIP_ISDN_rpt03_scenario_01-0-20200702-14:34:26-11980,1000,0,Exercise7.accessRouter[23].ppp[1].ppp.queue,268,369.9216
NO_VOIP_ISDN_rpt03_scenario_01-0-20200702-14:34:26-11980,1000,0,Exercise7.accessRouter[23].ppp[2].ppp.queue,466,369.9216
NO_VOIP_ISDN_rpt03_scenario_01-0-20200702-14:34:26-11980,1000,0,Exercise7.accessRouter[23].ppp[3].ppp.queue,525,369.9216
NO_VOIP_ISDN_rpt03_scenario_01-0-20200702-14:34:26-11980,1000,0,Exercise7.accessRouter[23].ppp[4].ppp.queue,283,369.9216
NO_VOIP_ISDN_rpt03_scenario_01-0-20200702-14:34:26-11980,1000,0,Exercise7.accessRouter[23].ppp[5].ppp.queue,317,369.9216
NO_VOIP_ISDN_rpt03_scenario_01-0-20200702-14:34:26-11980,1000,0,Exercise7.accessRouter[23].ppp[6].ppp.queue,359,369.9216
NO_VOIP_ISDN_rpt03_scenario_01-0-20200702-14:34:26-11980,1000,0,Exercise7.accessRouter[23].ppp[7].ppp.queue,430,369.9216
NO_VOIP_ISDN_rpt03_scenario_01-0-20200702-14:34:26-11980,1000,0,Exercise7.accessRouter[23].ppp[8].ppp.queue,377,369.9216
NO_VOIP_ISDN_rpt03_scenario_01-0-20200702-14:34:26-11980,1000,0,Exercise7.accessRouter[23].ppp[9].ppp.queue,353,369.9216
NO_VOIP_ISDN_rpt03_scenario_01-0-20200702-14:34:26-11980,1000,0,Exercise7.accessRouter[23].ppp[10].ppp.queue,376,369.9216
NO_VOIP_ISDN_rpt03_scenario_01-0-20200702-14:34:26-11980,1000,0,Exercise7.accessRouter[23].ppp[11].ppp.queue,356,369.9216
NO_VOIP_ISDN_rpt03_scenario_01-0-20200702-14:34:26-11980,1000,0,Exercise7.accessRouter[23].ppp[12].ppp.queue,431,369.9216
NO_VOIP_ISDN_rpt03_scenario_01-0-20200702-14:34:26-11980,1000,0,Exercise7.accessRouter[23].ppp[13].ppp.queue,306,369.9216
NO_VOIP_ISDN_rpt03_scenario_01-0-20200702-14:34:26-11980,1000,0,Exercise7.accessRouter[23].ppp[14].ppp.queue,385,369.9216
NO_VOIP_ISDN_rpt03_scenario_01-0-20200702-14:34:26-11980,1000,0,Exercise7.accessRouter[23].ppp[15].ppp.queue,426,369.9216
NO_VOIP_ISDN_rpt03_scenario_01-0-20200702-14:34:26-11980,1000,0,Exercise7.accessRouter[23].ppp[16].ppp.queue,459,369.9216
NO_VOIP_ISDN_rpt03_scenario_01-0-20200702-14:34:26-11980,1000,0,Exercise7.accessRouter[23].ppp[17].ppp.queue,248,369.9216
NO_VOIP_ISDN_rpt03_scenario_01-0-20200702-14:34:26-11980,1000,0,Exercise7.accessRouter[23].ppp[18].ppp.queue,379,369.9216
NO_VOIP_ISDN_rpt03_scenario_01-0-20200702-14:34:26-11980,1000,0,Exercise7.accessRouter[23].ppp[19].ppp.queue,281,369.9216
NO_VOIP_ISDN_rpt03_scenario_01-0-20200702-14:34:26-11980,1000,0,Exercise7.accessRouter[23].ppp[20].ppp.queue,386,369.9216
NO_VOIP_ISDN_rpt03_scenario_01-0-20200702-14:34:26-11980,1000,0,Exercise7.accessRouter[23].ppp[21].ppp.queue,424,369.9216
NO_VOIP_ISDN_rpt03_scenario_01-0-20200702-14:34:26-11980,1000,0,Exercise7.accessRouter[23].ppp[22].ppp.queue,298,369.9216
NO_VOIP_ISDN_rpt03_scenario_01-0-20200702-14:34:26-11980,1000,0,Exercise7.accessRouter[23].ppp[23].ppp.queue,230,369.9216
NO_VOIP_ISDN_rpt03_scenario_01-0-20200702-14:34:26-11980,1000,0,Exercise7.accessRouter[23].ppp[24].ppp.queue,328,369.9216
NO_VOIP_ISDN_rpt03_scenario_01-0-20200702-14:34:26-11980,1000,0,Exercise7.accessRouter[23].ppp[25].ppp.queue,249,369.9216
NO_VOIP_ISDN_rpt03_scenario_01-0-20200702-14:34:26-11980,1000,0,Exercise7.accessRouter[24].ppp[1].ppp.queue,329,369.9216
NO_VOIP_ISDN_rpt03_scenario_01-0-20200702-14:34:26-11980,1000,0,Exercise7.accessRouter[24].ppp[2].ppp.queue,447,369.9216
NO_VOIP_ISDN_rpt03_scenario_01-0-20200702-14:34:26-11980,1000,0,Exercise7.accessRouter[24].ppp[3].ppp.queue,288,369.9216
NO_VOIP_ISDN_rpt03_scenario_01-0-20200702-14:34:26-11980,1000,0,Exercise7.accessRouter[24].ppp[4].ppp.queue,284,369.9216
NO_VOIP_ISDN_rpt03_scenario_01-0-20200702-14:34:26-11980,1000,0,Exercise7.accessRouter[24].ppp[5].ppp.queue,390,369.9216
NO_VOIP_ISDN_rpt03_scenario_01-0-20200702-14:34:26-11980,1000,0,Exercise7.accessRouter[24].ppp[6].ppp.queue,414,369.9216
NO_VOIP_ISDN_rpt03_scenario_01-0-20200702-14:34:26-11980,1000,0,Exercise7.accessRouter[24].ppp[7].ppp.queue,425,369.9216
NO_VOIP_ISDN_rpt03_scenario_01-0-20200702-14:34:26-11980,1000,0,Exercise7.accessRouter[24].ppp[8].ppp.queue,416,369.9216
NO_VOIP_ISDN_rpt03_scenario_01-0-20200702-14:34:26-11980,1000,0,Exercise7.accessRouter[24].ppp[9].ppp.queue,425,369.9216
NO_VOIP_ISDN_rpt03_scenario_01-0-20200702-14:34:26-11980,1000,0,Exercise7.accessRouter[24].ppp[10].ppp.queue,452,369.9216
NO_VOIP_ISDN_rpt03_scenario_01-0-20200702-14:34:26-11980,1000,0,Exercise7.accessRouter[24].ppp[11].ppp.queue,309,369.9216
NO_VOIP_ISDN_rpt03_scenario_01-0-20200702-14:34:26-11980,1000,0,Exercise7.accessRouter[24].ppp[12].ppp.queue,461,369.9216
NO_VOIP_ISDN_rpt03_scenario_01-0-20200702-14:34:26-11980,1000,0,Exercise7.accessRouter[24].ppp[13].ppp.queue,410,369.9216
NO_VOIP_ISDN_rpt03_scenario_01-0-20200702-14:34:26-11980,1000,0,Exercise7.accessRouter[24].ppp[14].ppp.queue,275,369.9216
NO_VOIP_ISDN_rpt03_scenario_01-0-20200702-14:34:26-11980,1000,0,Exercise7.accessRouter[24].ppp[15].ppp.queue,329,369.9216
NO_VOIP_ISDN_rpt03_scenario_01-0-20200702-14:34:26-11980,1000,0,Exercise7.accessRouter[24].ppp[16].ppp.queue,503,369.9216
NO_VOIP_ISDN_rpt03_scenario_01-0-20200702-14:34:26-11980,1000,0,Exercise7.accessRouter[24].ppp[17].ppp.queue,266,369.9216
NO_VOIP_ISDN_rpt03_scenario_01-0-20200702-14:34:26-11980,1000,0,Exercise7.accessRouter[24].ppp[18].ppp.queue,346,369.9216
NO_VOIP_ISDN_rpt03_scenario_01-0-20200702-14:34:26-11980,1000,0,Exercise7.accessRouter[24].ppp[19].ppp.queue,340,369.9216
NO_VOIP_ISDN_rpt03_scenario_01-0-20200702-14:34:26-11980,1000,0,Exercise7.accessRouter[24].ppp[20].ppp.queue,256,369.9216
NO_VOIP_ISDN_rpt03_scenario_01-0-20200702-14:34:26-11980,1000,0,Exercise7.accessRouter[24].ppp[21].ppp.queue,511,369.9216
NO_VOIP_ISDN_rpt03_scenario_01-0-20200702-14:34:26-11980,1000,0,Exercise7.accessRouter[24].ppp[22].ppp.queue,362,369.9216
NO_VOIP_ISDN_rpt03_scenario_01-0-20200702-14:34:26-11980,1000,0,Exercise7.accessRouter[24].ppp[23].ppp.queue,273,369.9216
NO_VOIP_ISDN_rpt03_scenario_01-0-20200702-14:34:26-11980,1000,0,Exercise7.accessRouter[24].ppp[24].ppp.queue,446,369.9216
NO_VOIP_ISDN_rpt03_scenario_01-0-20200702-14:34:26-11980,1000,0,Exercise7.accessRouter[24].ppp[25].ppp.queue,328,369.9216